config_name,scenario_name,avg_waiting_time_sec,max_waiting_time_sec,passengers_served,passengers_left_behind,avg_occupancy_rate,max_occupancy_rate,avg_train_delay_sec,max_train_delay_sec,delay_propagation_count,failed_trains,operational_cost_index,total_system_cost
3-car / 1.5 min,"OFF-PEAK
(Low, Stable)",7.497883762334662,10.216143326541845,300,200,0.024390243902439025,1.0,0.0,0,0,0,4.2,441.6894188116733
3-car / 1.5 min,"OFF-PEAK
(Low, Stable)",59.319908232724416,64.2393578713306,9,0,0.0007317073170731707,0.03,0.0,0,0,0,4.2,13.097986234908664
3-car / 1.5 min,"OFF-PEAK
(Low, Stable)",27.09802225274975,29.84577456876293,300,200,0.02631578947368421,1.0,0.0,0,0,2,5.0,540.4901112637488
3-car / 1.5 min,"OFF-PEAK
(Low, Stable)",30.314302017834848,33.017511464971236,300,200,0.025,1.0,0.0,0,0,1,4.6000000000000005,556.1715100891743
3-car / 1.5 min,"OFF-PEAK
(Low, Stable)",2.9294140719597386,50.06333838335304,242,0,0.02016666666666667,0.8,0.0,0,0,0,4.2,16.015303423570945
3-car / 1.5 min,"OFF-PEAK
(Low, Stable)",13.218857261064038,16.03416663261175,302,198,0.024552845528455283,1.0,0.0,0,0,0,4.2,466.73491488068896
3-car / 1.5 min,"OFF-PEAK
(Low, Stable)",18.039471423576515,20.78146147442183,300,200,0.025,1.0,0.0,0,0,0,4.2,494.39735711788256
3-car / 1.5 min,"OFF-PEAK
(Low, Stable)",41.96660971343638,46.87333870851354,6,0,0.0005,0.02,0.0,0,0,0,4.2,8.396660971343639
3-car / 1.5 min,"OFF-PEAK
(Low, Stable)",16.235056281948214,22.689084178398222,6,0,0.0004878048780487805,0.02,0.0,0,0,0,4.2,5.823505628194821
3-car / 1.5 min,"OFF-PEAK
(Low, Stable)",3.1946942651830765,72.19972447278806,243,0,0.02025,0.8033333333333333,0.0,0,0,0,4.2,17.13851177399146
3-car / 1.5 min,"OFF-PEAK
(Low, Stable)",17.607313290552998,25.806798287232183,5,0,0.0004065040650406504,0.016666666666666666,0.0,0,0,0,4.2,5.667276107546083
3-car / 1.5 min,"OFF-PEAK
(Low, Stable)",25.834245482605287,28.571453010990904,300,200,0.02564102564102564,1.0,0.0,0,0,1,4.6000000000000005,533.7712274130264
3-car / 1.5 min,"OFF-PEAK
(Low, Stable)",53.45845490121228,56.83533050824105,4,0,0.0003252032520325203,0.013333333333333334,0.0,0,0,0,4.2,7.763896993414152
3-car / 1.5 min,"OFF-PEAK
(Low, Stable)",12.34985332906939,15.024565182433129,300,200,0.024390243902439025,1.0,0.0,0,0,0,4.2,465.94926664534694
3-car / 1.5 min,"OFF-PEAK
(Low, Stable)",16.899465796397305,25.411987579801536,4,0,0.0003252032520325203,0.013333333333333334,0.0,0,0,0,4.2,5.326631053093154
3-car / 1.5 min,"OFF-PEAK
(Low, Stable)",83.92513193541973,89.69432190855193,10,0,0.0008333333333333333,0.03333333333333333,0.0,0,0,1,4.6000000000000005,18.58752198923662
3-car / 1.5 min,"OFF-PEAK
(Low, Stable)",49.71008254754487,54.75455247505974,5,0,0.0004065040650406504,0.016666666666666666,0.0,0,0,0,4.2,8.342506878962073
3-car / 1.5 min,"OFF-PEAK
(Low, Stable)",6.878716055206888,12.093238399401947,302,197,0.025166666666666664,1.0,0.0,0,0,1,4.6000000000000005,433.222870811208
3-car / 1.5 min,"OFF-PEAK
(Low, Stable)",78.39929222796133,83.74692487625654,12,0,0.000975609756097561,0.04,0.0,0,0,0,4.2,19.879858445592266
3-car / 1.5 min,"OFF-PEAK
(Low, Stable)",10.898113729258327,57.07033040247045,302,198,0.024552845528455283,1.0,0.0,0,0,0,4.2,455.05383910393357
3-car / 1.5 min,"OFF-PEAK
(Low, Stable)",61.94795473519158,71.5525308360966,7,0,0.0005833333333333334,0.023333333333333334,0.0,0,0,0,4.2,11.42726138577235
3-car / 1.5 min,"OFF-PEAK
(Low, Stable)",8.598575933381465,81.15237695159732,302,198,0.024552845528455283,1.0,0.0,0,0,0,4.2,443.4794988646867
3-car / 1.5 min,"OFF-PEAK
(Low, Stable)",26.471975489755035,29.28556039230911,300,200,0.025,1.0,0.0,0,0,1,4.6000000000000005,536.9598774487752
3-car / 1.5 min,"OFF-PEAK
(Low, Stable)",20.985487579294748,23.76958179480287,300,198,0.024390243902439025,1.0,0.0,0,0,0,4.2,505.12743789647374
3-car / 1.5 min,"OFF-PEAK
(Low, Stable)",16.340709960358456,25.733238332597452,301,199,0.025083333333333336,1.0,0.0,0,0,0,4.2,484.1758949677983
3-car / 1.5 min,"OFF-PEAK
(Low, Stable)",25.529115237850018,28.37641091737269,300,200,0.025,1.0,0.0,0,0,0,4.2,531.8455761892501
3-car / 1.5 min,"OFF-PEAK
(Low, Stable)",35.869401651389786,39.32373057873902,5,0,0.00041666666666666664,0.016666666666666666,0.0,0,0,0,4.2,7.189116804282483
3-car / 1.5 min,"OFF-PEAK
(Low, Stable)",36.30707344510166,39.132734428353736,300,200,0.024390243902439025,1.0,0.0,0,0,0,4.2,585.7353672255083
3-car / 1.5 min,"OFF-PEAK
(Low, Stable)",4.556111387968117,87.8402773524264,286,0,0.024444444444444446,0.9433333333333334,0.0,0,0,1,4.6000000000000005,26.31746428264802
3-car / 1.5 min,"OFF-PEAK
(Low, Stable)",18.632486239283253,25.357486673777146,14,0,0.0011666666666666668,0.04666666666666667,0.0,0,0,0,4.2,8.547580122499426
3-car / 1.5 min,"OFF-PEAK
(Low, Stable)",76.59078527175988,85.96932682147387,10,0,0.0008333333333333333,0.03333333333333333,0.0,0,0,0,4.2,16.96513087862665
3-car / 1.5 min,"OFF-PEAK
(Low, Stable)",10.96629354949184,13.849390262554877,300,200,0.025,1.0,0.0,0,0,0,4.2,459.0314677474592
3-car / 1.5 min,"OFF-PEAK
(Low, Stable)",29.191473240512938,33.98226915416025,11,0,0.0008943089430894309,0.03666666666666667,0.0,0,0,0,4.2,9.551770094094039
3-car / 1.5 min,"OFF-PEAK
(Low, Stable)",56.3323667040689,66.78947961001174,8,0,0.0006666666666666668,0.02666666666666667,0.0,0,0,0,4.2,11.710982227209186
3-car / 1.5 min,"OFF-PEAK
(Low, Stable)",73.42122466424885,80.33033479811981,6,0,0.0005,0.02,0.0,0,0,1,4.6000000000000005,11.942122466424886
3-car / 1.5 min,"OFF-PEAK
(Low, Stable)",49.9928367806624,56.67733527221577,6,0,0.0004878048780487805,0.02,0.0,0,0,0,4.2,9.19928367806624
3-car / 1.5 min,"OFF-PEAK
(Low, Stable)",36.59906188119748,41.60143836757762,12,0,0.001,0.04,0.0,0,0,0,4.2,11.519812376239496
3-car / 1.5 min,"OFF-PEAK
(Low, Stable)",77.15036476444405,83.21948512913683,7,0,0.0005691056910569106,0.023333333333333334,0.0,0,0,0,4.2,13.200875889185141
3-car / 1.5 min,"OFF-PEAK
(Low, Stable)",70.43069592204141,78.30263379393591,9,0,0.0007692307692307692,0.03,0.0,0,0,1,4.6000000000000005,15.164604388306213
3-car / 1.5 min,"OFF-PEAK
(Low, Stable)",98.44012457891154,103.97786066849058,6,0,0.0005128205128205128,0.02,0.0,0,0,1,4.6000000000000005,14.444012457891155
3-car / 1.5 min,"OFF-PEAK
(Low, Stable)",5.487816789275731,55.91429771285926,304,196,0.025333333333333336,1.0,0.0,0,0,0,4.2,424.004938398997
3-car / 1.5 min,"OFF-PEAK
(Low, Stable)",21.508543332711106,24.31418831005497,301,199,0.025083333333333336,1.0,0.0,0,0,0,4.2,510.1011923857674
3-car / 1.5 min,"OFF-PEAK
(Low, Stable)",67.07881619627048,74.82249188931314,4,0,0.0003252032520325203,0.013333333333333334,0.0,0,0,0,4.2,8.671921079751366
3-car / 1.5 min,"OFF-PEAK
(Low, Stable)",25.157352416577435,29.352984208726852,12,0,0.001,0.04,0.0,0,0,1,4.6000000000000005,9.631470483315487
3-car / 1.5 min,"OFF-PEAK
(Low, Stable)",206.56046071964033,213.18835306434764,6,0,0.0005128205128205128,0.02,0.0,0,0,1,4.6000000000000005,25.256046071964036
3-car / 1.5 min,"OFF-PEAK
(Low, Stable)",4.970477702436006,22.32996980907285,301,199,0.025083333333333336,1.0,0.0,0,0,0,4.2,427.13522980722064
3-car / 1.5 min,"OFF-PEAK
(Low, Stable)",15.519491204350839,42.39327605757663,302,198,0.024552845528455283,1.0,0.0,0,0,0,4.2,478.3147723952326
3-car / 1.5 min,"OFF-PEAK
(Low, Stable)",22.33682481720407,25.13512784357672,300,200,0.024390243902439025,1.0,0.0,0,0,0,4.2,515.8841240860204
3-car / 1.5 min,"OFF-PEAK
(Low, Stable)",7.684788926435276,10.451291432002556,300,196,0.025,1.0,0.0,0,0,1,4.6000000000000005,435.0239446321764
3-car / 1.5 min,"OFF-PEAK
(Low, Stable)",35.193252043672125,38.01096591983076,300,200,0.02564102564102564,1.0,0.0,0,0,1,4.6000000000000005,580.5662602183606
3-car / 1.5 min,"OFF-PEAK
(Low, Stable)",9.90642821760384,12.674296333886554,301,199,0.025083333333333336,1.0,0.0,0,0,0,4.2,451.89724822497925
3-car / 1.5 min,"OFF-PEAK
(Low, Stable)",29.641095498096348,32.314238983464975,300,200,0.02631578947368421,1.0,0.0,0,0,2,5.0,553.2054774904817
3-car / 1.5 min,"OFF-PEAK
(Low, Stable)",11.677049813804265,44.808907365103224,302,198,0.025166666666666664,1.0,0.0,0,0,0,4.2,458.9744840628148
3-car / 1.5 min,"OFF-PEAK
(Low, Stable)",27.598900532543777,30.231277855410426,300,200,0.025,1.0,0.0,0,0,1,4.6000000000000005,542.5945026627189
3-car / 1.5 min,"OFF-PEAK
(Low, Stable)",34.82505565694258,37.62367725562608,300,200,0.025,1.0,0.0,0,0,0,4.2,578.3252782847129
3-car / 1.5 min,"OFF-PEAK
(Low, Stable)",4.5265056040725495,125.91553874919352,243,0,0.020249999999999997,0.7966666666666666,0.0,0,0,0,4.2,22.532347696493822
3-car / 1.5 min,"OFF-PEAK
(Low, Stable)",27.849342271520015,32.45799752003946,10,0,0.0008547008547008547,0.03333333333333333,0.0,0,0,1,4.6000000000000005,9.241557045253337
3-car / 1.5 min,"OFF-PEAK
(Low, Stable)",24.495419554475934,32.726717378736566,9,0,0.00075,0.03,0.0,0,0,0,4.2,7.874312933171391
3-car / 1.5 min,"OFF-PEAK
(Low, Stable)",56.063343261942336,59.03514720863558,8,0,0.0007207207207207207,0.02666666666666667,0.0,0,0,3,5.4,12.875112434925645
3-car / 1.5 min,"OFF-PEAK
(Low, Stable)",100.33389058000908,106.18960363034961,9,0,0.00075,0.03,0.0,0,0,0,4.2,19.250083587001363
3-car / 1.5 min,"OFF-PEAK
(Low, Stable)",22.187065314670267,24.890037615923127,300,200,0.02564102564102564,1.0,0.0,0,0,1,4.6000000000000005,515.5353265733513
3-car / 1.5 min,"OFF-PEAK
(Low, Stable)",2.611811712644955,27.452761501101435,222,0,0.0185,0.7333333333333333,0.0,0,0,1,4.6000000000000005,14.263703336786335
3-car / 1.5 min,"OFF-PEAK
(Low, Stable)",4.788705786620336,59.50728867143266,306,194,0.024878048780487806,1.0,0.0,0,0,0,4.2,416.6223995117637
3-car / 1.5 min,"OFF-PEAK
(Low, Stable)",4.5792267071809665,73.78386653858979,264,0,0.021463414634146343,0.8566666666666667,0.0,0,0,0,4.2,24.348597511596253
3-car / 1.5 min,"OFF-PEAK
(Low, Stable)",27.66944322672413,30.47741360578408,300,200,0.025,1.0,0.0,0,0,0,4.2,542.5472161336206
3-car / 1.5 min,"OFF-PEAK
(Low, Stable)",50.339315392467306,57.1572248201461,15,0,0.00125,0.05,0.0,0,0,0,4.2,16.784828848116828
3-car / 1.5 min,"OFF-PEAK
(Low, Stable)",20.90887065516292,23.663560990484605,300,200,0.024390243902439025,1.0,0.0,0,0,0,4.2,508.7443532758146
3-car / 1.5 min,"OFF-PEAK
(Low, Stable)",101.12329690157492,109.56587501412164,12,0,0.001,0.04,0.0,0,0,0,4.2,24.42465938031498
3-car / 1.5 min,"OFF-PEAK
(Low, Stable)",24.70756373906731,27.42225959501812,300,200,0.025,1.0,0.0,0,0,1,4.6000000000000005,528.1378186953366
3-car / 1.5 min,"OFF-PEAK
(Low, Stable)",52.14647103222567,55.408079201118994,9,0,0.0007692307692307692,0.03,0.0,0,0,1,4.6000000000000005,12.421970654833851
3-car / 1.5 min,"OFF-PEAK
(Low, Stable)",40.07699684871721,49.33213008427808,3,0,0.0002564102564102564,0.01,0.0,0,0,1,4.6000000000000005,6.603849842435861
3-car / 1.5 min,"OFF-PEAK
(Low, Stable)",22.26892359913005,25.016202320524908,301,199,0.024471544715447158,1.0,0.0,0,0,0,4.2,513.9157667223025
3-car / 1.5 min,"OFF-PEAK
(Low, Stable)",55.575277627913884,70.1753796147203,3,0,0.00025,0.01,0.0,0,0,0,4.2,6.978763881395695
3-car / 1.5 min,"OFF-PEAK
(Low, Stable)",32.8122562788436,35.64270668361454,300,200,0.02564102564102564,1.0,0.0,0,0,1,4.6000000000000005,568.661281394218
3-car / 1.5 min,"OFF-PEAK
(Low, Stable)",57.29613976304589,59.69747909453625,6,0,0.0005,0.02,0.0,0,0,0,4.2,9.92961397630459
3-car / 1.5 min,"OFF-PEAK
(Low, Stable)",25.2642845697637,27.55727353088983,14,0,0.0011965811965811966,0.04666666666666667,0.0,0,0,1,4.6000000000000005,10.494999732944864
3-car / 1.5 min,"OFF-PEAK
(Low, Stable)",1.9127663411400306,28.90229140672193,97,0,0.008508771929824561,0.30666666666666664,0.0,0,0,1,4.6000000000000005,7.69230558484305
3-car / 1.5 min,"OFF-PEAK
(Low, Stable)",45.973947315860904,48.63288762506598,300,200,0.02564102564102564,1.0,0.0,0,0,1,4.6000000000000005,634.4697365793045
3-car / 1.5 min,"OFF-PEAK
(Low, Stable)",29.006163256235826,32.21132952287215,300,200,0.025,1.0,0.0,0,0,0,4.2,549.2308162811792
3-car / 1.5 min,"OFF-PEAK
(Low, Stable)",22.123571405505857,25.178587704105453,301,199,0.02572649572649573,1.0,0.0,0,0,1,4.6000000000000005,513.5865832176211
3-car / 1.5 min,"OFF-PEAK
(Low, Stable)",30.368844726707398,36.82730198572011,7,0,0.0005833333333333334,0.023333333333333334,0.0,0,0,0,4.2,7.74303188478253
3-car / 1.5 min,"OFF-PEAK
(Low, Stable)",84.78662539430984,89.25338316066802,2,0,0.00016260162601626016,0.006666666666666667,0.0,0,0,0,4.2,7.026220846476995
3-car / 1.5 min,"OFF-PEAK
(Low, Stable)",26.91535114475644,28.86171518875831,11,0,0.0009166666666666666,0.03666666666666667,0.0,0,0,1,4.6000000000000005,9.534481043205348
3-car / 1.5 min,"OFF-PEAK
(Low, Stable)",105.84416473072724,115.21411462707162,5,0,0.0004065040650406504,0.016666666666666666,0.0,0,0,0,4.2,13.020347060893936
3-car / 1.5 min,"OFF-PEAK
(Low, Stable)",38.015683855407524,41.03405007868713,7,0,0.0005691056910569106,0.023333333333333334,0.0,0,0,0,4.2,8.635163116464211
3-car / 1.5 min,"OFF-PEAK
(Low, Stable)",30.078274298410975,33.02504354314149,300,200,0.025,1.0,0.0,0,0,1,4.6000000000000005,554.9913714920549
3-car / 1.5 min,"OFF-PEAK
(Low, Stable)",34.52173826720229,37.375808162760286,300,200,0.024390243902439025,1.0,0.0,0,0,0,4.2,576.8086913360114
3-car / 1.5 min,"OFF-PEAK
(Low, Stable)",4.844433442636078,48.111568395809584,305,195,0.025416666666666664,1.0,0.0,0,0,1,4.6000000000000005,419.2258700000667
3-car / 1.5 min,"OFF-PEAK
(Low, Stable)",25.084451388078023,27.868207413173934,300,200,0.024390243902439025,1.0,0.0,0,0,0,4.2,529.6222569403901
3-car / 1.5 min,"OFF-PEAK
(Low, Stable)",8.830837697033033,29.74825052531797,301,199,0.025083333333333336,1.0,0.0,0,0,1,4.6000000000000005,446.90136911344905
3-car / 1.5 min,"OFF-PEAK
(Low, Stable)",21.14021620343585,24.778247144658685,9,0,0.0007692307692307692,0.03,0.0,0,0,2,5.0,8.171032430515377
3-car / 1.5 min,"OFF-PEAK
(Low, Stable)",75.01801247929222,86.28004276164921,9,0,0.00075,0.03,0.0,0,0,1,4.6000000000000005,15.852701871893835
3-car / 1.5 min,"OFF-PEAK
(Low, Stable)",54.6428984704018,60.01835984330303,3,0,0.00025,0.01,0.0,0,0,0,4.2,6.93214492352009
3-car / 1.5 min,"OFF-PEAK
(Low, Stable)",27.340672962519722,30.042658447909844,300,200,0.024390243902439025,1.0,0.0,0,0,0,4.2,540.9033648125986
3-car / 1.5 min,"OFF-PEAK
(Low, Stable)",65.44628631436574,71.85271661856659,8,0,0.0006666666666666668,0.02666666666666667,0.0,0,0,1,4.6000000000000005,13.3261715085821
3-car / 1.5 min,"OFF-PEAK
(Low, Stable)",25.497394143208247,32.04909998749581,11,0,0.0008943089430894309,0.03666666666666667,0.0,0,0,0,4.2,8.87452225958818
3-car / 1.5 min,"OFF-PEAK
(Low, Stable)",4.209124376624046,63.929941303531784,288,0,0.024,0.9566666666666667,0.0,0,0,0,4.2,24.40379700779542
3-car / 1.5 min,"OFF-PEAK
(Low, Stable)",38.342518769780945,42.87979614812447,6,0,0.0004878048780487805,0.02,0.0,0,0,0,4.2,8.034251876978095
3-car / 1.5 min,"OFF-PEAK
(Low, Stable)",55.68848122086903,59.81322162078659,6,0,0.0004878048780487805,0.02,0.0,0,0,0,4.2,9.768848122086904
3-car / 1.5 min,"OFF-PEAK
(Low, Stable)",22.11841056419058,25.053124792148548,300,200,0.02564102564102564,1.0,0.0,0,0,1,4.6000000000000005,515.1920528209529
3-car / 1.5 min,"NORMAL
(Moderate, Typical)",134.3324163275183,135.0237676528944,300,1700,0.02564102564102564,1.0,0.0,0,0,1,4.6000000000000005,4076.2620816375916
3-car / 1.5 min,"NORMAL
(Moderate, Typical)",26.82133521381309,27.484479313352956,300,1700,0.02564102564102564,1.0,0.0,0,0,2,5.0,3539.1066760690655
3-car / 1.5 min,"NORMAL
(Moderate, Typical)",0.0,0.0,0,0,0.0,0.0,0.0,0,0,0,4.2,4.2
3-car / 1.5 min,"NORMAL
(Moderate, Typical)",32.595284564949395,33.26701449481496,300,1700,0.02564102564102564,1.0,0.0,0,0,1,4.6000000000000005,3567.576422824747
3-car / 1.5 min,"NORMAL
(Moderate, Typical)",4.678112163214332,5.425211819352669,300,1700,0.02564102564102564,1.0,0.0,0,0,2,5.0,3428.3905608160717
3-car / 1.5 min,"NORMAL
(Moderate, Typical)",39.81523690138668,40.565621915343606,300,1700,0.025,1.0,0.0,0,0,0,4.2,3603.2761845069335
3-car / 1.5 min,"NORMAL
(Moderate, Typical)",75.9478616616033,76.65615995152304,300,1700,0.02631578947368421,1.0,0.0,0,0,2,5.0,3784.7393083080165
3-car / 1.5 min,"NORMAL
(Moderate, Typical)",0.5781588646859023,1.2875444598338133,300,1700,0.024390243902439025,1.0,0.0,0,0,0,4.2,3407.0907943234297
3-car / 1.5 min,"NORMAL
(Moderate, Typical)",0.0,0.0,0,0,0.0,0.0,0.0,0,0,0,4.2,4.2
3-car / 1.5 min,"NORMAL
(Moderate, Typical)",0.0,0.0,0,0,0.0,0.0,0.0,0,0,0,4.2,4.2
3-car / 1.5 min,"NORMAL
(Moderate, Typical)",0.0,0.0,0,0,0.0,0.0,0.0,0,0,0,4.2,4.2
3-car / 1.5 min,"NORMAL
(Moderate, Typical)",0.0,0.0,0,0,0.0,0.0,0.0,0,0,2,5.0,5.0
3-car / 1.5 min,"NORMAL
(Moderate, Typical)",0.0,0.0,0,0,0.0,0.0,0.0,0,0,1,4.6000000000000005,4.6000000000000005
3-car / 1.5 min,"NORMAL
(Moderate, Typical)",1.3133453411770077,2.027462777597572,300,1700,0.025,1.0,0.0,0,0,0,4.2,3410.766726705885
3-car / 1.5 min,"NORMAL
(Moderate, Typical)",0.0,0.0,0,0,0.0,0.0,0.0,0,0,2,5.0,5.0
3-car / 1.5 min,"NORMAL
(Moderate, Typical)",0.0,0.0,0,0,0.0,0.0,0.0,0,0,1,4.6000000000000005,4.6000000000000005
3-car / 1.5 min,"NORMAL
(Moderate, Typical)",0.0,0.0,0,0,0.0,0.0,0.0,0,0,0,4.2,4.2
3-car / 1.5 min,"NORMAL
(Moderate, Typical)",0.0,0.0,0,0,0.0,0.0,0.0,0,0,2,5.0,5.0
3-car / 1.5 min,"NORMAL
(Moderate, Typical)",0.0,0.0,0,0,0.0,0.0,0.0,0,0,0,4.2,4.2
3-car / 1.5 min,"NORMAL
(Moderate, Typical)",2.3936574275424616,3.1886628025711956,300,1700,0.02564102564102564,1.0,0.0,0,0,1,4.6000000000000005,3416.568287137712
3-car / 1.5 min,"NORMAL
(Moderate, Typical)",0.0,0.0,0,0,0.0,0.0,0.0,0,0,0,4.2,4.2
3-car / 1.5 min,"NORMAL
(Moderate, Typical)",109.65356142190697,110.39300601117242,300,1700,0.02702702702702703,1.0,0.0,0,0,3,5.4,3953.667807109535
3-car / 1.5 min,"NORMAL
(Moderate, Typical)",0.0,0.0,0,0,0.0,0.0,0.0,0,0,0,4.2,4.2
3-car / 1.5 min,"NORMAL
(Moderate, Typical)",0.0,0.0,0,0,0.0,0.0,0.0,0,0,0,4.2,4.2
3-car / 1.5 min,"NORMAL
(Moderate, Typical)",14.497849194990637,15.20190323159961,300,1700,0.02564102564102564,1.0,0.0,0,0,1,4.6000000000000005,3477.089245974953
3-car / 1.5 min,"NORMAL
(Moderate, Typical)",33.37832655227142,34.043137033493245,300,1700,0.02564102564102564,1.0,0.0,0,0,1,4.6000000000000005,3571.491632761357
3-car / 1.5 min,"NORMAL
(Moderate, Typical)",0.0,0.0,0,0,0.0,0.0,0.0,0,0,0,4.2,4.2
3-car / 1.5 min,"NORMAL
(Moderate, Typical)",38.10467621122139,38.836061686813245,300,1700,0.025,1.0,0.0,0,0,1,4.6000000000000005,3595.123381056107
3-car / 1.5 min,"NORMAL
(Moderate, Typical)",0.0,0.0,0,0,0.0,0.0,0.0,0,0,2,5.0,5.0
3-car / 1.5 min,"NORMAL
(Moderate, Typical)",0.0,0.0,0,0,0.0,0.0,0.0,0,0,0,4.2,4.2
3-car / 1.5 min,"NORMAL
(Moderate, Typical)",17.56877480349286,18.26278855264324,300,1700,0.02564102564102564,1.0,0.0,0,0,2,5.0,3492.8438740174643
3-car / 1.5 min,"NORMAL
(Moderate, Typical)",0.0,0.0,0,0,0.0,0.0,0.0,0,0,0,4.2,4.2
3-car / 1.5 min,"NORMAL
(Moderate, Typical)",0.0,0.0,0,0,0.0,0.0,0.0,0,0,2,5.0,5.0
3-car / 1.5 min,"NORMAL
(Moderate, Typical)",0.0,0.0,0,0,0.0,0.0,0.0,0,0,1,4.6000000000000005,4.6000000000000005
3-car / 1.5 min,"NORMAL
(Moderate, Typical)",12.72471010383693,13.425316724084228,300,1700,0.024390243902439025,1.0,0.0,0,0,0,4.2,3467.8235505191847
3-car / 1.5 min,"NORMAL
(Moderate, Typical)",16.6280398720519,17.366172432222722,300,1700,0.025,1.0,0.0,0,0,0,4.2,3487.3401993602597
3-car / 1.5 min,"NORMAL
(Moderate, Typical)",30.592387811729907,31.244190502445576,300,1700,0.025,1.0,0.0,0,0,0,4.2,3557.1619390586493
3-car / 1.5 min,"NORMAL
(Moderate, Typical)",43.34715288388084,44.067634073954515,300,1700,0.024390243902439025,1.0,0.0,0,0,0,4.2,3620.935764419404
3-car / 1.5 min,"NORMAL
(Moderate, Typical)",0.0,0.0,0,0,0.0,0.0,0.0,0,0,1,4.6000000000000005,4.6000000000000005
3-car / 1.5 min,"NORMAL
(Moderate, Typical)",0.0,0.0,0,0,0.0,0.0,0.0,0,0,1,4.6000000000000005,4.6000000000000005
3-car / 1.5 min,"NORMAL
(Moderate, Typical)",25.82214228644054,26.45955303815656,300,1700,0.025,1.0,0.0,0,0,0,4.2,3533.310711432203
3-car / 1.5 min,"NORMAL
(Moderate, Typical)",0.0,0.0,0,0,0.0,0.0,0.0,0,0,1,4.6000000000000005,4.6000000000000005
3-car / 1.5 min,"NORMAL
(Moderate, Typical)",0.0,0.0,0,0,0.0,0.0,0.0,0,0,1,4.6000000000000005,4.6000000000000005
3-car / 1.5 min,"NORMAL
(Moderate, Typical)",5.64803141706881,6.376198453147054,300,1700,0.025,1.0,0.0,0,0,0,4.2,3432.4401570853443
3-car / 1.5 min,"NORMAL
(Moderate, Typical)",0.0,0.0,0,0,0.0,0.0,0.0,0,0,1,4.6000000000000005,4.6000000000000005
3-car / 1.5 min,"NORMAL
(Moderate, Typical)",0.0,0.0,0,0,0.0,0.0,0.0,0,0,0,4.2,4.2
3-car / 1.5 min,"NORMAL
(Moderate, Typical)",0.2864381589217752,0.7840722543912582,130,0,0.010833333333333334,0.43333333333333335,0.0,0,0,0,4.2,4.820616010997179
3-car / 1.5 min,"NORMAL
(Moderate, Typical)",35.74567943055638,36.47926397867815,300,1700,0.02564102564102564,1.0,0.0,0,0,1,4.6000000000000005,3583.3283971527817
3-car / 1.5 min,"NORMAL
(Moderate, Typical)",0.0,0.0,0,0,0.0,0.0,0.0,0,0,0,4.2,4.2
3-car / 1.5 min,"NORMAL
(Moderate, Typical)",0.0,0.0,0,0,0.0,0.0,0.0,0,0,1,4.6000000000000005,4.6000000000000005
3-car / 1.5 min,"NORMAL
(Moderate, Typical)",21.738680556336448,22.44259671455828,300,1700,0.024390243902439025,1.0,0.0,0,0,0,4.2,3512.893402781682
3-car / 1.5 min,"NORMAL
(Moderate, Typical)",0.0,0.0,0,0,0.0,0.0,0.0,0,0,0,4.2,4.2
3-car / 1.5 min,"NORMAL
(Moderate, Typical)",0.0,0.0,0,0,0.0,0.0,0.0,0,0,0,4.2,4.2
3-car / 1.5 min,"NORMAL
(Moderate, Typical)",32.12989425260488,32.81227017102157,300,1700,0.025,1.0,0.0,0,0,0,4.2,3564.8494712630245
3-car / 1.5 min,"NORMAL
(Moderate, Typical)",0.0,0.0,0,0,0.0,0.0,0.0,0,0,1,4.6000000000000005,4.6000000000000005
3-car / 1.5 min,"NORMAL
(Moderate, Typical)",0.0,0.0,0,0,0.0,0.0,0.0,0,0,1,4.6000000000000005,4.6000000000000005
3-car / 1.5 min,"NORMAL
(Moderate, Typical)",0.0,0.0,0,0,0.0,0.0,0.0,0,0,0,4.2,4.2
3-car / 1.5 min,"NORMAL
(Moderate, Typical)",0.0,0.0,0,0,0.0,0.0,0.0,0,0,0,4.2,4.2
3-car / 1.5 min,"NORMAL
(Moderate, Typical)",17.577225942770816,18.246647343295454,300,1700,0.025,1.0,0.0,0,0,0,4.2,3492.086129713854
3-car / 1.5 min,"NORMAL
(Moderate, Typical)",22.33201236791617,23.101607920814146,300,1700,0.025,1.0,0.0,0,0,1,4.6000000000000005,3516.260061839581
3-car / 1.5 min,"NORMAL
(Moderate, Typical)",0.0,0.0,0,0,0.0,0.0,0.0,0,0,1,4.6000000000000005,4.6000000000000005
3-car / 1.5 min,"NORMAL
(Moderate, Typical)",22.59207665860993,23.328319345808094,300,1700,0.02564102564102564,1.0,0.0,0,0,1,4.6000000000000005,3517.5603832930497
3-car / 1.5 min,"NORMAL
(Moderate, Typical)",26.917423997417096,27.669650283343675,300,1700,0.02564102564102564,1.0,0.0,0,0,2,5.0,3539.5871199870853
3-car / 1.5 min,"NORMAL
(Moderate, Typical)",7.245874533683395,7.914549689607628,300,1700,0.025,1.0,0.0,0,0,0,4.2,3440.429372668417
3-car / 1.5 min,"NORMAL
(Moderate, Typical)",24.200163294085016,24.992481705081026,300,1700,0.024390243902439025,1.0,0.0,0,0,0,4.2,3525.2008164704253
3-car / 1.5 min,"NORMAL
(Moderate, Typical)",22.60823856636892,23.374516010435023,300,1700,0.025,1.0,0.0,0,0,1,4.6000000000000005,3517.641192831845
3-car / 1.5 min,"NORMAL
(Moderate, Typical)",0.0,0.0,0,0,0.0,0.0,0.0,0,0,1,4.6000000000000005,4.6000000000000005
3-car / 1.5 min,"NORMAL
(Moderate, Typical)",0.0,0.0,0,0,0.0,0.0,0.0,0,0,0,4.2,4.2
3-car / 1.5 min,"NORMAL
(Moderate, Typical)",0.0,0.0,0,0,0.0,0.0,0.0,0,0,1,4.6000000000000005,4.6000000000000005
3-car / 1.5 min,"NORMAL
(Moderate, Typical)",0.0,0.0,0,0,0.0,0.0,0.0,0,0,2,5.0,5.0
3-car / 1.5 min,"NORMAL
(Moderate, Typical)",0.0,0.0,0,0,0.0,0.0,0.0,0,0,0,4.2,4.2
3-car / 1.5 min,"NORMAL
(Moderate, Typical)",16.518134232613473,17.29320634006342,300,1700,0.02564102564102564,1.0,0.0,0,0,2,5.0,3487.5906711630673
3-car / 1.5 min,"NORMAL
(Moderate, Typical)",0.0,0.0,0,0,0.0,0.0,0.0,0,0,1,4.6000000000000005,4.6000000000000005
3-car / 1.5 min,"NORMAL
(Moderate, Typical)",0.0,0.0,0,0,0.0,0.0,0.0,0,0,1,4.6000000000000005,4.6000000000000005
3-car / 1.5 min,"NORMAL
(Moderate, Typical)",0.0,0.0,0,0,0.0,0.0,0.0,0,0,3,5.4,5.4
3-car / 1.5 min,"NORMAL
(Moderate, Typical)",0.0,0.0,0,0,0.0,0.0,0.0,0,0,2,5.0,5.0
3-car / 1.5 min,"NORMAL
(Moderate, Typical)",17.167525714263483,17.877467286215687,300,1700,0.024390243902439025,1.0,0.0,0,0,0,4.2,3490.0376285713173
3-car / 1.5 min,"NORMAL
(Moderate, Typical)",24.188744745252965,24.904377841225777,300,1700,0.02564102564102564,1.0,0.0,0,0,1,4.6000000000000005,3525.543723726265
3-car / 1.5 min,"NORMAL
(Moderate, Typical)",19.735060050334177,20.42494927603067,300,1700,0.02631578947368421,1.0,0.0,0,0,2,5.0,3503.6753002516707
3-car / 1.5 min,"NORMAL
(Moderate, Typical)",3.1885610641143893,3.9303568290407966,300,1700,0.025,1.0,0.0,0,0,1,4.6000000000000005,3420.542805320572
3-car / 1.5 min,"NORMAL
(Moderate, Typical)",36.50795073432307,37.271808689612904,300,1700,0.025,1.0,0.0,0,0,1,4.6000000000000005,3587.1397536716154
3-car / 1.5 min,"NORMAL
(Moderate, Typical)",0.17420981279993455,0.47927440723483883,67,0,0.005583333333333333,0.22333333333333333,0.0,0,0,0,4.2,4.394534290959927
3-car / 1.5 min,"NORMAL
(Moderate, Typical)",0.0,0.0,0,0,0.0,0.0,0.0,0,0,0,4.2,4.2
3-car / 1.5 min,"NORMAL
(Moderate, Typical)",4.292813350298133,5.0742710215571725,300,1700,0.024390243902439025,1.0,0.0,0,0,0,4.2,3425.6640667514907
3-car / 1.5 min,"NORMAL
(Moderate, Typical)",48.43804046290116,49.138878832007585,300,1700,0.02564102564102564,1.0,0.0,0,0,1,4.6000000000000005,3646.7902023145057
3-car / 1.5 min,"NORMAL
(Moderate, Typical)",9.49837408805389,10.216053373249537,300,1700,0.025,1.0,0.0,0,0,1,4.6000000000000005,3452.0918704402693
3-car / 1.5 min,"NORMAL
(Moderate, Typical)",6.433257974148739,7.068057759242667,300,1700,0.02564102564102564,1.0,0.0,0,0,1,4.6000000000000005,3436.7662898707435
3-car / 1.5 min,"NORMAL
(Moderate, Typical)",23.691584544290517,24.426151717539177,300,1700,0.02631578947368421,1.0,0.0,0,0,2,5.0,3523.4579227214526
3-car / 1.5 min,"NORMAL
(Moderate, Typical)",0.0,0.0,0,0,0.0,0.0,0.0,0,0,0,4.2,4.2
3-car / 1.5 min,"NORMAL
(Moderate, Typical)",20.112147584120365,20.808190165621504,300,1700,0.024390243902439025,1.0,0.0,0,0,0,4.2,3504.760737920602
3-car / 1.5 min,"NORMAL
(Moderate, Typical)",0.0,0.0,0,0,0.0,0.0,0.0,0,0,3,5.4,5.4
3-car / 1.5 min,"NORMAL
(Moderate, Typical)",0.0,0.0,0,0,0.0,0.0,0.0,0,0,0,4.2,4.2
3-car / 1.5 min,"NORMAL
(Moderate, Typical)",0.0,0.0,0,0,0.0,0.0,0.0,0,0,0,4.2,4.2
3-car / 1.5 min,"NORMAL
(Moderate, Typical)",0.0,0.0,0,0,0.0,0.0,0.0,0,0,3,5.4,5.4
3-car / 1.5 min,"NORMAL
(Moderate, Typical)",32.060817746511084,32.73153064397177,300,1700,0.02631578947368421,1.0,0.0,0,0,2,5.0,3565.3040887325556
3-car / 1.5 min,"NORMAL
(Moderate, Typical)",16.29411480244238,16.977559484631303,300,1700,0.02564102564102564,1.0,0.0,0,0,1,4.6000000000000005,3486.070574012212
3-car / 1.5 min,"NORMAL
(Moderate, Typical)",0.0,0.0,0,0,0.0,0.0,0.0,0,0,1,4.6000000000000005,4.6000000000000005
3-car / 1.5 min,"NORMAL
(Moderate, Typical)",37.980364957627536,38.69433480995059,300,1700,0.024390243902439025,1.0,0.0,0,0,0,4.2,3594.1018247881375
3-car / 1.5 min,"NORMAL
(Moderate, Typical)",2.840860200759599,3.5786134212830083,300,1700,0.025,1.0,0.0,0,0,0,4.2,3418.404301003798
3-car / 1.5 min,"NORMAL
(Moderate, Typical)",0.0,0.0,0,0,0.0,0.0,0.0,0,0,0,4.2,4.2
3-car / 1.5 min,"PEAK
(High, Busy)",0.0,0.0,0,0,0.0,0.0,0.0,0,0,0,4.2,4.2
3-car / 1.5 min,"PEAK
(High, Busy)",0.0,0.0,0,0,0.0,0.0,0.0,0,0,1,4.6000000000000005,4.6000000000000005
3-car / 1.5 min,"PEAK
(High, Busy)",88.7368353947957,88.98062644706921,300,3700,0.02631578947368421,1.0,0.0,0,0,2,5.0,7848.6841769739785
3-car / 1.5 min,"PEAK
(High, Busy)",0.0,0.0,0,0,0.0,0.0,0.0,0,0,1,4.6000000000000005,4.6000000000000005
3-car / 1.5 min,"PEAK
(High, Busy)",37.52415758314063,37.73743286802332,300,3700,0.02631578947368421,1.0,0.0,0,0,2,5.0,7592.620787915703
3-car / 1.5 min,"PEAK
(High, Busy)",0.0,0.0,0,0,0.0,0.0,0.0,0,0,0,4.2,4.2
3-car / 1.5 min,"PEAK
(High, Busy)",62.38841654034812,62.61823122640097,300,3700,0.025,1.0,0.0,0,0,1,4.6000000000000005,7716.542082701741
3-car / 1.5 min,"PEAK
(High, Busy)",0.0,0.0,0,0,0.0,0.0,0.0,0,0,2,5.0,5.0
3-car / 1.5 min,"PEAK
(High, Busy)",0.0,0.0,0,0,0.0,0.0,0.0,0,0,3,5.4,5.4
3-car / 1.5 min,"PEAK
(High, Busy)",56.760916031075176,56.99849357119235,300,3700,0.024390243902439025,1.0,0.0,0,0,0,4.2,7688.004580155376
3-car / 1.5 min,"PEAK
(High, Busy)",0.0,0.0,0,0,0.0,0.0,0.0,0,0,0,4.2,4.2
3-car / 1.5 min,"PEAK
(High, Busy)",37.92670739649936,38.16520980862782,300,3700,0.024390243902439025,1.0,0.0,0,0,0,4.2,7593.833536982497
3-car / 1.5 min,"PEAK
(High, Busy)",16.475217416296278,16.723816692315552,300,3700,0.025,1.0,0.0,0,0,0,4.2,7486.576087081481
3-car / 1.5 min,"PEAK
(High, Busy)",18.783321928936395,19.014054385706775,300,3700,0.024390243902439025,1.0,0.0,0,0,0,4.2,7498.116609644682
3-car / 1.5 min,"PEAK
(High, Busy)",0.0,0.0,0,0,0.0,0.0,0.0,0,0,1,4.6000000000000005,4.6000000000000005
3-car / 1.5 min,"PEAK
(High, Busy)",0.0,0.0,0,0,0.0,0.0,0.0,0,0,2,5.0,5.0
3-car / 1.5 min,"PEAK
(High, Busy)",14.282581707672731,14.51252815812067,300,3700,0.024390243902439025,1.0,0.0,0,0,0,4.2,7475.612908538364
3-car / 1.5 min,"PEAK
(High, Busy)",17.323358196762772,17.557720435496506,300,3700,0.027777777777777776,1.0,0.0,0,0,4,5.800000000000001,7492.416790983814
3-car / 1.5 min,"PEAK
(High, Busy)",0.0,0.0,0,0,0.0,0.0,0.0,0,0,0,4.2,4.2
3-car / 1.5 min,"PEAK
(High, Busy)",0.0,0.0,0,0,0.0,0.0,0.0,0,0,1,4.6000000000000005,4.6000000000000005
3-car / 1.5 min,"PEAK
(High, Busy)",0.0,0.0,0,0,0.0,0.0,0.0,0,0,0,4.2,4.2
3-car / 1.5 min,"PEAK
(High, Busy)",7.225593034026333,7.479098601995553,300,3700,0.025,1.0,0.0,0,0,1,4.6000000000000005,7440.727965170132
3-car / 1.5 min,"PEAK
(High, Busy)",20.966336507893477,21.208279716973927,300,3700,0.02564102564102564,1.0,0.0,0,0,2,5.0,7509.831682539468
3-car / 1.5 min,"PEAK
(High, Busy)",0.0,0.0,0,0,0.0,0.0,0.0,0,0,0,4.2,4.2
3-car / 1.5 min,"PEAK
(High, Busy)",0.0,0.0,0,0,0.0,0.0,0.0,0,0,2,5.0,5.0
3-car / 1.5 min,"PEAK
(High, Busy)",133.13410290478063,133.4002812990216,300,3700,0.025,1.0,0.0,0,0,1,4.6000000000000005,8070.270514523903
3-car / 1.5 min,"PEAK
(High, Busy)",0.0,0.0,0,0,0.0,0.0,0.0,0,0,2,5.0,5.0
3-car / 1.5 min,"PEAK
(High, Busy)",22.41041582074797,22.65064143282886,300,3700,0.02564102564102564,1.0,0.0,0,0,2,5.0,7517.05207910374
3-car / 1.5 min,"PEAK
(High, Busy)",0.0,0.0,0,0,0.0,0.0,0.0,0,0,2,5.0,5.0
3-car / 1.5 min,"PEAK
(High, Busy)",35.816901578512585,36.06680521494492,300,3700,0.025,1.0,0.0,0,0,2,5.0,7584.084507892563
3-car / 1.5 min,"PEAK
(High, Busy)",0.0,0.0,0,0,0.0,0.0,0.0,0,0,0,4.2,4.2
3-car / 1.5 min,"PEAK
(High, Busy)",23.028481318016553,23.26391030448357,300,3700,0.024390243902439025,1.0,0.0,0,0,0,4.2,7519.342406590083
3-car / 1.5 min,"PEAK
(High, Busy)",24.518133027079674,24.734404002442115,300,3700,0.024390243902439025,1.0,0.0,0,0,0,4.2,7526.790665135399
3-car / 1.5 min,"PEAK
(High, Busy)",0.0,0.0,0,0,0.0,0.0,0.0,0,0,2,5.0,5.0
3-car / 1.5 min,"PEAK
(High, Busy)",0.0,0.0,0,0,0.0,0.0,0.0,0,0,0,4.2,4.2
3-car / 1.5 min,"PEAK
(High, Busy)",31.555868483210883,31.786628607430448,300,3700,0.025,1.0,0.0,0,0,0,4.2,7561.979342416054
3-car / 1.5 min,"PEAK
(High, Busy)",24.646097147168856,24.875765099910456,300,3700,0.02564102564102564,1.0,0.0,0,0,1,4.6000000000000005,7527.830485735844
3-car / 1.5 min,"PEAK
(High, Busy)",0.0,0.0,0,0,0.0,0.0,0.0,0,0,0,4.2,4.2
3-car / 1.5 min,"PEAK
(High, Busy)",0.0,0.0,0,0,0.0,0.0,0.0,0,0,0,4.2,4.2
3-car / 1.5 min,"PEAK
(High, Busy)",2.980927944166826,3.228802975155237,300,3700,0.02631578947368421,1.0,0.0,0,0,3,5.4,7420.3046397208345
3-car / 1.5 min,"PEAK
(High, Busy)",2.2704023281037395,2.49056195273243,300,3700,0.025,1.0,0.0,0,0,1,4.6000000000000005,7415.952011640518
3-car / 1.5 min,"PEAK
(High, Busy)",13.86368854107495,14.094241982929184,300,3700,0.024390243902439025,1.0,0.0,0,0,0,4.2,7473.518442705375
3-car / 1.5 min,"PEAK
(High, Busy)",0.0,0.0,0,0,0.0,0.0,0.0,0,0,2,5.0,5.0
3-car / 1.5 min,"PEAK
(High, Busy)",11.977028971806517,12.203835253972644,300,3700,0.024390243902439025,1.0,0.0,0,0,0,4.2,7464.085144859033
3-car / 1.5 min,"PEAK
(High, Busy)",0.0,0.0,0,0,0.0,0.0,0.0,0,0,3,5.4,5.4
3-car / 1.5 min,"PEAK
(High, Busy)",17.046470406550288,17.27363596239028,300,3700,0.025,1.0,0.0,0,0,0,4.2,7489.432352032752
3-car / 1.5 min,"PEAK
(High, Busy)",118.20982667808275,118.44469428038754,300,3700,0.025,1.0,0.0,0,0,1,4.6000000000000005,7995.649133390414
3-car / 1.5 min,"PEAK
(High, Busy)",0.0,0.0,0,0,0.0,0.0,0.0,0,0,1,4.6000000000000005,4.6000000000000005
3-car / 1.5 min,"PEAK
(High, Busy)",50.21827222826461,50.462312700630626,300,3700,0.02564102564102564,1.0,0.0,0,0,1,4.6000000000000005,7655.691361141323
3-car / 1.5 min,"PEAK
(High, Busy)",35.13716890997191,35.37292865937049,300,3700,0.02564102564102564,1.0,0.0,0,0,1,4.6000000000000005,7580.28584454986
3-car / 1.5 min,"PEAK
(High, Busy)",25.008539827510926,25.236597188452695,300,3700,0.025,1.0,0.0,0,0,0,4.2,7529.242699137554
3-car / 1.5 min,"PEAK
(High, Busy)",0.0,0.0,0,0,0.0,0.0,0.0,0,0,1,4.6000000000000005,4.6000000000000005
3-car / 1.5 min,"PEAK
(High, Busy)",18.175247087445324,18.419652590211665,300,3700,0.02564102564102564,1.0,0.0,0,0,1,4.6000000000000005,7495.476235437227
3-car / 1.5 min,"PEAK
(High, Busy)",55.90845472350826,56.15691913238371,300,3700,0.025,1.0,0.0,0,0,0,4.2,7683.742273617541
3-car / 1.5 min,"PEAK
(High, Busy)",0.0,0.0,0,0,0.0,0.0,0.0,0,0,1,4.6000000000000005,4.6000000000000005
3-car / 1.5 min,"PEAK
(High, Busy)",20.186218699620987,20.432819724574397,300,3700,0.02631578947368421,1.0,0.0,0,0,3,5.4,7506.331093498105
3-car / 1.5 min,"PEAK
(High, Busy)",17.73790973135229,17.97047683056629,300,3700,0.025,1.0,0.0,0,0,1,4.6000000000000005,7493.289548656761
3-car / 1.5 min,"PEAK
(High, Busy)",0.0,0.0,0,0,0.0,0.0,0.0,0,0,1,4.6000000000000005,4.6000000000000005
3-car / 1.5 min,"PEAK
(High, Busy)",94.69052770568169,94.92848312023179,300,3700,0.02631578947368421,1.0,0.0,0,0,2,5.0,7878.452638528409
3-car / 1.5 min,"PEAK
(High, Busy)",9.273789636305532,9.51685313130916,300,3700,0.025,1.0,0.0,0,0,0,4.2,7450.568948181528
3-car / 1.5 min,"PEAK
(High, Busy)",0.0,0.0,0,0,0.0,0.0,0.0,0,0,1,4.6000000000000005,4.6000000000000005
3-car / 1.5 min,"PEAK
(High, Busy)",0.0,0.0,0,0,0.0,0.0,0.0,0,0,0,4.2,4.2
3-car / 1.5 min,"PEAK
(High, Busy)",46.85625137425396,47.09770884774159,300,3700,0.02564102564102564,1.0,0.0,0,0,3,5.4,7639.681256871269
3-car / 1.5 min,"PEAK
(High, Busy)",19.239141742573047,19.492881540241505,300,3700,0.025,1.0,0.0,0,0,1,4.6000000000000005,7500.795708712865
3-car / 1.5 min,"PEAK
(High, Busy)",25.438785449519926,25.679129036156525,300,3700,0.025,1.0,0.0,0,0,1,4.6000000000000005,7531.7939272476
3-car / 1.5 min,"PEAK
(High, Busy)",2.104296338600815,2.323566849514274,300,3700,0.024390243902439025,1.0,0.0,0,0,0,4.2,7414.721481693004
3-car / 1.5 min,"PEAK
(High, Busy)",0.0,0.0,0,0,0.0,0.0,0.0,0,0,2,5.0,5.0
3-car / 1.5 min,"PEAK
(High, Busy)",0.0,0.0,0,0,0.0,0.0,0.0,0,0,1,4.6000000000000005,4.6000000000000005
3-car / 1.5 min,"PEAK
(High, Busy)",44.68884734388856,44.90825021546147,300,3700,0.02564102564102564,1.0,0.0,0,0,2,5.0,7628.444236719442
3-car / 1.5 min,"PEAK
(High, Busy)",0.0,0.0,0,0,0.0,0.0,0.0,0,0,0,4.2,4.2
3-car / 1.5 min,"PEAK
(High, Busy)",0.0,0.0,0,0,0.0,0.0,0.0,0,0,1,4.6000000000000005,4.6000000000000005
3-car / 1.5 min,"PEAK
(High, Busy)",0.0,0.0,0,0,0.0,0.0,0.0,0,0,1,4.6000000000000005,4.6000000000000005
3-car / 1.5 min,"PEAK
(High, Busy)",0.0,0.0,0,0,0.0,0.0,0.0,0,0,0,4.2,4.2
3-car / 1.5 min,"PEAK
(High, Busy)",2.2762176367618836,2.5006994697310856,300,3700,0.025,1.0,0.0,0,0,0,4.2,7415.58108818381
3-car / 1.5 min,"PEAK
(High, Busy)",0.0,0.0,0,0,0.0,0.0,0.0,0,0,0,4.2,4.2
3-car / 1.5 min,"PEAK
(High, Busy)",0.0,0.0,0,0,0.0,0.0,0.0,0,0,1,4.6000000000000005,4.6000000000000005
3-car / 1.5 min,"PEAK
(High, Busy)",0.0,0.0,0,0,0.0,0.0,0.0,0,0,0,4.2,4.2
3-car / 1.5 min,"PEAK
(High, Busy)",104.14004699651775,104.3896636137582,300,3700,0.027777777777777776,1.0,0.0,0,0,4,5.800000000000001,7926.500234982589
3-car / 1.5 min,"PEAK
(High, Busy)",0.0,0.0,0,0,0.0,0.0,0.0,0,0,0,4.2,4.2
3-car / 1.5 min,"PEAK
(High, Busy)",18.94622756138732,19.199107236462325,300,3700,0.025,1.0,0.0,0,0,0,4.2,7498.931137806937
3-car / 1.5 min,"PEAK
(High, Busy)",0.0,0.0,0,0,0.0,0.0,0.0,0,0,0,4.2,4.2
3-car / 1.5 min,"PEAK
(High, Busy)",0.0,0.0,0,0,0.0,0.0,0.0,0,0,0,4.2,4.2
3-car / 1.5 min,"PEAK
(High, Busy)",0.0,0.0,0,0,0.0,0.0,0.0,0,0,1,4.6000000000000005,4.6000000000000005
3-car / 1.5 min,"PEAK
(High, Busy)",0.0,0.0,0,0,0.0,0.0,0.0,0,0,5,6.2,6.2
3-car / 1.5 min,"PEAK
(High, Busy)",5.196375592196301,5.438297551810082,300,3700,0.02564102564102564,1.0,0.0,0,0,1,4.6000000000000005,7430.581877960982
3-car / 1.5 min,"PEAK
(High, Busy)",55.93076426091694,56.156240984292204,300,3700,0.025,1.0,0.0,0,0,0,4.2,7683.853821304585
3-car / 1.5 min,"PEAK
(High, Busy)",47.294161097223785,47.52943646199251,300,3700,0.02564102564102564,1.0,0.0,0,0,2,5.0,7641.4708054861185
3-car / 1.5 min,"PEAK
(High, Busy)",0.0,0.0,0,0,0.0,0.0,0.0,0,0,1,4.6000000000000005,4.6000000000000005
3-car / 1.5 min,"PEAK
(High, Busy)",0.0,0.0,0,0,0.0,0.0,0.0,0,0,0,4.2,4.2
3-car / 1.5 min,"PEAK
(High, Busy)",0.0,0.0,0,0,0.0,0.0,0.0,0,0,1,4.6000000000000005,4.6000000000000005
3-car / 1.5 min,"PEAK
(High, Busy)",0.0,0.0,0,0,0.0,0.0,0.0,0,0,1,4.6000000000000005,4.6000000000000005
3-car / 1.5 min,"PEAK
(High, Busy)",0.0,0.0,0,0,0.0,0.0,0.0,0,0,1,4.6000000000000005,4.6000000000000005
3-car / 1.5 min,"PEAK
(High, Busy)",0.0,0.0,0,0,0.0,0.0,0.0,0,0,0,4.2,4.2
3-car / 1.5 min,"PEAK
(High, Busy)",0.0,0.0,0,0,0.0,0.0,0.0,0,0,1,4.6000000000000005,4.6000000000000005
3-car / 1.5 min,"PEAK
(High, Busy)",17.829572577519524,18.07079383505436,300,3700,0.025,1.0,0.0,0,0,1,4.6000000000000005,7493.747862887598
3-car / 1.5 min,"PEAK
(High, Busy)",62.723217530001456,62.95828636029011,300,3700,0.02702702702702703,1.0,0.0,0,0,3,5.4,7719.016087650008
3-car / 1.5 min,"PEAK
(High, Busy)",28.067289774569605,28.292925848595765,300,3700,0.025,1.0,0.0,0,0,1,4.6000000000000005,7544.936448872848
3-car / 1.5 min,"PEAK
(High, Busy)",0.0,0.0,0,0,0.0,0.0,0.0,0,0,0,4.2,4.2
3-car / 1.5 min,"PEAK
(High, Busy)",11.661390075047771,11.92908530264772,300,3700,0.024390243902439025,1.0,0.0,0,0,0,4.2,7462.506950375239
3-car / 1.5 min,"PEAK
(High, Busy)",0.0,0.0,0,0,0.0,0.0,0.0,0,0,2,5.0,5.0
3-car / 1.5 min,"SURGE
(Very High)",29.377797520258657,29.51102389039728,300,5700,0.02564102564102564,1.0,0.0,0,0,1,4.6000000000000005,11551.488987601293
3-car / 1.5 min,"SURGE
(Very High)",0.0,0.0,0,0,0.0,0.0,0.0,0,0,2,5.0,5.0
3-car / 1.5 min,"SURGE
(Very High)",0.0,0.0,0,0,0.0,0.0,0.0,0,0,2,5.0,5.0
3-car / 1.5 min,"SURGE
(Very High)",0.0,0.0,0,0,0.0,0.0,0.0,0,0,1,4.6000000000000005,4.6000000000000005
3-car / 1.5 min,"SURGE
(Very High)",0.0,0.0,0,0,0.0,0.0,0.0,0,0,2,5.0,5.0
3-car / 1.5 min,"SURGE
(Very High)",12.508529742309994,12.634979473812022,300,5700,0.02702702702702703,1.0,0.0,0,0,4,5.800000000000001,11468.34264871155
3-car / 1.5 min,"SURGE
(Very High)",15.99069247952073,16.104327838299195,300,5700,0.025,1.0,0.0,0,0,0,4.2,11484.153462397604
3-car / 1.5 min,"SURGE
(Very High)",0.0,0.0,0,0,0.0,0.0,0.0,0,0,1,4.6000000000000005,4.6000000000000005
3-car / 1.5 min,"SURGE
(Very High)",60.04861213985863,60.16176065369142,300,5700,0.025,1.0,0.0,0,0,1,4.6000000000000005,11704.843060699293
3-car / 1.5 min,"SURGE
(Very High)",9.389353618465716,9.521675706507025,300,5700,0.02631578947368421,1.0,0.0,0,0,3,5.4,11452.346768092328
3-car / 1.5 min,"SURGE
(Very High)",57.81094614853003,57.93628255808018,300,5700,0.025,1.0,0.0,0,0,1,4.6000000000000005,11693.65473074265
3-car / 1.5 min,"SURGE
(Very High)",19.57955049627583,19.717140862231343,300,5700,0.024390243902439025,1.0,0.0,0,0,0,4.2,11502.097752481379
3-car / 1.5 min,"SURGE
(Very High)",0.0,0.0,0,0,0.0,0.0,0.0,0,0,2,5.0,5.0
3-car / 1.5 min,"SURGE
(Very High)",4.1115531428763035,4.250588654581537,300,5700,0.025,1.0,0.0,0,0,0,4.2,11424.757765714381
3-car / 1.5 min,"SURGE
(Very High)",0.0,0.0,0,0,0.0,0.0,0.0,0,0,2,5.0,5.0
3-car / 1.5 min,"SURGE
(Very High)",10.616968001481661,10.747118812250052,300,5700,0.025,1.0,0.0,0,0,1,4.6000000000000005,11457.684840007409
3-car / 1.5 min,"SURGE
(Very High)",29.723851268425097,29.850853408440308,300,5700,0.024390243902439025,1.0,0.0,0,0,0,4.2,11552.819256342125
3-car / 1.5 min,"SURGE
(Very High)",0.0,0.0,0,0,0.0,0.0,0.0,0,0,3,5.4,5.4
3-car / 1.5 min,"SURGE
(Very High)",14.705204246998976,14.848005357490658,300,5700,0.025,1.0,0.0,0,0,1,4.6000000000000005,11478.126021234995
3-car / 1.5 min,"SURGE
(Very High)",0.0,0.0,0,0,0.0,0.0,0.0,0,0,0,4.2,4.2
3-car / 1.5 min,"SURGE
(Very High)",11.852428523029197,11.97718613038918,300,5700,0.02564102564102564,1.0,0.0,0,0,2,5.0,11464.262142615145
3-car / 1.5 min,"SURGE
(Very High)",9.063749264287075,9.177261901335111,300,5700,0.02564102564102564,1.0,0.0,0,0,1,4.6000000000000005,11449.918746321435
3-car / 1.5 min,"SURGE
(Very High)",11.03600861461245,11.158707036936432,300,5700,0.024390243902439025,1.0,0.0,0,0,0,4.2,11459.380043073063
3-car / 1.5 min,"SURGE
(Very High)",0.0,0.0,0,0,0.0,0.0,0.0,0,0,3,5.4,5.4
3-car / 1.5 min,"SURGE
(Very High)",0.0,0.0,0,0,0.0,0.0,0.0,0,0,1,4.6000000000000005,4.6000000000000005
3-car / 1.5 min,"SURGE
(Very High)",0.0,0.0,0,0,0.0,0.0,0.0,0,0,0,4.2,4.2
3-car / 1.5 min,"SURGE
(Very High)",112.3860120757188,112.51785652314908,300,5700,0.02564102564102564,1.0,0.0,0,0,1,4.6000000000000005,11966.530060378594
3-car / 1.5 min,"SURGE
(Very High)",13.546733399065385,13.673895894784264,300,5700,0.02702702702702703,1.0,0.0,0,0,3,5.4,11473.133666995327
3-car / 1.5 min,"SURGE
(Very High)",0.0,0.0,0,0,0.0,0.0,0.0,0,0,2,5.0,5.0
3-car / 1.5 min,"SURGE
(Very High)",8.530515484049056,8.660991326558628,300,5700,0.024390243902439025,1.0,0.0,0,0,0,4.2,11446.852577420244
3-car / 1.5 min,"SURGE
(Very High)",0.0,0.0,0,0,0.0,0.0,0.0,0,0,0,4.2,4.2
3-car / 1.5 min,"SURGE
(Very High)",0.0,0.0,0,0,0.0,0.0,0.0,0,0,1,4.6000000000000005,4.6000000000000005
3-car / 1.5 min,"SURGE
(Very High)",0.0,0.0,0,0,0.0,0.0,0.0,0,0,2,5.0,5.0
3-car / 1.5 min,"SURGE
(Very High)",0.0,0.0,0,0,0.0,0.0,0.0,0,0,1,4.6000000000000005,4.6000000000000005
3-car / 1.5 min,"SURGE
(Very High)",0.0,0.0,0,0,0.0,0.0,0.0,0,0,1,4.6000000000000005,4.6000000000000005
3-car / 1.5 min,"SURGE
(Very High)",5.859733284572136,5.979077577991391,300,5700,0.02631578947368421,1.0,0.0,0,0,2,5.0,11434.298666422861
3-car / 1.5 min,"SURGE
(Very High)",4.462428373882343,4.600950327628689,300,5700,0.02564102564102564,1.0,0.0,0,0,2,5.0,11427.312141869412
3-car / 1.5 min,"SURGE
(Very High)",0.0,0.0,0,0,0.0,0.0,0.0,0,0,3,5.4,5.4
3-car / 1.5 min,"SURGE
(Very High)",0.0,0.0,0,0,0.0,0.0,0.0,0,0,0,4.2,4.2
3-car / 1.5 min,"SURGE
(Very High)",38.082309316692374,38.22184961434108,300,5700,0.02564102564102564,1.0,0.0,0,0,2,5.0,11595.411546583462
3-car / 1.5 min,"SURGE
(Very High)",83.47844568015928,83.60772759564125,300,5700,0.02631578947368421,1.0,0.0,0,0,2,5.0,11822.392228400797
3-car / 1.5 min,"SURGE
(Very High)",0.0,0.0,0,0,0.0,0.0,0.0,0,0,0,4.2,4.2
3-car / 1.5 min,"SURGE
(Very High)",0.0,0.0,0,0,0.0,0.0,0.0,0,0,2,5.0,5.0
3-car / 1.5 min,"SURGE
(Very High)",0.0,0.0,0,0,0.0,0.0,0.0,0,0,2,5.0,5.0
3-car / 1.5 min,"SURGE
(Very High)",0.0,0.0,0,0,0.0,0.0,0.0,0,0,1,4.6000000000000005,4.6000000000000005
3-car / 1.5 min,"SURGE
(Very High)",0.0,0.0,0,0,0.0,0.0,0.0,0,0,1,4.6000000000000005,4.6000000000000005
3-car / 1.5 min,"SURGE
(Very High)",52.75633527757283,52.88688603745951,300,5700,0.02564102564102564,1.0,0.0,0,0,2,5.0,11668.781676387864
3-car / 1.5 min,"SURGE
(Very High)",43.080230091844754,43.214424391371836,300,5700,0.02631578947368421,1.0,0.0,0,0,2,5.0,11620.401150459224
3-car / 1.5 min,"SURGE
(Very High)",13.603249643685158,13.740067668698094,300,5700,0.025,1.0,0.0,0,0,1,4.6000000000000005,11472.616248218426
3-car / 1.5 min,"SURGE
(Very High)",8.684140363424612,8.821810677661702,300,5700,0.02564102564102564,1.0,0.0,0,0,1,4.6000000000000005,11448.020701817122
3-car / 1.5 min,"SURGE
(Very High)",0.0,0.0,0,0,0.0,0.0,0.0,0,0,0,4.2,4.2
3-car / 1.5 min,"SURGE
(Very High)",0.0,0.0,0,0,0.0,0.0,0.0,0,0,1,4.6000000000000005,4.6000000000000005
3-car / 1.5 min,"SURGE
(Very High)",16.811324386696125,16.938637762561694,300,5700,0.02631578947368421,1.0,0.0,0,0,3,5.4,11489.456621933481
3-car / 1.5 min,"SURGE
(Very High)",1.2065814139300297,1.3292242084663175,300,5700,0.02631578947368421,1.0,0.0,0,0,2,5.0,11411.03290706965
3-car / 1.5 min,"SURGE
(Very High)",23.633486911169946,23.75449519705093,300,5700,0.025,1.0,0.0,0,0,1,4.6000000000000005,11522.76743455585
3-car / 1.5 min,"SURGE
(Very High)",0.0,0.0,0,0,0.0,0.0,0.0,0,0,1,4.6000000000000005,4.6000000000000005
3-car / 1.5 min,"SURGE
(Very High)",0.0,0.0,0,0,0.0,0.0,0.0,0,0,1,4.6000000000000005,4.6000000000000005
3-car / 1.5 min,"SURGE
(Very High)",3.3683391096649524,3.481066141198772,300,5700,0.025,1.0,0.0,0,0,1,4.6000000000000005,11421.441695548325
3-car / 1.5 min,"SURGE
(Very High)",50.02930148617076,50.159103719639866,300,5700,0.02564102564102564,1.0,0.0,0,0,2,5.0,11655.146507430854
3-car / 1.5 min,"SURGE
(Very High)",35.93914709888464,36.067939742574836,300,5700,0.025,1.0,0.0,0,0,0,4.2,11583.895735494423
3-car / 1.5 min,"SURGE
(Very High)",44.54534876945643,44.6748041248555,300,5700,0.02631578947368421,1.0,0.0,0,0,2,5.0,11627.726743847283
3-car / 1.5 min,"SURGE
(Very High)",0.0,0.0,0,0,0.0,0.0,0.0,0,0,0,4.2,4.2
3-car / 1.5 min,"SURGE
(Very High)",25.81193036236268,25.942858120176,300,5700,0.02564102564102564,1.0,0.0,0,0,1,4.6000000000000005,11533.659651811813
3-car / 1.5 min,"SURGE
(Very High)",26.466785973925397,26.57935920898226,300,5700,0.02564102564102564,1.0,0.0,0,0,1,4.6000000000000005,11536.933929869627
3-car / 1.5 min,"SURGE
(Very High)",0.0,0.0,0,0,0.0,0.0,0.0,0,0,1,4.6000000000000005,4.6000000000000005
3-car / 1.5 min,"SURGE
(Very High)",0.0,0.0,0,0,0.0,0.0,0.0,0,0,2,5.0,5.0
3-car / 1.5 min,"SURGE
(Very High)",0.0,0.0,0,0,0.0,0.0,0.0,0,0,1,4.6000000000000005,4.6000000000000005
3-car / 1.5 min,"SURGE
(Very High)",17.80961820464522,17.935366574760852,300,5700,0.024390243902439025,1.0,0.0,0,0,0,4.2,11493.248091023226
3-car / 1.5 min,"SURGE
(Very High)",3.2027406826847207,3.3409788634059927,300,5700,0.024390243902439025,1.0,0.0,0,0,0,4.2,11420.213703413423
3-car / 1.5 min,"SURGE
(Very High)",0.0,0.0,0,0,0.0,0.0,0.0,0,0,2,5.0,5.0
3-car / 1.5 min,"SURGE
(Very High)",0.0,0.0,0,0,0.0,0.0,0.0,0,0,0,4.2,4.2
3-car / 1.5 min,"SURGE
(Very High)",6.334039068052963,6.464589035479582,300,5700,0.024390243902439025,1.0,0.0,0,0,0,4.2,11435.870195340265
3-car / 1.5 min,"SURGE
(Very High)",8.58934012555653,8.724670495320632,300,5700,0.02564102564102564,1.0,0.0,0,0,2,5.0,11447.946700627783
3-car / 1.5 min,"SURGE
(Very High)",0.0,0.0,0,0,0.0,0.0,0.0,0,0,3,5.4,5.4
3-car / 1.5 min,"SURGE
(Very High)",0.0,0.0,0,0,0.0,0.0,0.0,0,0,1,4.6000000000000005,4.6000000000000005
3-car / 1.5 min,"SURGE
(Very High)",0.0,0.0,0,0,0.0,0.0,0.0,0,0,1,4.6000000000000005,4.6000000000000005
3-car / 1.5 min,"SURGE
(Very High)",9.938497573441973,10.063316267769352,300,5700,0.02564102564102564,1.0,0.0,0,0,2,5.0,11454.69248786721
3-car / 1.5 min,"SURGE
(Very High)",47.915153610057,48.02542656916903,300,5700,0.02631578947368421,1.0,0.0,0,0,2,5.0,11644.575768050285
3-car / 1.5 min,"SURGE
(Very High)",43.49011144858305,43.622053806267324,300,5700,0.025,1.0,0.0,0,0,1,4.6000000000000005,11622.050557242916
3-car / 1.5 min,"SURGE
(Very High)",15.971451011743966,16.09161125959669,300,5700,0.025,1.0,0.0,0,0,0,4.2,11484.05725505872
3-car / 1.5 min,"SURGE
(Very High)",14.701147965428065,14.823364123331414,300,5700,0.025,1.0,0.0,0,0,0,4.2,11477.70573982714
3-car / 1.5 min,"SURGE
(Very High)",0.0,0.0,0,0,0.0,0.0,0.0,0,0,3,5.4,5.4
3-car / 1.5 min,"SURGE
(Very High)",34.24207373736191,34.36991356309049,300,5700,0.024390243902439025,1.0,0.0,0,0,0,4.2,11575.41036868681
3-car / 1.5 min,"SURGE
(Very High)",0.0,0.0,0,0,0.0,0.0,0.0,0,0,1,4.6000000000000005,4.6000000000000005
3-car / 1.5 min,"SURGE
(Very High)",1.569399535780598,1.7032408788316389,300,5700,0.025,1.0,0.0,0,0,0,4.2,11412.046997678903
3-car / 1.5 min,"SURGE
(Very High)",0.0,0.0,0,0,0.0,0.0,0.0,0,0,1,4.6000000000000005,4.6000000000000005
3-car / 1.5 min,"SURGE
(Very High)",0.0,0.0,0,0,0.0,0.0,0.0,0,0,2,5.0,5.0
3-car / 1.5 min,"SURGE
(Very High)",36.30741200709667,36.43941050165766,300,5700,0.02564102564102564,1.0,0.0,0,0,1,4.6000000000000005,11586.137060035484
3-car / 1.5 min,"SURGE
(Very High)",29.56366921462552,29.694031915050964,300,5700,0.027777777777777776,1.0,0.0,0,0,5,6.2,11554.018346073128
3-car / 1.5 min,"SURGE
(Very High)",3.352998336002664,3.485960122705833,300,5700,0.02564102564102564,1.0,0.0,0,0,2,5.0,11421.764991680013
3-car / 1.5 min,"SURGE
(Very High)",0.0,0.0,0,0,0.0,0.0,0.0,0,0,0,4.2,4.2
3-car / 1.5 min,"SURGE
(Very High)",0.0,0.0,0,0,0.0,0.0,0.0,0,0,1,4.6000000000000005,4.6000000000000005
3-car / 1.5 min,"SURGE
(Very High)",0.0,0.0,0,0,0.0,0.0,0.0,0,0,1,4.6000000000000005,4.6000000000000005
3-car / 1.5 min,"SURGE
(Very High)",32.52444831930343,32.65687960360475,300,5700,0.024390243902439025,1.0,0.0,0,0,0,4.2,11566.822241596517
3-car / 1.5 min,"SURGE
(Very High)",0.0,0.0,0,0,0.0,0.0,0.0,0,0,1,4.6000000000000005,4.6000000000000005
3-car / 1.5 min,"SURGE
(Very High)",89.21270605267691,89.34160074647532,300,5700,0.02564102564102564,1.0,0.0,0,0,1,4.6000000000000005,11850.663530263384
3-car / 1.5 min,"SURGE
(Very High)",0.0,0.0,0,0,0.0,0.0,0.0,0,0,1,4.6000000000000005,4.6000000000000005
3-car / 1.5 min,"SURGE
(Very High)",33.62673058580916,33.74474947171274,300,5700,0.025,1.0,0.0,0,0,0,4.2,11572.333652929046
3-car / 1.5 min,"SURGE
(Very High)",15.557945118401006,15.68027038584593,300,5700,0.02564102564102564,1.0,0.0,0,0,1,4.6000000000000005,11482.389725592006
3-car / 1.5 min,"SURGE
(Very High)",0.0,0.0,0,0,0.0,0.0,0.0,0,0,2,5.0,5.0
3-car / 1.5 min,"DISRUPTION
(Delays + Surge)",0.0,0.0,0,0,0.0,0.0,0.0,0,0,0,4.2,4.2
3-car / 1.5 min,"DISRUPTION
(Delays + Surge)",0.0,0.0,0,0,0.0,0.0,0.0,0,0,0,4.2,4.2
3-car / 1.5 min,"DISRUPTION
(Delays + Surge)",9.368369976950886,9.538890199982218,300,4700,0.024390243902439025,1.0,0.0,0,0,0,4.2,9451.041849884754
3-car / 1.5 min,"DISRUPTION
(Delays + Surge)",24.78647090249727,24.972239078312754,300,4700,0.02702702702702703,1.0,0.0,0,0,4,5.800000000000001,9529.732354512485
3-car / 1.5 min,"DISRUPTION
(Delays + Surge)",0.0,0.0,0,0,0.0,0.0,0.0,0,0,1,4.6000000000000005,4.6000000000000005
3-car / 1.5 min,"DISRUPTION
(Delays + Surge)",0.0,0.0,0,0,0.0,0.0,0.0,0,0,4,5.800000000000001,5.800000000000001
3-car / 1.5 min,"DISRUPTION
(Delays + Surge)",0.0,0.0,0,0,0.0,0.0,0.0,0,0,3,5.4,5.4
3-car / 1.5 min,"DISRUPTION
(Delays + Surge)",0.0,0.0,0,0,0.0,0.0,0.0,0,0,2,5.0,5.0
3-car / 1.5 min,"DISRUPTION
(Delays + Surge)",0.0,0.0,0,0,0.0,0.0,0.0,0,0,3,5.4,5.4
3-car / 1.5 min,"DISRUPTION
(Delays + Surge)",0.0,0.0,0,0,0.0,0.0,0.0,0,0,2,5.0,5.0
3-car / 1.5 min,"DISRUPTION
(Delays + Surge)",177.9583332930359,178.13030343658787,300,4700,0.02702702702702703,1.0,0.0,0,0,3,5.4,10295.19166646518
3-car / 1.5 min,"DISRUPTION
(Delays + Surge)",0.0,0.0,0,0,0.0,0.0,0.0,0,0,2,5.0,5.0
3-car / 1.5 min,"DISRUPTION
(Delays + Surge)",0.0,0.0,0,0,0.0,0.0,0.0,0,0,1,4.6000000000000005,4.6000000000000005
3-car / 1.5 min,"DISRUPTION
(Delays + Surge)",24.247390436454644,24.427939998302225,300,4700,0.02564102564102564,1.0,0.0,0,0,2,5.0,9526.236952182273
3-car / 1.5 min,"DISRUPTION
(Delays + Surge)",12.830910588841943,12.98929581810624,300,4700,0.02564102564102564,1.0,0.0,0,0,2,5.0,9469.15455294421
3-car / 1.5 min,"DISRUPTION
(Delays + Surge)",0.6705462821406346,0.8515654790455954,300,4700,0.02702702702702703,1.0,0.0,0,0,4,5.800000000000001,9409.152731410702
3-car / 1.5 min,"DISRUPTION
(Delays + Surge)",0.0,0.0,0,0,0.0,0.0,0.0,0,0,1,4.6000000000000005,4.6000000000000005
3-car / 1.5 min,"DISRUPTION
(Delays + Surge)",0.0,0.0,0,0,0.0,0.0,0.0,0,0,1,4.6000000000000005,4.6000000000000005
3-car / 1.5 min,"DISRUPTION
(Delays + Surge)",0.0,0.0,0,0,0.0,0.0,0.0,0,0,1,4.6000000000000005,4.6000000000000005
3-car / 1.5 min,"DISRUPTION
(Delays + Surge)",38.98600300723495,39.16084098231445,300,4700,0.02564102564102564,1.0,0.0,0,0,2,5.0,9599.930015036174
3-car / 1.5 min,"DISRUPTION
(Delays + Surge)",8.42371878358304,8.596903932203173,300,4700,0.02631578947368421,1.0,0.0,0,0,2,5.0,9447.118593917916
3-car / 1.5 min,"DISRUPTION
(Delays + Surge)",0.0,0.0,0,0,0.0,0.0,0.0,0,0,0,4.2,4.2
3-car / 1.5 min,"DISRUPTION
(Delays + Surge)",0.0,0.0,0,0,0.0,0.0,0.0,0,0,2,5.0,5.0
3-car / 1.5 min,"DISRUPTION
(Delays + Surge)",10.301182092629293,10.460668482499681,300,4700,0.025,1.0,0.0,0,0,1,4.6000000000000005,9456.105910463146
3-car / 1.5 min,"DISRUPTION
(Delays + Surge)",0.0,0.0,0,0,0.0,0.0,0.0,0,0,4,5.800000000000001,5.800000000000001
3-car / 1.5 min,"DISRUPTION
(Delays + Surge)",8.619234992518939,8.786014694273486,300,4700,0.025,1.0,0.0,0,0,0,4.2,9447.296174962594
3-car / 1.5 min,"DISRUPTION
(Delays + Surge)",6.069380911493168,6.2475882371158065,300,4700,0.025,1.0,0.0,0,0,1,4.6000000000000005,9434.946904557466
3-car / 1.5 min,"DISRUPTION
(Delays + Surge)",0.0,0.0,0,0,0.0,0.0,0.0,0,0,2,5.0,5.0
3-car / 1.5 min,"DISRUPTION
(Delays + Surge)",0.0,0.0,0,0,0.0,0.0,0.0,0,0,0,4.2,4.2
3-car / 1.5 min,"DISRUPTION
(Delays + Surge)",0.0,0.0,0,0,0.0,0.0,0.0,0,0,1,4.6000000000000005,4.6000000000000005
3-car / 1.5 min,"DISRUPTION
(Delays + Surge)",84.3133730764381,84.48185114450989,300,4700,0.027777777777777776,1.0,0.0,0,0,4,5.800000000000001,9827.36686538219
3-car / 1.5 min,"DISRUPTION
(Delays + Surge)",0.0,0.0,0,0,0.0,0.0,0.0,0,0,1,4.6000000000000005,4.6000000000000005
3-car / 1.5 min,"DISRUPTION
(Delays + Surge)",0.0,0.0,0,0,0.0,0.0,0.0,0,0,5,6.2,6.2
3-car / 1.5 min,"DISRUPTION
(Delays + Surge)",1.5893738883019926,1.7658358964073293,300,4700,0.02702702702702703,1.0,0.0,0,0,3,5.4,9413.34686944151
3-car / 1.5 min,"DISRUPTION
(Delays + Surge)",27.09165117788325,27.255178012532582,300,4700,0.027777777777777776,1.0,0.0,0,0,5,6.2,9541.658255889417
3-car / 1.5 min,"DISRUPTION
(Delays + Surge)",0.0,0.0,0,0,0.0,0.0,0.0,0,0,0,4.2,4.2
3-car / 1.5 min,"DISRUPTION
(Delays + Surge)",15.661838960245058,15.852755139003463,300,4700,0.02564102564102564,1.0,0.0,0,0,2,5.0,9483.309194801226
3-car / 1.5 min,"DISRUPTION
(Delays + Surge)",207.5352542282024,207.7129559284892,300,4700,0.02857142857142857,1.0,0.0,0,0,5,6.2,10443.876271141013
3-car / 1.5 min,"DISRUPTION
(Delays + Surge)",0.0,0.0,0,0,0.0,0.0,0.0,0,0,4,5.800000000000001,5.800000000000001
3-car / 1.5 min,"DISRUPTION
(Delays + Surge)",21.111834495465192,21.28706716406904,300,4700,0.02564102564102564,1.0,0.0,0,0,2,5.0,9510.559172477326
3-car / 1.5 min,"DISRUPTION
(Delays + Surge)",0.0,0.0,0,0,0.0,0.0,0.0,0,0,4,5.800000000000001,5.800000000000001
3-car / 1.5 min,"DISRUPTION
(Delays + Surge)",24.581202595827726,24.762056198393708,300,4700,0.025,1.0,0.0,0,0,1,4.6000000000000005,9527.506012979138
3-car / 1.5 min,"DISRUPTION
(Delays + Surge)",22.85737948518883,23.028716721709895,300,4700,0.025,1.0,0.0,0,0,1,4.6000000000000005,9518.886897425944
3-car / 1.5 min,"DISRUPTION
(Delays + Surge)",0.0,0.0,0,0,0.0,0.0,0.0,0,0,0,4.2,4.2
3-car / 1.5 min,"DISRUPTION
(Delays + Surge)",34.70410606566286,34.869664144176944,300,4700,0.02702702702702703,1.0,0.0,0,0,4,5.800000000000001,9579.320530328314
3-car / 1.5 min,"DISRUPTION
(Delays + Surge)",0.0,0.0,0,0,0.0,0.0,0.0,0,0,1,4.6000000000000005,4.6000000000000005
3-car / 1.5 min,"DISRUPTION
(Delays + Surge)",0.0,0.0,0,0,0.0,0.0,0.0,0,0,2,5.0,5.0
3-car / 1.5 min,"DISRUPTION
(Delays + Surge)",0.0,0.0,0,0,0.0,0.0,0.0,0,0,2,5.0,5.0
3-car / 1.5 min,"DISRUPTION
(Delays + Surge)",5.189871617560326,5.333782694442275,300,4700,0.025,1.0,0.0,0,0,1,4.6000000000000005,9430.549358087801
3-car / 1.5 min,"DISRUPTION
(Delays + Surge)",41.93739513654536,42.08662350168285,300,4700,0.02564102564102564,1.0,0.0,0,0,1,4.6000000000000005,9614.286975682728
3-car / 1.5 min,"DISRUPTION
(Delays + Surge)",0.0,0.0,0,0,0.0,0.0,0.0,0,0,1,4.6000000000000005,4.6000000000000005
3-car / 1.5 min,"DISRUPTION
(Delays + Surge)",18.008767828588958,18.190871659913743,300,4700,0.02564102564102564,1.0,0.0,0,0,2,5.0,9495.043839142945
3-car / 1.5 min,"DISRUPTION
(Delays + Surge)",16.973365215812443,17.146043248689224,300,4700,0.02702702702702703,1.0,0.0,0,0,3,5.4,9490.266826079062
3-car / 1.5 min,"DISRUPTION
(Delays + Surge)",36.25094743044247,36.421321810371325,300,4700,0.02631578947368421,1.0,0.0,0,0,3,5.4,9586.654737152212
3-car / 1.5 min,"DISRUPTION
(Delays + Surge)",50.80988392812565,50.984849010390136,300,4700,0.025,1.0,0.0,0,0,0,4.2,9658.249419640628
3-car / 1.5 min,"DISRUPTION
(Delays + Surge)",4.523264809173986,4.687714333894533,300,4700,0.02631578947368421,1.0,0.0,0,0,2,5.0,9427.61632404587
3-car / 1.5 min,"DISRUPTION
(Delays + Surge)",18.524954638839997,18.69772076004393,300,4700,0.02631578947368421,1.0,0.0,0,0,2,5.0,9497.6247731942
3-car / 1.5 min,"DISRUPTION
(Delays + Surge)",0.0,0.0,0,0,0.0,0.0,0.0,0,0,1,4.6000000000000005,4.6000000000000005
3-car / 1.5 min,"DISRUPTION
(Delays + Surge)",0.0,0.0,0,0,0.0,0.0,0.0,0,0,0,4.2,4.2
3-car / 1.5 min,"DISRUPTION
(Delays + Surge)",0.0,0.0,0,0,0.0,0.0,0.0,0,0,1,4.6000000000000005,4.6000000000000005
3-car / 1.5 min,"DISRUPTION
(Delays + Surge)",0.0,0.0,0,0,0.0,0.0,0.0,0,0,1,4.6000000000000005,4.6000000000000005
3-car / 1.5 min,"DISRUPTION
(Delays + Surge)",0.0,0.0,0,0,0.0,0.0,0.0,0,0,2,5.0,5.0
3-car / 1.5 min,"DISRUPTION
(Delays + Surge)",0.0,0.0,0,0,0.0,0.0,0.0,0,0,0,4.2,4.2
3-car / 1.5 min,"DISRUPTION
(Delays + Surge)",0.0,0.0,0,0,0.0,0.0,0.0,0,0,2,5.0,5.0
3-car / 1.5 min,"DISRUPTION
(Delays + Surge)",38.68171163252669,38.86376343525923,300,4700,0.025,1.0,0.0,0,0,0,4.2,9597.608558162634
3-car / 1.5 min,"DISRUPTION
(Delays + Surge)",0.0,0.0,0,0,0.0,0.0,0.0,0,0,1,4.6000000000000005,4.6000000000000005
3-car / 1.5 min,"DISRUPTION
(Delays + Surge)",25.886691683874584,26.053891277330887,300,4700,0.02631578947368421,1.0,0.0,0,0,2,5.0,9534.433458419373
3-car / 1.5 min,"DISRUPTION
(Delays + Surge)",64.08528123621103,64.24080978544993,300,4700,0.02564102564102564,1.0,0.0,0,0,2,5.0,9725.426406181055
3-car / 1.5 min,"DISRUPTION
(Delays + Surge)",0.0,0.0,0,0,0.0,0.0,0.0,0,0,3,5.4,5.4
3-car / 1.5 min,"DISRUPTION
(Delays + Surge)",0.0,0.0,0,0,0.0,0.0,0.0,0,0,2,5.0,5.0
3-car / 1.5 min,"DISRUPTION
(Delays + Surge)",0.0,0.0,0,0,0.0,0.0,0.0,0,0,3,5.4,5.4
3-car / 1.5 min,"DISRUPTION
(Delays + Surge)",0.0,0.0,0,0,0.0,0.0,0.0,0,0,3,5.4,5.4
3-car / 1.5 min,"DISRUPTION
(Delays + Surge)",12.102091847668092,12.290246799569326,300,4700,0.02702702702702703,1.0,0.0,0,0,4,5.800000000000001,9466.31045923834
3-car / 1.5 min,"DISRUPTION
(Delays + Surge)",27.260343087673238,27.431603157112818,300,4700,0.02564102564102564,1.0,0.0,0,0,1,4.6000000000000005,9540.901715438365
3-car / 1.5 min,"DISRUPTION
(Delays + Surge)",0.0,0.0,0,0,0.0,0.0,0.0,0,0,2,5.0,5.0
3-car / 1.5 min,"DISRUPTION
(Delays + Surge)",32.30876083727907,32.48845134573805,300,4700,0.02564102564102564,1.0,0.0,0,0,1,4.6000000000000005,9566.143804186395
3-car / 1.5 min,"DISRUPTION
(Delays + Surge)",0.0,0.0,0,0,0.0,0.0,0.0,0,0,1,4.6000000000000005,4.6000000000000005
3-car / 1.5 min,"DISRUPTION
(Delays + Surge)",13.164362350098836,13.341893112573876,300,4700,0.02564102564102564,1.0,0.0,0,0,2,5.0,9470.821811750495
3-car / 1.5 min,"DISRUPTION
(Delays + Surge)",3.9490645731349603,4.119444890053946,300,4700,0.02564102564102564,1.0,0.0,0,0,1,4.6000000000000005,9424.345322865674
3-car / 1.5 min,"DISRUPTION
(Delays + Surge)",109.43246722794665,109.61080155672049,300,4700,0.02702702702702703,1.0,0.0,0,0,3,5.4,9952.562336139734
3-car / 1.5 min,"DISRUPTION
(Delays + Surge)",68.71967148698495,68.88363595969282,300,4700,0.02564102564102564,1.0,0.0,0,0,1,4.6000000000000005,9748.198357434925
3-car / 1.5 min,"DISRUPTION
(Delays + Surge)",37.560421916387604,37.738048504478314,300,4700,0.02631578947368421,1.0,0.0,0,0,2,5.0,9592.802109581939
3-car / 1.5 min,"DISRUPTION
(Delays + Surge)",2.9518565752672687,3.1145392933141585,300,4700,0.02702702702702703,1.0,0.0,0,0,4,5.800000000000001,9420.559282876337
3-car / 1.5 min,"DISRUPTION
(Delays + Surge)",12.51120466684579,12.686628456493652,300,4700,0.027777777777777776,1.0,0.0,0,0,4,5.800000000000001,9468.356023334229
3-car / 1.5 min,"DISRUPTION
(Delays + Surge)",0.0,0.0,0,0,0.0,0.0,0.0,0,0,2,5.0,5.0
3-car / 1.5 min,"DISRUPTION
(Delays + Surge)",0.0,0.0,0,0,0.0,0.0,0.0,0,0,3,5.4,5.4
3-car / 1.5 min,"DISRUPTION
(Delays + Surge)",0.0,0.0,0,0,0.0,0.0,0.0,0,0,4,5.800000000000001,5.800000000000001
3-car / 1.5 min,"DISRUPTION
(Delays + Surge)",38.18819560933906,38.357480058577785,300,4700,0.02564102564102564,1.0,0.0,0,0,1,4.6000000000000005,9595.540978046696
3-car / 1.5 min,"DISRUPTION
(Delays + Surge)",85.71246218045604,85.88260280727907,300,4700,0.02702702702702703,1.0,0.0,0,0,4,5.800000000000001,9834.362310902281
3-car / 1.5 min,"DISRUPTION
(Delays + Surge)",43.872428561964064,44.03346885872291,300,4700,0.025,1.0,0.0,0,0,1,4.6000000000000005,9623.96214280982
3-car / 1.5 min,"DISRUPTION
(Delays + Surge)",2.8104636740430946,2.9693090837617793,300,4700,0.02564102564102564,1.0,0.0,0,0,1,4.6000000000000005,9418.652318370216
3-car / 1.5 min,"DISRUPTION
(Delays + Surge)",9.46019619232729,9.623202904875777,300,4700,0.025,1.0,0.0,0,0,1,4.6000000000000005,9451.900980961636
3-car / 1.5 min,"DISRUPTION
(Delays + Surge)",7.831920334619954,8.006672752623832,300,4700,0.02702702702702703,1.0,0.0,0,0,4,5.800000000000001,9444.9596016731
3-car / 1.5 min,"DISRUPTION
(Delays + Surge)",0.0,0.0,0,0,0.0,0.0,0.0,0,0,0,4.2,4.2
3-car / 1.5 min,"DISRUPTION
(Delays + Surge)",30.85167609128462,31.022481873025328,300,4700,0.02702702702702703,1.0,0.0,0,0,4,5.800000000000001,9560.058380456423
3-car / 1.5 min,"DISRUPTION
(Delays + Surge)",0.0,0.0,0,0,0.0,0.0,0.0,0,0,3,5.4,5.4
3-car / 1.5 min,"DISRUPTION
(Delays + Surge)",29.89261357478441,30.057127113722423,300,4700,0.02631578947368421,1.0,0.0,0,0,2,5.0,9554.463067873921
3-car / 1.5 min,"DISRUPTION
(Delays + Surge)",0.0,0.0,0,0,0.0,0.0,0.0,0,0,0,4.2,4.2
3-car / 1.5 min,"DISRUPTION
(Delays + Surge)",38.78745309430622,38.95259896857041,300,4700,0.02631578947368421,1.0,0.0,0,0,2,5.0,9598.937265471532
3-car / 1.5 min,"DISRUPTION
(Delays + Surge)",0.0,0.0,0,0,0.0,0.0,0.0,0,0,1,4.6000000000000005,4.6000000000000005
3-car / 1.5 min,"CASCADING
(Failures + Delays)",27.924209022385117,27.988699641740922,300,2700,0.02631578947368421,1.0,0.0,0,0,2,5.0,5544.621045111926
3-car / 1.5 min,"CASCADING
(Failures + Delays)",0.0,0.0,0,0,0.0,0.0,0.0,0,0,2,5.0,5.0
3-car / 1.5 min,"CASCADING
(Failures + Delays)",0.0,0.0,0,0,0.0,0.0,0.0,0,0,2,5.0,5.0
3-car / 1.5 min,"CASCADING
(Failures + Delays)",19.144284813827916,19.21039429899011,300,2700,0.02631578947368421,1.0,0.0,0,0,3,5.4,5501.12142406914
3-car / 1.5 min,"CASCADING
(Failures + Delays)",0.0,0.0,0,0,0.0,0.0,0.0,0,0,1,4.6000000000000005,4.6000000000000005
3-car / 1.5 min,"CASCADING
(Failures + Delays)",74.09909168930135,74.16353788171983,300,2700,0.02702702702702703,1.0,0.0,0,0,5,6.2,5776.695458446507
3-car / 1.5 min,"CASCADING
(Failures + Delays)",20.4315484004582,20.491313949455613,300,2700,0.02702702702702703,1.0,0.0,0,0,4,5.800000000000001,5507.957742002291
3-car / 1.5 min,"CASCADING
(Failures + Delays)",17.961950860963906,18.026823261999468,300,2700,0.029411764705882353,1.0,0.0,0,0,7,7.0,5496.80975430482
3-car / 1.5 min,"CASCADING
(Failures + Delays)",26.950121408246023,27.01578766643693,300,2700,0.02631578947368421,1.0,0.0,0,0,3,5.4,5540.15060704123
3-car / 1.5 min,"CASCADING
(Failures + Delays)",0.0,0.0,0,0,0.0,0.0,0.0,0,0,1,4.6000000000000005,4.6000000000000005
3-car / 1.5 min,"CASCADING
(Failures + Delays)",0.0,0.0,0,0,0.0,0.0,0.0,0,0,3,5.4,5.4
3-car / 1.5 min,"CASCADING
(Failures + Delays)",19.18023510032197,19.24200822952776,300,2700,0.02702702702702703,1.0,0.0,0,0,3,5.4,5501.30117550161
3-car / 1.5 min,"CASCADING
(Failures + Delays)",88.6024132859488,88.6577117031343,300,2700,0.027777777777777776,1.0,0.0,0,0,4,5.800000000000001,5848.812066429744
3-car / 1.5 min,"CASCADING
(Failures + Delays)",0.0,0.0,0,0,0.0,0.0,0.0,0,0,1,4.6000000000000005,4.6000000000000005
3-car / 1.5 min,"CASCADING
(Failures + Delays)",34.898518836497196,34.956698043015265,300,2700,0.02702702702702703,1.0,0.0,0,0,3,5.4,5579.892594182486
3-car / 1.5 min,"CASCADING
(Failures + Delays)",0.0,0.0,0,0,0.0,0.0,0.0,0,0,4,5.800000000000001,5.800000000000001
3-car / 1.5 min,"CASCADING
(Failures + Delays)",114.41644129643743,114.47536381776828,300,2700,0.02857142857142857,1.0,0.0,0,0,5,6.2,5978.282206482188
3-car / 1.5 min,"CASCADING
(Failures + Delays)",43.87391985725983,43.93994853735783,300,2700,0.02564102564102564,1.0,0.0,0,0,2,5.0,5624.3695992862995
3-car / 1.5 min,"CASCADING
(Failures + Delays)",80.92460970765416,80.98441881827162,300,2700,0.03125,1.0,0.0,0,0,9,7.800000000000001,5812.42304853827
3-car / 1.5 min,"CASCADING
(Failures + Delays)",0.0,0.0,0,0,0.0,0.0,0.0,0,0,4,5.800000000000001,5.800000000000001
3-car / 1.5 min,"CASCADING
(Failures + Delays)",4.275550761894663,4.338932905406655,300,2700,0.027777777777777776,1.0,0.0,0,0,4,5.800000000000001,5427.177753809473
3-car / 1.5 min,"CASCADING
(Failures + Delays)",82.76118441110799,82.82555422459595,300,2700,0.02857142857142857,1.0,0.0,0,0,5,6.2,5820.0059220555395
3-car / 1.5 min,"CASCADING
(Failures + Delays)",57.80908584931276,57.87634168092912,300,2700,0.02702702702702703,1.0,0.0,0,0,4,5.800000000000001,5694.845429246564
3-car / 1.5 min,"CASCADING
(Failures + Delays)",45.755569066990994,45.80776840761552,300,2700,0.02631578947368421,1.0,0.0,0,0,3,5.4,5634.177845334955
3-car / 1.5 min,"CASCADING
(Failures + Delays)",0.0,0.0,0,0,0.0,0.0,0.0,0,0,3,5.4,5.4
3-car / 1.5 min,"CASCADING
(Failures + Delays)",0.0,0.0,0,0,0.0,0.0,0.0,0,0,2,5.0,5.0
3-car / 1.5 min,"CASCADING
(Failures + Delays)",22.751158947408513,22.805737676129045,300,2700,0.02857142857142857,1.0,0.0,0,0,6,6.6,5520.355794737043
3-car / 1.5 min,"CASCADING
(Failures + Delays)",0.0,0.0,0,0,0.0,0.0,0.0,0,0,4,5.800000000000001,5.800000000000001
3-car / 1.5 min,"CASCADING
(Failures + Delays)",17.686872462794174,17.74758551876507,300,2700,0.02564102564102564,1.0,0.0,0,0,1,4.6000000000000005,5493.034362313971
3-car / 1.5 min,"CASCADING
(Failures + Delays)",9.779879997903226,9.84026971629942,300,2700,0.025,1.0,0.0,0,0,0,4.2,5453.099399989516
3-car / 1.5 min,"CASCADING
(Failures + Delays)",0.0,0.0,0,0,0.0,0.0,0.0,0,0,6,6.6,6.6
3-car / 1.5 min,"CASCADING
(Failures + Delays)",0.0,0.0,0,0,0.0,0.0,0.0,0,0,6,6.6,6.6
3-car / 1.5 min,"CASCADING
(Failures + Delays)",0.0,0.0,0,0,0.0,0.0,0.0,0,0,6,6.6,6.6
3-car / 1.5 min,"CASCADING
(Failures + Delays)",95.15041171339455,95.2131950768668,300,2700,0.02857142857142857,1.0,0.0,0,0,5,6.2,5881.9520585669725
3-car / 1.5 min,"CASCADING
(Failures + Delays)",74.06684373971662,74.12518240166172,300,2700,0.025,1.0,0.0,0,0,1,4.6000000000000005,5774.934218698583
3-car / 1.5 min,"CASCADING
(Failures + Delays)",0.0,0.0,0,0,0.0,0.0,0.0,0,0,3,5.4,5.4
3-car / 1.5 min,"CASCADING
(Failures + Delays)",0.0,0.0,0,0,0.0,0.0,0.0,0,0,3,5.4,5.4
3-car / 1.5 min,"CASCADING
(Failures + Delays)",25.15203575388723,25.220001812586826,300,2700,0.02702702702702703,1.0,0.0,0,0,3,5.4,5531.160178769436
3-car / 1.5 min,"CASCADING
(Failures + Delays)",14.916878064540391,14.97462595362623,300,2700,0.02564102564102564,1.0,0.0,0,0,2,5.0,5479.584390322702
3-car / 1.5 min,"CASCADING
(Failures + Delays)",0.2901261188777968,0.3510099158779291,300,2700,0.025,1.0,0.0,0,0,1,4.6000000000000005,5406.050630594389
3-car / 1.5 min,"CASCADING
(Failures + Delays)",9.07222748415853,9.131950690805938,300,2700,0.02702702702702703,1.0,0.0,0,0,4,5.800000000000001,5451.161137420792
3-car / 1.5 min,"CASCADING
(Failures + Delays)",80.96207096245647,81.0267724362104,300,2700,0.02564102564102564,1.0,0.0,0,0,2,5.0,5809.810354812283
3-car / 1.5 min,"CASCADING
(Failures + Delays)",128.97230687868404,129.03103957206423,300,2700,0.02857142857142857,1.0,0.0,0,0,7,7.0,6051.86153439342
3-car / 1.5 min,"CASCADING
(Failures + Delays)",31.06151475099741,31.124246271322406,300,2700,0.02702702702702703,1.0,0.0,0,0,3,5.4,5560.707573754987
3-car / 1.5 min,"CASCADING
(Failures + Delays)",0.0,0.0,0,0,0.0,0.0,0.0,0,0,4,5.800000000000001,5.800000000000001
3-car / 1.5 min,"CASCADING
(Failures + Delays)",0.0,0.0,0,0,0.0,0.0,0.0,0,0,3,5.4,5.4
3-car / 1.5 min,"CASCADING
(Failures + Delays)",15.449275518251055,15.507663787856995,300,2700,0.02631578947368421,1.0,0.0,0,0,2,5.0,5482.246377591256
3-car / 1.5 min,"CASCADING
(Failures + Delays)",0.0,0.0,0,0,0.0,0.0,0.0,0,0,4,5.800000000000001,5.800000000000001
3-car / 1.5 min,"CASCADING
(Failures + Delays)",42.81946529110614,42.88384537655183,300,2700,0.02631578947368421,1.0,0.0,0,0,2,5.0,5619.0973264555305
3-car / 1.5 min,"CASCADING
(Failures + Delays)",22.321151816720885,22.381996594154742,300,2700,0.02631578947368421,1.0,0.0,0,0,3,5.4,5517.005759083604
3-car / 1.5 min,"CASCADING
(Failures + Delays)",0.0,0.0,0,0,0.0,0.0,0.0,0,0,5,6.2,6.2
3-car / 1.5 min,"CASCADING
(Failures + Delays)",33.36434881844635,33.427240104346126,300,2700,0.02857142857142857,1.0,0.0,0,0,5,6.2,5573.0217440922315
3-car / 1.5 min,"CASCADING
(Failures + Delays)",30.826910293005955,30.885508232736147,300,2700,0.02564102564102564,1.0,0.0,0,0,3,5.4,5559.53455146503
3-car / 1.5 min,"CASCADING
(Failures + Delays)",0.0,0.0,0,0,0.0,0.0,0.0,0,0,3,5.4,5.4
3-car / 1.5 min,"CASCADING
(Failures + Delays)",75.03601193506442,75.10223869941423,300,2700,0.027777777777777776,1.0,0.0,0,0,5,6.2,5781.380059675322
3-car / 1.5 min,"CASCADING
(Failures + Delays)",40.459112609354825,40.52414641466085,300,2700,0.02857142857142857,1.0,0.0,0,0,5,6.2,5608.495563046774
3-car / 1.5 min,"CASCADING
(Failures + Delays)",2.725516103036704,2.7897424545494296,300,2700,0.02857142857142857,1.0,0.0,0,0,5,6.2,5419.827580515183
3-car / 1.5 min,"CASCADING
(Failures + Delays)",0.0,0.0,0,0,0.0,0.0,0.0,0,0,5,6.2,6.2
3-car / 1.5 min,"CASCADING
(Failures + Delays)",38.08402944113122,38.14830541037211,300,2700,0.02631578947368421,1.0,0.0,0,0,3,5.4,5595.820147205656
3-car / 1.5 min,"CASCADING
(Failures + Delays)",4.598704080393173,4.657774772767482,300,2700,0.02564102564102564,1.0,0.0,0,0,1,4.6000000000000005,5427.593520401966
3-car / 1.5 min,"CASCADING
(Failures + Delays)",11.35092269012226,11.412778753833777,300,2700,0.030303030303030304,1.0,0.0,0,0,7,7.0,5463.754613450611
3-car / 1.5 min,"CASCADING
(Failures + Delays)",0.0,0.0,0,0,0.0,0.0,0.0,0,0,7,7.0,7.0
3-car / 1.5 min,"CASCADING
(Failures + Delays)",0.0,0.0,0,0,0.0,0.0,0.0,0,0,2,5.0,5.0
3-car / 1.5 min,"CASCADING
(Failures + Delays)",17.65116283533022,17.714846575463497,300,2700,0.02564102564102564,1.0,0.0,0,0,1,4.6000000000000005,5492.855814176651
3-car / 1.5 min,"CASCADING
(Failures + Delays)",0.0,0.0,0,0,0.0,0.0,0.0,0,0,6,6.6,6.6
3-car / 1.5 min,"CASCADING
(Failures + Delays)",0.0,0.0,0,0,0.0,0.0,0.0,0,0,3,5.4,5.4
3-car / 1.5 min,"CASCADING
(Failures + Delays)",0.0,0.0,0,0,0.0,0.0,0.0,0,0,8,7.4,7.4
3-car / 1.5 min,"CASCADING
(Failures + Delays)",47.93309003726383,47.99886567909724,300,2700,0.027777777777777776,1.0,0.0,0,0,5,6.2,5645.865450186319
3-car / 1.5 min,"CASCADING
(Failures + Delays)",15.752396082422202,15.817883882613598,300,2700,0.02631578947368421,1.0,0.0,0,0,2,5.0,5483.761980412111
3-car / 1.5 min,"CASCADING
(Failures + Delays)",23.45204090664205,23.511863700699706,300,2700,0.02857142857142857,1.0,0.0,0,0,5,6.2,5523.46020453321
3-car / 1.5 min,"CASCADING
(Failures + Delays)",0.0,0.0,0,0,0.0,0.0,0.0,0,0,7,7.0,7.0
3-car / 1.5 min,"CASCADING
(Failures + Delays)",2.199682067182766,2.2613547130387737,300,2700,0.02702702702702703,1.0,0.0,0,0,4,5.800000000000001,5416.798410335914
3-car / 1.5 min,"CASCADING
(Failures + Delays)",0.0,0.0,0,0,0.0,0.0,0.0,0,0,2,5.0,5.0
3-car / 1.5 min,"CASCADING
(Failures + Delays)",0.0,0.0,0,0,0.0,0.0,0.0,0,0,3,5.4,5.4
3-car / 1.5 min,"CASCADING
(Failures + Delays)",61.273839897168536,61.33534833441784,300,2700,0.029411764705882353,1.0,0.0,0,0,7,7.0,5713.369199485843
3-car / 1.5 min,"CASCADING
(Failures + Delays)",0.0,0.0,0,0,0.0,0.0,0.0,0,0,2,5.0,5.0
3-car / 1.5 min,"CASCADING
(Failures + Delays)",0.0,0.0,0,0,0.0,0.0,0.0,0,0,0,4.2,4.2
3-car / 1.5 min,"CASCADING
(Failures + Delays)",21.774031412115402,21.833159909444557,300,2700,0.027777777777777776,1.0,0.0,0,0,5,6.2,5515.070157060577
3-car / 1.5 min,"CASCADING
(Failures + Delays)",8.73658164187984,8.797694397453586,300,2700,0.02631578947368421,1.0,0.0,0,0,2,5.0,5448.682908209399
3-car / 1.5 min,"CASCADING
(Failures + Delays)",0.0,0.0,0,0,0.0,0.0,0.0,0,0,3,5.4,5.4
3-car / 1.5 min,"CASCADING
(Failures + Delays)",117.2829717439732,117.34866263474751,300,2700,0.027777777777777776,1.0,0.0,0,0,5,6.2,5992.614858719866
3-car / 1.5 min,"CASCADING
(Failures + Delays)",15.317983626314524,15.376772908436754,300,2700,0.02857142857142857,1.0,0.0,0,0,5,6.2,5482.789918131572
3-car / 1.5 min,"CASCADING
(Failures + Delays)",0.0,0.0,0,0,0.0,0.0,0.0,0,0,1,4.6000000000000005,4.6000000000000005
3-car / 1.5 min,"CASCADING
(Failures + Delays)",0.0,0.0,0,0,0.0,0.0,0.0,0,0,4,5.800000000000001,5.800000000000001
3-car / 1.5 min,"CASCADING
(Failures + Delays)",2.369436598819008,2.426312668120701,300,2700,0.02702702702702703,1.0,0.0,0,0,4,5.800000000000001,5417.647182994095
3-car / 1.5 min,"CASCADING
(Failures + Delays)",65.71571258382525,65.77997568757098,300,2700,0.02631578947368421,1.0,0.0,0,0,2,5.0,5733.578562919126
3-car / 1.5 min,"CASCADING
(Failures + Delays)",44.728293554771405,44.788398292360036,300,2700,0.02702702702702703,1.0,0.0,0,0,3,5.4,5629.041467773857
3-car / 1.5 min,"CASCADING
(Failures + Delays)",0.0,0.0,0,0,0.0,0.0,0.0,0,0,4,5.800000000000001,5.800000000000001
3-car / 1.5 min,"CASCADING
(Failures + Delays)",25.68855725909441,25.75080471969931,300,2700,0.027777777777777776,1.0,0.0,0,0,4,5.800000000000001,5534.242786295472
3-car / 1.5 min,"CASCADING
(Failures + Delays)",42.736437266383994,42.80567152973273,300,2700,0.027777777777777776,1.0,0.0,0,0,4,5.800000000000001,5619.48218633192
3-car / 1.5 min,"CASCADING
(Failures + Delays)",0.0,0.0,0,0,0.0,0.0,0.0,0,0,9,7.800000000000001,7.800000000000001
3-car / 1.5 min,"CASCADING
(Failures + Delays)",0.0,0.0,0,0,0.0,0.0,0.0,0,0,1,4.6000000000000005,4.6000000000000005
3-car / 1.5 min,"CASCADING
(Failures + Delays)",111.80479810075688,111.86244863172033,300,2700,0.02702702702702703,1.0,0.0,0,0,4,5.800000000000001,5964.823990503784
3-car / 1.5 min,"CASCADING
(Failures + Delays)",54.26322572504842,54.326324811703145,300,2700,0.02857142857142857,1.0,0.0,0,0,6,6.6,5677.916128625242
3-car / 1.5 min,"CASCADING
(Failures + Delays)",0.0,0.0,0,0,0.0,0.0,0.0,0,0,3,5.4,5.4
3-car / 1.5 min,"CASCADING
(Failures + Delays)",2.5880662952419673,2.6523771523175075,300,2700,0.02702702702702703,1.0,0.0,0,0,3,5.4,5418.34033147621
3-car / 1.5 min,"CASCADING
(Failures + Delays)",45.21455424938587,45.27571408875467,300,2700,0.02702702702702703,1.0,0.0,0,0,3,5.4,5631.472771246929
3-car / 1.5 min,"CASCADING
(Failures + Delays)",19.843001111002003,19.89883051425353,300,2700,0.02564102564102564,1.0,0.0,0,0,2,5.0,5504.21500555501
3-car / 1.5 min,"CASCADING
(Failures + Delays)",44.80106187312123,44.8676851634254,300,2700,0.027777777777777776,1.0,0.0,0,0,4,5.800000000000001,5629.805309365606
3-car / 1.5 min,"CASCADING
(Failures + Delays)",0.0,0.0,0,0,0.0,0.0,0.0,0,0,4,5.800000000000001,5.800000000000001
3-car / 2.0 min,"OFF-PEAK
(Low, Stable)",118.07090563714242,125.72054935039269,4,0,0.00044444444444444447,0.013333333333333334,0.0,0,0,0,3.2,11.071393709142828
3-car / 2.0 min,"OFF-PEAK
(Low, Stable)",7.176909882976785,75.57705016478977,302,198,0.03247311827956989,1.0,0.0,0,0,0,3.2,435.3237797443165
3-car / 2.0 min,"OFF-PEAK
(Low, Stable)",143.31392111642802,148.80096639886264,6,0,0.0006451612903225806,0.02,0.0,0,0,0,3.2,17.531392111642802
3-car / 2.0 min,"OFF-PEAK
(Low, Stable)",11.222237722105078,159.36273722888134,301,199,0.03236559139784947,1.0,0.0,0,0,0,3.2,457.49822590589383
3-car / 2.0 min,"OFF-PEAK
(Low, Stable)",40.73879219235936,42.51348761022834,7,0,0.0007777777777777778,0.023333333333333334,0.0,0,0,0,3.2,7.952859089108593
3-car / 2.0 min,"OFF-PEAK
(Low, Stable)",26.72533931931954,29.43314049095273,300,200,0.03333333333333333,1.0,0.0,0,0,1,3.6,537.2266965965977
3-car / 2.0 min,"OFF-PEAK
(Low, Stable)",138.04258826799142,140.60009395672262,5,0,0.0005376344086021505,0.016666666666666666,0.0,0,0,0,3.2,14.703549022332616
3-car / 2.0 min,"OFF-PEAK
(Low, Stable)",10.532468332294583,70.77080853945894,301,199,0.03459770114942529,1.0,0.0,0,0,1,3.6,454.4378828003445
3-car / 2.0 min,"OFF-PEAK
(Low, Stable)",14.319153149791246,21.923623945803143,301,199,0.03344444444444445,1.0,0.0,0,0,0,3.2,473.0344183014528
3-car / 2.0 min,"OFF-PEAK
(Low, Stable)",25.790584675149333,28.58022284810833,300,200,0.03333333333333333,1.0,0.0,0,0,1,3.6,532.5529233757467
3-car / 2.0 min,"OFF-PEAK
(Low, Stable)",22.86227194260112,25.355272740083993,301,199,0.03236559139784947,1.0,0.0,0,0,0,3.2,515.8923975787156
3-car / 2.0 min,"OFF-PEAK
(Low, Stable)",80.0724056120059,83.18717576925488,10,0,0.0011111111111111111,0.03333333333333333,0.0,0,0,1,3.6,16.945400935334316
3-car / 2.0 min,"OFF-PEAK
(Low, Stable)",45.344621587293815,50.32713903661742,13,0,0.0014444444444444446,0.043333333333333335,0.0,0,0,1,3.6,13.424668010580326
3-car / 2.0 min,"OFF-PEAK
(Low, Stable)",11.5444034453751,71.6120327137329,302,198,0.033555555555555554,1.0,0.0,0,0,0,3.2,457.3068306750547
3-car / 2.0 min,"OFF-PEAK
(Low, Stable)",62.064964181036466,68.70578646610186,5,0,0.0005555555555555556,0.016666666666666666,0.0,0,0,0,3.2,8.372080348419706
3-car / 2.0 min,"OFF-PEAK
(Low, Stable)",2.782620585992342,40.270732470713064,158,0,0.017555555555555557,0.5066666666666667,0.0,0,0,0,3.2,10.527567543113168
3-car / 2.0 min,"OFF-PEAK
(Low, Stable)",13.650280561638867,16.43454482490714,300,200,0.03225806451612903,1.0,0.0,0,0,0,3.2,471.45140280819436
3-car / 2.0 min,"OFF-PEAK
(Low, Stable)",134.87161412427028,140.36844407620438,8,0,0.0008888888888888889,0.02666666666666667,0.0,0,0,1,3.6,21.582881883236038
3-car / 2.0 min,"OFF-PEAK
(Low, Stable)",17.074849905766193,19.926392460413602,300,200,0.03333333333333333,1.0,0.0,0,0,1,3.6,488.97424952883097
3-car / 2.0 min,"OFF-PEAK
(Low, Stable)",21.95249461707629,24.891987886938413,300,200,0.03225806451612903,1.0,0.0,0,0,0,3.2,512.9624730853815
3-car / 2.0 min,"OFF-PEAK
(Low, Stable)",23.647129643767844,26.377286496609997,300,200,0.03225806451612903,1.0,0.0,0,0,0,3.2,521.4356482188392
3-car / 2.0 min,"OFF-PEAK
(Low, Stable)",40.64795539501988,43.6039528000766,300,200,0.03333333333333333,1.0,0.0,0,0,0,3.2,606.4397769750993
3-car / 2.0 min,"OFF-PEAK
(Low, Stable)",92.09481687111422,98.5253186056652,9,0,0.000967741935483871,0.03,0.0,0,0,0,3.2,17.014222530667134
3-car / 2.0 min,"OFF-PEAK
(Low, Stable)",4.688929595921152,89.76358120357526,280,0,0.03218390804597701,0.9166666666666666,0.0,0,0,1,3.6,25.481671447632042
3-car / 2.0 min,"OFF-PEAK
(Low, Stable)",78.20306655335139,83.25748477401181,5,0,0.0005555555555555556,0.016666666666666666,0.0,0,0,0,3.2,9.716922212779282
3-car / 2.0 min,"OFF-PEAK
(Low, Stable)",45.37059441529079,47.87850889379911,300,200,0.03333333333333333,1.0,0.0,0,0,0,3.2,630.0529720764539
3-car / 2.0 min,"OFF-PEAK
(Low, Stable)",10.26394598202797,13.110662638166449,300,200,0.03571428571428571,1.0,0.0,0,0,2,4.0,455.31972991013987
3-car / 2.0 min,"OFF-PEAK
(Low, Stable)",100.58934413839022,108.07441522454849,6,0,0.0006666666666666666,0.02,0.0,0,0,0,3.2,13.258934413839022
3-car / 2.0 min,"OFF-PEAK
(Low, Stable)",83.61370213053524,87.26092365827279,5,0,0.0005376344086021505,0.016666666666666666,0.0,0,0,0,3.2,10.167808510877936
3-car / 2.0 min,"OFF-PEAK
(Low, Stable)",88.72442137331046,92.84298651975463,13,0,0.0013978494623655914,0.043333333333333335,0.0,0,0,0,3.2,22.423624630883932
3-car / 2.0 min,"OFF-PEAK
(Low, Stable)",75.03965824374517,79.6795397900687,7,0,0.0007777777777777778,0.023333333333333334,0.0,0,0,1,3.6,12.354626795103602
3-car / 2.0 min,"OFF-PEAK
(Low, Stable)",66.2904120751439,68.98152276792544,300,200,0.03225806451612903,1.0,0.0,0,0,0,3.2,734.6520603757194
3-car / 2.0 min,"OFF-PEAK
(Low, Stable)",57.29720180146083,60.105724571694175,300,200,0.03225806451612903,1.0,0.0,0,0,0,3.2,689.6860090073042
3-car / 2.0 min,"OFF-PEAK
(Low, Stable)",56.12146676396314,77.33633222382356,10,0,0.0011111111111111111,0.02666666666666667,0.0,0,0,0,3.2,12.553577793993856
3-car / 2.0 min,"OFF-PEAK
(Low, Stable)",20.67402879285501,23.680541755235875,300,200,0.034482758620689655,1.0,0.0,0,0,1,3.6,506.97014396427505
3-car / 2.0 min,"OFF-PEAK
(Low, Stable)",20.438782887007918,79.86400873658394,303,197,0.03258064516129032,1.0,0.0,0,0,0,3.2,500.41585357939
3-car / 2.0 min,"OFF-PEAK
(Low, Stable)",57.92265122238377,60.77403833918103,300,200,0.03333333333333333,1.0,0.0,0,0,0,3.2,692.8132561119188
3-car / 2.0 min,"OFF-PEAK
(Low, Stable)",20.504686430322977,23.059563892908983,300,200,0.034482758620689655,1.0,0.0,0,0,1,3.6,506.1234321516149
3-car / 2.0 min,"OFF-PEAK
(Low, Stable)",37.30837981029925,40.241393682220846,300,200,0.03333333333333333,1.0,0.0,0,0,1,3.6,590.1418990514962
3-car / 2.0 min,"OFF-PEAK
(Low, Stable)",18.342407094247193,21.353581340916982,300,200,0.03225806451612903,1.0,0.0,0,0,0,3.2,494.912035471236
3-car / 2.0 min,"OFF-PEAK
(Low, Stable)",82.76117067961137,89.59662378128068,12,0,0.0012903225806451613,0.04,0.0,0,0,0,3.2,19.752234135922272
3-car / 2.0 min,"OFF-PEAK
(Low, Stable)",91.53991006692789,97.10302187522927,10,0,0.0011111111111111111,0.03333333333333333,0.0,0,0,0,3.2,18.456651677821313
3-car / 2.0 min,"OFF-PEAK
(Low, Stable)",34.89468836193892,37.490207658986286,300,200,0.03333333333333333,1.0,0.0,0,0,0,3.2,577.6734418096946
3-car / 2.0 min,"OFF-PEAK
(Low, Stable)",86.50598732679184,90.39923001451463,6,0,0.0006451612903225806,0.02,0.0,0,0,0,3.2,11.850598732679185
3-car / 2.0 min,"OFF-PEAK
(Low, Stable)",102.14735011885328,110.37258195289061,7,0,0.0007777777777777778,0.023333333333333334,0.0,0,0,0,3.2,15.117190847199549
3-car / 2.0 min,"OFF-PEAK
(Low, Stable)",92.93468344167745,96.27594276251216,12,0,0.0012903225806451613,0.04,0.0,0,0,0,3.2,21.786936688335487
3-car / 2.0 min,"OFF-PEAK
(Low, Stable)",64.45804820753035,67.82024138248708,8,0,0.0008888888888888889,0.02666666666666667,0.0,0,0,1,3.6,12.194406427670714
3-car / 2.0 min,"OFF-PEAK
(Low, Stable)",58.08107562692309,58.08107562692309,1,0,0.00011111111111111112,0.0033333333333333335,0.0,0,0,1,3.6,4.568017927115385
3-car / 2.0 min,"OFF-PEAK
(Low, Stable)",102.2631884852062,111.4892318632879,8,0,0.000860215053763441,0.02666666666666667,0.0,0,0,0,3.2,16.835091798027495
3-car / 2.0 min,"OFF-PEAK
(Low, Stable)",50.384185167330685,53.04283365437182,300,200,0.03225806451612903,1.0,0.0,0,0,0,3.2,655.1209258366534
3-car / 2.0 min,"OFF-PEAK
(Low, Stable)",95.51621833368716,104.25509247818385,10,0,0.001075268817204301,0.03333333333333333,0.0,0,0,0,3.2,19.119369722281196
3-car / 2.0 min,"OFF-PEAK
(Low, Stable)",71.10875333928902,72.29457996198477,5,0,0.0005555555555555556,0.016666666666666666,0.0,0,0,0,3.2,9.125729444940752
3-car / 2.0 min,"OFF-PEAK
(Low, Stable)",107.01139693520878,111.9919251645254,9,0,0.000967741935483871,0.03,0.0,0,0,0,3.2,19.251709540281315
3-car / 2.0 min,"OFF-PEAK
(Low, Stable)",5.017916883430551,57.498062743631216,195,0,0.020967741935483872,0.6066666666666667,0.0,0,0,0,3.2,19.508229871149293
3-car / 2.0 min,"OFF-PEAK
(Low, Stable)",88.46649682111816,92.57826568122431,8,0,0.000860215053763441,0.02666666666666667,0.0,0,0,0,3.2,14.99553290948242
3-car / 2.0 min,"OFF-PEAK
(Low, Stable)",16.854613462285396,19.708974594584298,300,200,0.03333333333333333,1.0,0.0,0,0,0,3.2,487.473067311427
3-car / 2.0 min,"OFF-PEAK
(Low, Stable)",23.69011554649014,26.533269789928095,301,199,0.03236559139784947,1.0,0.0,0,0,0,3.2,520.0454129915589
3-car / 2.0 min,"OFF-PEAK
(Low, Stable)",80.75128681814765,85.49736685073513,8,0,0.000860215053763441,0.02666666666666667,0.0,0,0,0,3.2,13.966838242419687
3-car / 2.0 min,"OFF-PEAK
(Low, Stable)",115.04862694245439,116.52741803983697,5,0,0.0005555555555555556,0.016666666666666666,0.0,0,0,0,3.2,12.787385578537865
3-car / 2.0 min,"OFF-PEAK
(Low, Stable)",6.648001503242985,44.16741746471925,302,198,0.033555555555555554,1.0,0.0,0,0,0,3.2,432.661607566323
3-car / 2.0 min,"OFF-PEAK
(Low, Stable)",25.122506449965023,28.25216377103297,300,200,0.03225806451612903,1.0,0.0,0,0,0,3.2,528.8125322498252
3-car / 2.0 min,"OFF-PEAK
(Low, Stable)",24.342314204740603,28.464369631317844,8,0,0.0008888888888888889,0.02666666666666667,0.0,0,0,0,3.2,6.445641893965414
3-car / 2.0 min,"OFF-PEAK
(Low, Stable)",66.75025479706989,70.95644834902893,8,0,0.000860215053763441,0.02666666666666667,0.0,0,0,0,3.2,12.10003397294265
3-car / 2.0 min,"OFF-PEAK
(Low, Stable)",118.7525548172696,121.65181046345505,300,200,0.034482758620689655,1.0,0.0,0,0,2,4.0,997.762774086348
3-car / 2.0 min,"OFF-PEAK
(Low, Stable)",30.243591031477354,32.808718165797245,300,200,0.034482758620689655,1.0,0.0,0,0,1,3.6,554.8179551573868
3-car / 2.0 min,"OFF-PEAK
(Low, Stable)",139.31848707287875,144.3202547151926,7,0,0.0008045977011494253,0.023333333333333334,0.0,0,0,1,3.6,19.853823491835858
3-car / 2.0 min,"OFF-PEAK
(Low, Stable)",16.270395005167533,19.361917850830807,300,200,0.03333333333333333,1.0,0.0,0,0,1,3.6,484.95197502583767
3-car / 2.0 min,"OFF-PEAK
(Low, Stable)",6.047268802719652,137.6333463336063,302,198,0.033555555555555554,1.0,0.0,0,0,0,3.2,429.63791964035556
3-car / 2.0 min,"OFF-PEAK
(Low, Stable)",67.62786820757712,74.67338491875795,3,0,0.0003333333333333333,0.01,0.0,0,0,0,3.2,6.5813934103788565
3-car / 2.0 min,"OFF-PEAK
(Low, Stable)",5.1269677288879185,93.83057064783021,302,198,0.03471264367816092,1.0,0.0,0,0,2,4.0,425.8057375687359
3-car / 2.0 min,"OFF-PEAK
(Low, Stable)",19.797405614186516,22.46249107634502,300,200,0.03333333333333333,1.0,0.0,0,0,1,3.6,502.58702807093255
3-car / 2.0 min,"OFF-PEAK
(Low, Stable)",115.96170938665617,118.26093761025217,4,0,0.00044444444444444447,0.013333333333333334,0.0,0,0,0,3.2,10.930780625777079
3-car / 2.0 min,"OFF-PEAK
(Low, Stable)",28.815838692673374,31.35967526654533,300,200,0.034482758620689655,1.0,0.0,0,0,1,3.6,547.6791934633668
3-car / 2.0 min,"OFF-PEAK
(Low, Stable)",10.610807013047456,100.04025974166763,301,199,0.03344444444444445,1.0,0.0,0,0,0,3.2,454.4308818487881
3-car / 2.0 min,"OFF-PEAK
(Low, Stable)",34.05167275388001,40.17293395589476,6,0,0.0006666666666666666,0.02,0.0,0,0,1,3.6,7.005167275388001
3-car / 2.0 min,"OFF-PEAK
(Low, Stable)",75.65726857808585,80.63638499485884,9,0,0.000967741935483871,0.03,0.0,0,0,0,3.2,14.54859028671288
3-car / 2.0 min,"OFF-PEAK
(Low, Stable)",126.97206003209918,129.20478824843536,7,0,0.0007526881720430108,0.023333333333333334,0.0,0,0,0,3.2,18.013407003744906
3-car / 2.0 min,"OFF-PEAK
(Low, Stable)",5.786157986036745,125.70594716756051,144,0,0.015483870967741935,0.4633333333333333,0.0,0,0,0,3.2,17.08677916648819
3-car / 2.0 min,"OFF-PEAK
(Low, Stable)",46.457668056226645,52.43932460142315,10,0,0.0011111111111111111,0.03333333333333333,0.0,0,0,1,3.6,11.342944676037774
3-car / 2.0 min,"OFF-PEAK
(Low, Stable)",3.0666861620372954,69.68601045782256,184,0,0.019784946236559138,0.6,0.0,0,0,0,3.2,12.604504230247706
3-car / 2.0 min,"OFF-PEAK
(Low, Stable)",21.315252215937583,24.55824767841251,300,200,0.03333333333333333,1.0,0.0,0,0,1,3.6,510.1762610796879
3-car / 2.0 min,"OFF-PEAK
(Low, Stable)",20.93254078782261,23.603136230118054,300,200,0.03333333333333333,1.0,0.0,0,0,1,3.6,508.26270393911307
3-car / 2.0 min,"OFF-PEAK
(Low, Stable)",96.74780690003841,104.10842075835598,11,0,0.0011827956989247312,0.03666666666666667,0.0,0,0,0,3.2,20.93709793167371
3-car / 2.0 min,"OFF-PEAK
(Low, Stable)",75.10577221244672,78.2602963014673,300,200,0.03333333333333333,1.0,0.0,0,0,0,3.2,778.7288610622336
3-car / 2.0 min,"OFF-PEAK
(Low, Stable)",114.88848439928792,118.10531231609217,8,0,0.0008888888888888889,0.02666666666666667,0.0,0,0,0,3.2,18.518464586571724
3-car / 2.0 min,"OFF-PEAK
(Low, Stable)",95.0647736392489,102.4509846202291,7,0,0.0007777777777777778,0.023333333333333334,0.0,0,0,0,3.2,14.290890257912373
3-car / 2.0 min,"OFF-PEAK
(Low, Stable)",108.00202352604799,112.85608235815417,5,0,0.0005376344086021505,0.016666666666666666,0.0,0,0,0,3.2,12.200168627170665
3-car / 2.0 min,"OFF-PEAK
(Low, Stable)",40.29677065453724,43.45761540511522,300,200,0.03333333333333333,1.0,0.0,0,0,0,3.2,604.6838532726862
3-car / 2.0 min,"OFF-PEAK
(Low, Stable)",37.05140362507565,40.12376843033912,300,200,0.03225806451612903,1.0,0.0,0,0,0,3.2,588.4570181253782
3-car / 2.0 min,"OFF-PEAK
(Low, Stable)",10.84275950580748,21.69702706076758,302,198,0.033555555555555554,1.0,0.0,0,0,0,3.2,453.77522284589764
3-car / 2.0 min,"OFF-PEAK
(Low, Stable)",93.48689024569228,95.54118242370765,5,0,0.0005376344086021505,0.016666666666666666,0.0,0,0,0,3.2,10.990574187141023
3-car / 2.0 min,"OFF-PEAK
(Low, Stable)",41.34541053378656,43.942640263045234,300,200,0.03333333333333333,1.0,0.0,0,0,0,3.2,609.9270526689328
3-car / 2.0 min,"OFF-PEAK
(Low, Stable)",143.45838241177646,147.83147397779834,7,0,0.0007526881720430108,0.023333333333333334,0.0,0,0,0,3.2,19.93681128137392
3-car / 2.0 min,"OFF-PEAK
(Low, Stable)",23.950015363963395,26.689026330266696,300,200,0.03333333333333333,1.0,0.0,0,0,1,3.6,523.350076819817
3-car / 2.0 min,"OFF-PEAK
(Low, Stable)",35.16242824711983,45.06527540250925,8,0,0.0008888888888888889,0.02666666666666667,0.0,0,0,0,3.2,7.888323766282644
3-car / 2.0 min,"OFF-PEAK
(Low, Stable)",11.0958372726546,43.52318013123711,303,197,0.033666666666666664,1.0,0.0,0,0,0,3.2,453.2339782269057
3-car / 2.0 min,"OFF-PEAK
(Low, Stable)",42.67951532892902,48.127755985497245,12,0,0.0012903225806451613,0.04,0.0,0,0,0,3.2,11.735903065785806
3-car / 2.0 min,"OFF-PEAK
(Low, Stable)",47.11892005200397,49.858071490605354,300,200,0.034482758620689655,1.0,0.0,0,0,1,3.6,639.1946002600198
3-car / 2.0 min,"OFF-PEAK
(Low, Stable)",84.40987648068008,86.97003832146768,10,0,0.001075268817204301,0.03333333333333333,0.0,0,0,0,3.2,17.268312746780015
3-car / 2.0 min,"OFF-PEAK
(Low, Stable)",22.509754607060618,73.10670793957811,301,199,0.03236559139784947,1.0,0.0,0,0,0,3.2,514.1239356120874
3-car / 2.0 min,"NORMAL
(Moderate, Typical)",24.815397636399723,25.6188550456644,300,1700,0.03333333333333333,1.0,0.0,0,0,0,3.2,3527.2769881819986
3-car / 2.0 min,"NORMAL
(Moderate, Typical)",25.171816189057633,25.947440272126855,300,1700,0.03333333333333333,1.0,0.0,0,0,1,3.6,3529.4590809452884
3-car / 2.0 min,"NORMAL
(Moderate, Typical)",9.18845263637399,9.89597031224908,300,1700,0.03333333333333333,1.0,0.0,0,0,0,3.2,3449.14226318187
3-car / 2.0 min,"NORMAL
(Moderate, Typical)",0.039647592421242245,0.06420834527512716,4,0,0.0004301075268817205,0.013333333333333334,0.0,0,0,0,3.2,3.202643172828083
3-car / 2.0 min,"NORMAL
(Moderate, Typical)",23.20741411170641,23.937204406947142,300,1700,0.03571428571428571,1.0,0.0,0,0,2,4.0,3520.037070558532
3-car / 2.0 min,"NORMAL
(Moderate, Typical)",0.0,0.0,0,0,0.0,0.0,0.0,0,0,1,3.6,3.6
3-car / 2.0 min,"NORMAL
(Moderate, Typical)",22.401792710681477,23.068823870560244,300,1700,0.03333333333333333,1.0,0.0,0,0,1,3.6,3515.608963553407
3-car / 2.0 min,"NORMAL
(Moderate, Typical)",0.0,0.0,0,0,0.0,0.0,0.0,0,0,1,3.6,3.6
3-car / 2.0 min,"NORMAL
(Moderate, Typical)",0.0,0.0,0,0,0.0,0.0,0.0,0,0,1,3.6,3.6
3-car / 2.0 min,"NORMAL
(Moderate, Typical)",24.343178016802508,25.089467570331916,300,1700,0.03333333333333333,1.0,0.0,0,0,1,3.6,3525.3158900840126
3-car / 2.0 min,"NORMAL
(Moderate, Typical)",0.0,0.0,0,0,0.0,0.0,0.0,0,0,1,3.6,3.6
3-car / 2.0 min,"NORMAL
(Moderate, Typical)",75.79885293316744,76.4702662233643,300,1700,0.03333333333333333,1.0,0.0,0,0,0,3.2,3782.194264665837
3-car / 2.0 min,"NORMAL
(Moderate, Typical)",0.0,0.0,0,0,0.0,0.0,0.0,0,0,0,3.2,3.2
3-car / 2.0 min,"NORMAL
(Moderate, Typical)",0.0,0.0,0,0,0.0,0.0,0.0,0,0,0,3.2,3.2
3-car / 2.0 min,"NORMAL
(Moderate, Typical)",10.3796340249601,11.085937605364817,300,1700,0.03225806451612903,1.0,0.0,0,0,0,3.2,3455.0981701248006
3-car / 2.0 min,"NORMAL
(Moderate, Typical)",4.759670463614966,5.524898296819435,300,1700,0.03333333333333333,1.0,0.0,0,0,0,3.2,3426.998352318075
3-car / 2.0 min,"NORMAL
(Moderate, Typical)",19.57389214209596,20.33489237913934,300,1700,0.034482758620689655,1.0,0.0,0,0,1,3.6,3501.46946071048
3-car / 2.0 min,"NORMAL
(Moderate, Typical)",12.869879314907168,13.557925605621097,300,1700,0.03225806451612903,1.0,0.0,0,0,0,3.2,3467.549396574536
3-car / 2.0 min,"NORMAL
(Moderate, Typical)",0.0,0.0,0,0,0.0,0.0,0.0,0,0,1,3.6,3.6
3-car / 2.0 min,"NORMAL
(Moderate, Typical)",2.2927937032428836,3.0007127450506714,300,1700,0.03225806451612903,1.0,0.0,0,0,0,3.2,3414.6639685162145
3-car / 2.0 min,"NORMAL
(Moderate, Typical)",0.0,0.0,0,0,0.0,0.0,0.0,0,0,1,3.6,3.6
3-car / 2.0 min,"NORMAL
(Moderate, Typical)",0.0,0.0,0,0,0.0,0.0,0.0,0,0,0,3.2,3.2
3-car / 2.0 min,"NORMAL
(Moderate, Typical)",4.455901096651723,5.14864610197479,300,1700,0.03225806451612903,1.0,0.0,0,0,0,3.2,3425.4795054832584
3-car / 2.0 min,"NORMAL
(Moderate, Typical)",0.0,0.0,0,0,0.0,0.0,0.0,0,0,0,3.2,3.2
3-car / 2.0 min,"NORMAL
(Moderate, Typical)",0.0,0.0,0,0,0.0,0.0,0.0,0,0,0,3.2,3.2
3-car / 2.0 min,"NORMAL
(Moderate, Typical)",0.0,0.0,0,0,0.0,0.0,0.0,0,0,2,4.0,4.0
3-car / 2.0 min,"NORMAL
(Moderate, Typical)",0.0,0.0,0,0,0.0,0.0,0.0,0,0,0,3.2,3.2
3-car / 2.0 min,"NORMAL
(Moderate, Typical)",7.440014633297512,8.196521739456541,300,1700,0.03571428571428571,1.0,0.0,0,0,2,4.0,3441.2000731664875
3-car / 2.0 min,"NORMAL
(Moderate, Typical)",18.32273823816188,19.102976538430617,300,1700,0.03225806451612903,1.0,0.0,0,0,0,3.2,3494.8136911908095
3-car / 2.0 min,"NORMAL
(Moderate, Typical)",29.926526017410797,30.655672647441982,300,1700,0.034482758620689655,1.0,0.0,0,0,2,4.0,3553.632630087054
3-car / 2.0 min,"NORMAL
(Moderate, Typical)",23.014779136391795,23.697925203390124,300,1700,0.03225806451612903,1.0,0.0,0,0,0,3.2,3518.273895681959
3-car / 2.0 min,"NORMAL
(Moderate, Typical)",0.0,0.0,0,0,0.0,0.0,0.0,0,0,0,3.2,3.2
3-car / 2.0 min,"NORMAL
(Moderate, Typical)",0.0,0.0,0,0,0.0,0.0,0.0,0,0,0,3.2,3.2
3-car / 2.0 min,"NORMAL
(Moderate, Typical)",9.131115640102,9.883116968502016,300,1700,0.034482758620689655,1.0,0.0,0,0,1,3.6,3449.25557820051
3-car / 2.0 min,"NORMAL
(Moderate, Typical)",0.0,0.0,0,0,0.0,0.0,0.0,0,0,1,3.6,3.6
3-car / 2.0 min,"NORMAL
(Moderate, Typical)",0.0,0.0,0,0,0.0,0.0,0.0,0,0,1,3.6,3.6
3-car / 2.0 min,"NORMAL
(Moderate, Typical)",16.876593720426573,17.596380552398525,300,1700,0.03333333333333333,1.0,0.0,0,0,1,3.6,3487.982968602133
3-car / 2.0 min,"NORMAL
(Moderate, Typical)",9.310241028388567,9.988637584212748,300,1700,0.034482758620689655,1.0,0.0,0,0,1,3.6,3450.1512051419427
3-car / 2.0 min,"NORMAL
(Moderate, Typical)",9.608508145488791,10.29567311676097,300,1700,0.03333333333333333,1.0,0.0,0,0,1,3.6,3451.642540727444
3-car / 2.0 min,"NORMAL
(Moderate, Typical)",28.97386751433159,29.6409674829458,300,1700,0.034482758620689655,1.0,0.0,0,0,1,3.6,3548.469337571658
3-car / 2.0 min,"NORMAL
(Moderate, Typical)",15.125872236201616,15.86386843439723,300,1700,0.03571428571428571,1.0,0.0,0,0,3,4.4,3480.029361181008
3-car / 2.0 min,"NORMAL
(Moderate, Typical)",0.0,0.0,0,0,0.0,0.0,0.0,0,0,0,3.2,3.2
3-car / 2.0 min,"NORMAL
(Moderate, Typical)",0.0,0.0,0,0,0.0,0.0,0.0,0,0,0,3.2,3.2
3-car / 2.0 min,"NORMAL
(Moderate, Typical)",0.0,0.0,0,0,0.0,0.0,0.0,0,0,0,3.2,3.2
3-car / 2.0 min,"NORMAL
(Moderate, Typical)",14.832407475944844,15.518038889418,300,1700,0.03333333333333333,1.0,0.0,0,0,0,3.2,3477.3620373797244
3-car / 2.0 min,"NORMAL
(Moderate, Typical)",0.0,0.0,0,0,0.0,0.0,0.0,0,0,1,3.6,3.6
3-car / 2.0 min,"NORMAL
(Moderate, Typical)",0.0,0.0,0,0,0.0,0.0,0.0,0,0,0,3.2,3.2
3-car / 2.0 min,"NORMAL
(Moderate, Typical)",0.0,0.0,0,0,0.0,0.0,0.0,0,0,0,3.2,3.2
3-car / 2.0 min,"NORMAL
(Moderate, Typical)",0.0,0.0,0,0,0.0,0.0,0.0,0,0,1,3.6,3.6
3-car / 2.0 min,"NORMAL
(Moderate, Typical)",0.0,0.0,0,0,0.0,0.0,0.0,0,0,1,3.6,3.6
3-car / 2.0 min,"NORMAL
(Moderate, Typical)",0.0,0.0,0,0,0.0,0.0,0.0,0,0,0,3.2,3.2
3-car / 2.0 min,"NORMAL
(Moderate, Typical)",0.0,0.0,0,0,0.0,0.0,0.0,0,0,1,3.6,3.6
3-car / 2.0 min,"NORMAL
(Moderate, Typical)",45.37756472733316,46.11796128844938,300,1700,0.03333333333333333,1.0,0.0,0,0,0,3.2,3630.0878236366657
3-car / 2.0 min,"NORMAL
(Moderate, Typical)",6.278805350628989,7.037166168367479,300,1700,0.03225806451612903,1.0,0.0,0,0,0,3.2,3434.594026753145
3-car / 2.0 min,"NORMAL
(Moderate, Typical)",0.0,0.0,0,0,0.0,0.0,0.0,0,0,0,3.2,3.2
3-car / 2.0 min,"NORMAL
(Moderate, Typical)",0.0,0.0,0,0,0.0,0.0,0.0,0,0,0,3.2,3.2
3-car / 2.0 min,"NORMAL
(Moderate, Typical)",7.67477755714088,8.403181590033787,300,1700,0.034482758620689655,1.0,0.0,0,0,1,3.6,3441.9738877857044
3-car / 2.0 min,"NORMAL
(Moderate, Typical)",0.7237351540553475,1.4519202762889385,300,1700,0.03225806451612903,1.0,0.0,0,0,0,3.2,3406.8186757702765
3-car / 2.0 min,"NORMAL
(Moderate, Typical)",0.0,0.0,0,0,0.0,0.0,0.0,0,0,0,3.2,3.2
3-car / 2.0 min,"NORMAL
(Moderate, Typical)",21.227202995370956,21.972741167102562,300,1700,0.03225806451612903,1.0,0.0,0,0,0,3.2,3509.3360149768546
3-car / 2.0 min,"NORMAL
(Moderate, Typical)",10.415326817343008,11.090280606134792,300,1700,0.03225806451612903,1.0,0.0,0,0,0,3.2,3455.276634086715
3-car / 2.0 min,"NORMAL
(Moderate, Typical)",0.0,0.0,0,0,0.0,0.0,0.0,0,0,1,3.6,3.6
3-car / 2.0 min,"NORMAL
(Moderate, Typical)",0.0,0.0,0,0,0.0,0.0,0.0,0,0,1,3.6,3.6
3-car / 2.0 min,"NORMAL
(Moderate, Typical)",0.0,0.0,0,0,0.0,0.0,0.0,0,0,1,3.6,3.6
3-car / 2.0 min,"NORMAL
(Moderate, Typical)",0.0,0.0,0,0,0.0,0.0,0.0,0,0,0,3.2,3.2
3-car / 2.0 min,"NORMAL
(Moderate, Typical)",10.877468547590961,11.588286981202412,300,1700,0.03333333333333333,1.0,0.0,0,0,0,3.2,3457.5873427379547
3-car / 2.0 min,"NORMAL
(Moderate, Typical)",0.0,0.0,0,0,0.0,0.0,0.0,0,0,1,3.6,3.6
3-car / 2.0 min,"NORMAL
(Moderate, Typical)",0.0,0.0,0,0,0.0,0.0,0.0,0,0,0,3.2,3.2
3-car / 2.0 min,"NORMAL
(Moderate, Typical)",48.599044931567974,49.24594905110737,300,1700,0.034482758620689655,1.0,0.0,0,0,1,3.6,3646.59522465784
3-car / 2.0 min,"NORMAL
(Moderate, Typical)",0.0,0.0,0,0,0.0,0.0,0.0,0,0,1,3.6,3.6
3-car / 2.0 min,"NORMAL
(Moderate, Typical)",2.708488923942491,3.4897778671686366,300,1700,0.034482758620689655,1.0,0.0,0,0,1,3.6,3417.1424446197125
3-car / 2.0 min,"NORMAL
(Moderate, Typical)",0.0,0.0,0,0,0.0,0.0,0.0,0,0,0,3.2,3.2
3-car / 2.0 min,"NORMAL
(Moderate, Typical)",0.0,0.0,0,0,0.0,0.0,0.0,0,0,0,3.2,3.2
3-car / 2.0 min,"NORMAL
(Moderate, Typical)",40.3688175517703,41.08189068265312,300,1700,0.03333333333333333,1.0,0.0,0,0,0,3.2,3605.0440877588517
3-car / 2.0 min,"NORMAL
(Moderate, Typical)",0.0,0.0,0,0,0.0,0.0,0.0,0,0,0,3.2,3.2
3-car / 2.0 min,"NORMAL
(Moderate, Typical)",49.93703820791692,50.677742868237885,300,1700,0.03333333333333333,1.0,0.0,0,0,1,3.6,3653.285191039585
3-car / 2.0 min,"NORMAL
(Moderate, Typical)",1.1322184130799944,1.8076833308628593,300,1700,0.034482758620689655,1.0,0.0,0,0,2,4.0,3409.6610920653998
3-car / 2.0 min,"NORMAL
(Moderate, Typical)",90.69990287609124,91.45830821353881,300,1700,0.034482758620689655,1.0,0.0,0,0,1,3.6,3857.099514380456
3-car / 2.0 min,"NORMAL
(Moderate, Typical)",0.0,0.0,0,0,0.0,0.0,0.0,0,0,0,3.2,3.2
3-car / 2.0 min,"NORMAL
(Moderate, Typical)",0.0,0.0,0,0,0.0,0.0,0.0,0,0,1,3.6,3.6
3-car / 2.0 min,"NORMAL
(Moderate, Typical)",0.3742967252635799,1.0300869716186871,262,0,0.03011494252873563,0.8733333333333333,0.0,0,0,1,3.6,5.234429033650965
3-car / 2.0 min,"NORMAL
(Moderate, Typical)",0.0,0.0,0,0,0.0,0.0,0.0,0,0,0,3.2,3.2
3-car / 2.0 min,"NORMAL
(Moderate, Typical)",0.0,0.0,0,0,0.0,0.0,0.0,0,0,1,3.6,3.6
3-car / 2.0 min,"NORMAL
(Moderate, Typical)",1.3400031742995822,1.9968927132063683,300,1700,0.03333333333333333,1.0,0.0,0,0,2,4.0,3410.7000158714977
3-car / 2.0 min,"NORMAL
(Moderate, Typical)",0.0,0.0,0,0,0.0,0.0,0.0,0,0,0,3.2,3.2
3-car / 2.0 min,"NORMAL
(Moderate, Typical)",0.0,0.0,0,0,0.0,0.0,0.0,0,0,0,3.2,3.2
3-car / 2.0 min,"NORMAL
(Moderate, Typical)",34.18583640984313,34.955344848885865,300,1700,0.03333333333333333,1.0,0.0,0,0,0,3.2,3574.1291820492156
3-car / 2.0 min,"NORMAL
(Moderate, Typical)",18.5471630911568,19.28156654629359,300,1700,0.03225806451612903,1.0,0.0,0,0,0,3.2,3495.935815455784
3-car / 2.0 min,"NORMAL
(Moderate, Typical)",0.0,0.0,0,0,0.0,0.0,0.0,0,0,2,4.0,4.0
3-car / 2.0 min,"NORMAL
(Moderate, Typical)",0.0,0.0,0,0,0.0,0.0,0.0,0,0,1,3.6,3.6
3-car / 2.0 min,"NORMAL
(Moderate, Typical)",27.371030918249343,28.12270769518149,300,1700,0.03333333333333333,1.0,0.0,0,0,1,3.6,3540.455154591247
3-car / 2.0 min,"NORMAL
(Moderate, Typical)",0.0,0.0,0,0,0.0,0.0,0.0,0,0,0,3.2,3.2
3-car / 2.0 min,"NORMAL
(Moderate, Typical)",24.116991067871314,24.74596626621634,300,1700,0.03225806451612903,1.0,0.0,0,0,0,3.2,3523.7849553393567
3-car / 2.0 min,"NORMAL
(Moderate, Typical)",0.0,0.0,0,0,0.0,0.0,0.0,0,0,0,3.2,3.2
3-car / 2.0 min,"NORMAL
(Moderate, Typical)",0.0,0.0,0,0,0.0,0.0,0.0,0,0,3,4.4,4.4
3-car / 2.0 min,"NORMAL
(Moderate, Typical)",0.0,0.0,0,0,0.0,0.0,0.0,0,0,0,3.2,3.2
3-car / 2.0 min,"NORMAL
(Moderate, Typical)",0.11829967150379017,0.3496607676696443,31,0,0.003333333333333333,0.10333333333333333,0.0,0,0,0,3.2,3.261121496943625
3-car / 2.0 min,"NORMAL
(Moderate, Typical)",5.408242044638192,6.153838470883688,300,1700,0.034482758620689655,1.0,0.0,0,0,2,4.0,3431.041210223191
3-car / 2.0 min,"NORMAL
(Moderate, Typical)",24.308057741388506,25.028981572323218,300,1700,0.034482758620689655,1.0,0.0,0,0,1,3.6,3525.1402887069426
3-car / 2.0 min,"NORMAL
(Moderate, Typical)",13.340210801301009,14.062566620993946,300,1700,0.03333333333333333,1.0,0.0,0,0,0,3.2,3469.901054006505
3-car / 2.0 min,"PEAK
(High, Busy)",0.0,0.0,0,0,0.0,0.0,0.0,0,0,1,3.6,3.6
3-car / 2.0 min,"PEAK
(High, Busy)",0.0,0.0,0,0,0.0,0.0,0.0,0,0,2,4.0,4.0
3-car / 2.0 min,"PEAK
(High, Busy)",0.0,0.0,0,0,0.0,0.0,0.0,0,0,0,3.2,3.2
3-car / 2.0 min,"PEAK
(High, Busy)",8.331363049170957,8.561241219316289,300,3700,0.034482758620689655,1.0,0.0,0,0,1,3.6,7445.256815245854
3-car / 2.0 min,"PEAK
(High, Busy)",19.05402148518438,19.308637322146318,300,3700,0.03225806451612903,1.0,0.0,0,0,0,3.2,7498.470107425922
3-car / 2.0 min,"PEAK
(High, Busy)",26.73627803180718,26.9947521813808,300,3700,0.03333333333333333,1.0,0.0,0,0,0,3.2,7536.881390159036
3-car / 2.0 min,"PEAK
(High, Busy)",13.77799931344501,14.04815990942203,300,3700,0.03571428571428571,1.0,0.0,0,0,2,4.0,7472.889996567225
3-car / 2.0 min,"PEAK
(High, Busy)",0.0,0.0,0,0,0.0,0.0,0.0,0,0,1,3.6,3.6
3-car / 2.0 min,"PEAK
(High, Busy)",0.0,0.0,0,0,0.0,0.0,0.0,0,0,1,3.6,3.6
3-car / 2.0 min,"PEAK
(High, Busy)",0.0,0.0,0,0,0.0,0.0,0.0,0,0,0,3.2,3.2
3-car / 2.0 min,"PEAK
(High, Busy)",19.915666116522292,20.15815870633125,300,3700,0.034482758620689655,1.0,0.0,0,0,1,3.6,7503.178330582611
3-car / 2.0 min,"PEAK
(High, Busy)",30.67761513754985,30.935409996196316,300,3700,0.03333333333333333,1.0,0.0,0,0,0,3.2,7556.58807568775
3-car / 2.0 min,"PEAK
(High, Busy)",26.801313384396412,27.01804674586708,300,3700,0.03333333333333333,1.0,0.0,0,0,0,3.2,7537.206566921982
3-car / 2.0 min,"PEAK
(High, Busy)",0.0,0.0,0,0,0.0,0.0,0.0,0,0,2,4.0,4.0
3-car / 2.0 min,"PEAK
(High, Busy)",10.158741290406843,10.396797706685454,300,3700,0.03333333333333333,1.0,0.0,0,0,0,3.2,7453.9937064520345
3-car / 2.0 min,"PEAK
(High, Busy)",0.0,0.0,0,0,0.0,0.0,0.0,0,0,0,3.2,3.2
3-car / 2.0 min,"PEAK
(High, Busy)",0.0,0.0,0,0,0.0,0.0,0.0,0,0,1,3.6,3.6
3-car / 2.0 min,"PEAK
(High, Busy)",0.8535599209440742,1.0733248476859623,300,3700,0.034482758620689655,1.0,0.0,0,0,1,3.6,7407.86779960472
3-car / 2.0 min,"PEAK
(High, Busy)",0.0,0.0,0,0,0.0,0.0,0.0,0,0,0,3.2,3.2
3-car / 2.0 min,"PEAK
(High, Busy)",0.0,0.0,0,0,0.0,0.0,0.0,0,0,0,3.2,3.2
3-car / 2.0 min,"PEAK
(High, Busy)",0.0,0.0,0,0,0.0,0.0,0.0,0,0,1,3.6,3.6
3-car / 2.0 min,"PEAK
(High, Busy)",0.0,0.0,0,0,0.0,0.0,0.0,0,0,0,3.2,3.2
3-car / 2.0 min,"PEAK
(High, Busy)",12.344000811064362,12.5801381980655,300,3700,0.03333333333333333,1.0,0.0,0,0,0,3.2,7464.920004055321
3-car / 2.0 min,"PEAK
(High, Busy)",16.301034474070846,16.549402621943273,300,3700,0.03571428571428571,1.0,0.0,0,0,2,4.0,7485.505172370355
3-car / 2.0 min,"PEAK
(High, Busy)",50.64451370080283,50.883744838528024,300,3700,0.034482758620689655,1.0,0.0,0,0,1,3.6,7656.822568504014
3-car / 2.0 min,"PEAK
(High, Busy)",0.0,0.0,0,0,0.0,0.0,0.0,0,0,1,3.6,3.6
3-car / 2.0 min,"PEAK
(High, Busy)",0.0,0.0,0,0,0.0,0.0,0.0,0,0,0,3.2,3.2
3-car / 2.0 min,"PEAK
(High, Busy)",13.444050738471022,13.698383321311697,300,3700,0.03333333333333333,1.0,0.0,0,0,0,3.2,7470.420253692355
3-car / 2.0 min,"PEAK
(High, Busy)",0.0,0.0,0,0,0.0,0.0,0.0,0,0,1,3.6,3.6
3-car / 2.0 min,"PEAK
(High, Busy)",0.0,0.0,0,0,0.0,0.0,0.0,0,0,1,3.6,3.6
3-car / 2.0 min,"PEAK
(High, Busy)",13.856002945604827,14.082443944503954,300,3700,0.03225806451612903,1.0,0.0,0,0,0,3.2,7472.480014728024
3-car / 2.0 min,"PEAK
(High, Busy)",63.57492165765596,63.837238214053286,300,3700,0.03225806451612903,1.0,0.0,0,0,0,3.2,7721.07460828828
3-car / 2.0 min,"PEAK
(High, Busy)",14.215105355579551,14.457094414453854,300,3700,0.03571428571428571,1.0,0.0,0,0,2,4.0,7475.075526777898
3-car / 2.0 min,"PEAK
(High, Busy)",0.0,0.0,0,0,0.0,0.0,0.0,0,0,1,3.6,3.6
3-car / 2.0 min,"PEAK
(High, Busy)",10.670872088412306,10.926305712345298,300,3700,0.034482758620689655,1.0,0.0,0,0,1,3.6,7456.954360442061
3-car / 2.0 min,"PEAK
(High, Busy)",0.0,0.0,0,0,0.0,0.0,0.0,0,0,1,3.6,3.6
3-car / 2.0 min,"PEAK
(High, Busy)",73.71477607222515,73.93767409689372,300,3700,0.034482758620689655,1.0,0.0,0,0,1,3.6,7772.173880361126
3-car / 2.0 min,"PEAK
(High, Busy)",1.898572496625371,2.132346942408924,300,3700,0.03225806451612903,1.0,0.0,0,0,0,3.2,7412.692862483127
3-car / 2.0 min,"PEAK
(High, Busy)",0.0,0.0,0,0,0.0,0.0,0.0,0,0,2,4.0,4.0
3-car / 2.0 min,"PEAK
(High, Busy)",2.560864419178318,2.7879292152212156,300,3700,0.03333333333333333,1.0,0.0,0,0,0,3.2,7416.004322095891
3-car / 2.0 min,"PEAK
(High, Busy)",16.514319896349647,16.76440836717825,300,3700,0.03571428571428571,1.0,0.0,0,0,3,4.4,7486.971599481748
3-car / 2.0 min,"PEAK
(High, Busy)",68.58423591483492,68.82775402639511,300,3700,0.03571428571428571,1.0,0.0,0,0,2,4.0,7746.921179574175
3-car / 2.0 min,"PEAK
(High, Busy)",70.05711213149395,70.30043455911985,300,3700,0.03333333333333333,1.0,0.0,0,0,0,3.2,7753.485560657469
3-car / 2.0 min,"PEAK
(High, Busy)",0.0,0.0,0,0,0.0,0.0,0.0,0,0,0,3.2,3.2
3-car / 2.0 min,"PEAK
(High, Busy)",2.9575283786493465,3.2062929577495893,300,3700,0.03333333333333333,1.0,0.0,0,0,0,3.2,7417.987641893246
3-car / 2.0 min,"PEAK
(High, Busy)",0.0,0.0,0,0,0.0,0.0,0.0,0,0,0,3.2,3.2
3-car / 2.0 min,"PEAK
(High, Busy)",0.0,0.0,0,0,0.0,0.0,0.0,0,0,1,3.6,3.6
3-car / 2.0 min,"PEAK
(High, Busy)",3.568240174112637,3.826481241880451,300,3700,0.03333333333333333,1.0,0.0,0,0,0,3.2,7421.041200870563
3-car / 2.0 min,"PEAK
(High, Busy)",0.0,0.0,0,0,0.0,0.0,0.0,0,0,1,3.6,3.6
3-car / 2.0 min,"PEAK
(High, Busy)",0.0,0.0,0,0,0.0,0.0,0.0,0,0,1,3.6,3.6
3-car / 2.0 min,"PEAK
(High, Busy)",17.65281042345977,17.87080028685295,300,3700,0.03571428571428571,1.0,0.0,0,0,3,4.4,7492.6640521172985
3-car / 2.0 min,"PEAK
(High, Busy)",0.0,0.0,0,0,0.0,0.0,0.0,0,0,0,3.2,3.2
3-car / 2.0 min,"PEAK
(High, Busy)",25.598420647241646,25.82649110513033,300,3700,0.034482758620689655,1.0,0.0,0,0,1,3.6,7531.5921032362085
3-car / 2.0 min,"PEAK
(High, Busy)",0.0,0.0,0,0,0.0,0.0,0.0,0,0,2,4.0,4.0
3-car / 2.0 min,"PEAK
(High, Busy)",0.0,0.0,0,0,0.0,0.0,0.0,0,0,0,3.2,3.2
3-car / 2.0 min,"PEAK
(High, Busy)",34.69895876499791,34.95028314496946,300,3700,0.03333333333333333,1.0,0.0,0,0,0,3.2,7576.69479382499
3-car / 2.0 min,"PEAK
(High, Busy)",0.0,0.0,0,0,0.0,0.0,0.0,0,0,1,3.6,3.6
3-car / 2.0 min,"PEAK
(High, Busy)",17.39360129653338,17.632378109204303,300,3700,0.03333333333333333,1.0,0.0,0,0,1,3.6,7490.5680064826665
3-car / 2.0 min,"PEAK
(High, Busy)",10.21582570265743,10.46889800799953,300,3700,0.03333333333333333,1.0,0.0,0,0,0,3.2,7454.279128513287
3-car / 2.0 min,"PEAK
(High, Busy)",6.343612053459907,6.576087621823629,300,3700,0.03333333333333333,1.0,0.0,0,0,1,3.6,7435.318060267299
3-car / 2.0 min,"PEAK
(High, Busy)",0.0,0.0,0,0,0.0,0.0,0.0,0,0,1,3.6,3.6
3-car / 2.0 min,"PEAK
(High, Busy)",0.0,0.0,0,0,0.0,0.0,0.0,0,0,0,3.2,3.2
3-car / 2.0 min,"PEAK
(High, Busy)",31.09881270020315,31.342685859712002,300,3700,0.03333333333333333,1.0,0.0,0,0,1,3.6,7559.094063501016
3-car / 2.0 min,"PEAK
(High, Busy)",0.0,0.0,0,0,0.0,0.0,0.0,0,0,1,3.6,3.6
3-car / 2.0 min,"PEAK
(High, Busy)",92.42260894585779,92.64407798827416,300,3700,0.034482758620689655,1.0,0.0,0,0,1,3.6,7865.713044729289
3-car / 2.0 min,"PEAK
(High, Busy)",13.456620351571038,13.694691020928989,300,3700,0.03333333333333333,1.0,0.0,0,0,1,3.6,7470.883101757855
3-car / 2.0 min,"PEAK
(High, Busy)",0.0,0.0,0,0,0.0,0.0,0.0,0,0,1,3.6,3.6
3-car / 2.0 min,"PEAK
(High, Busy)",0.0,0.0,0,0,0.0,0.0,0.0,0,0,1,3.6,3.6
3-car / 2.0 min,"PEAK
(High, Busy)",0.0,0.0,0,0,0.0,0.0,0.0,0,0,0,3.2,3.2
3-car / 2.0 min,"PEAK
(High, Busy)",55.42760082815194,55.665457897230624,300,3700,0.034482758620689655,1.0,0.0,0,0,1,3.6,7680.73800414076
3-car / 2.0 min,"PEAK
(High, Busy)",0.0,0.0,0,0,0.0,0.0,0.0,0,0,1,3.6,3.6
3-car / 2.0 min,"PEAK
(High, Busy)",28.96512266790727,29.218277042515602,300,3700,0.03333333333333333,1.0,0.0,0,0,0,3.2,7548.025613339536
3-car / 2.0 min,"PEAK
(High, Busy)",0.0,0.0,0,0,0.0,0.0,0.0,0,0,1,3.6,3.6
3-car / 2.0 min,"PEAK
(High, Busy)",0.0,0.0,0,0,0.0,0.0,0.0,0,0,3,4.4,4.4
3-car / 2.0 min,"PEAK
(High, Busy)",22.3030327034897,22.54697265550122,300,3700,0.03333333333333333,1.0,0.0,0,0,0,3.2,7514.715163517449
3-car / 2.0 min,"PEAK
(High, Busy)",0.0,0.0,0,0,0.0,0.0,0.0,0,0,0,3.2,3.2
3-car / 2.0 min,"PEAK
(High, Busy)",13.414484192619392,13.63865898242844,300,3700,0.03225806451612903,1.0,0.0,0,0,0,3.2,7470.272420963097
3-car / 2.0 min,"PEAK
(High, Busy)",15.415794209530844,15.653739048954911,300,3700,0.034482758620689655,1.0,0.0,0,0,1,3.6,7480.678971047654
3-car / 2.0 min,"PEAK
(High, Busy)",95.10713788227444,95.35422036844649,300,3700,0.034482758620689655,1.0,0.0,0,0,1,3.6,7879.135689411372
3-car / 2.0 min,"PEAK
(High, Busy)",28.322627626806195,28.564206950006017,300,3700,0.03225806451612903,1.0,0.0,0,0,0,3.2,7544.813138134031
3-car / 2.0 min,"PEAK
(High, Busy)",22.583032952564924,22.82027116722808,300,3700,0.03333333333333333,1.0,0.0,0,0,0,3.2,7516.115164762825
3-car / 2.0 min,"PEAK
(High, Busy)",0.0,0.0,0,0,0.0,0.0,0.0,0,0,0,3.2,3.2
3-car / 2.0 min,"PEAK
(High, Busy)",0.0,0.0,0,0,0.0,0.0,0.0,0,0,0,3.2,3.2
3-car / 2.0 min,"PEAK
(High, Busy)",0.0,0.0,0,0,0.0,0.0,0.0,0,0,0,3.2,3.2
3-car / 2.0 min,"PEAK
(High, Busy)",0.0,0.0,0,0,0.0,0.0,0.0,0,0,1,3.6,3.6
3-car / 2.0 min,"PEAK
(High, Busy)",3.8106338323621944,4.0528287290602245,300,3700,0.03333333333333333,1.0,0.0,0,0,0,3.2,7422.253169161811
3-car / 2.0 min,"PEAK
(High, Busy)",22.407895297993733,22.627213054647456,300,3700,0.03333333333333333,1.0,0.0,0,0,1,3.6,7515.639476489969
3-car / 2.0 min,"PEAK
(High, Busy)",12.645726060793859,12.89035967146398,300,3700,0.03225806451612903,1.0,0.0,0,0,0,3.2,7466.428630303969
3-car / 2.0 min,"PEAK
(High, Busy)",38.90868982658787,39.10689454620536,300,3700,0.03571428571428571,1.0,0.0,0,0,3,4.4,7598.943449132939
3-car / 2.0 min,"PEAK
(High, Busy)",20.130955301576613,20.346069809784286,300,3700,0.034482758620689655,1.0,0.0,0,0,2,4.0,7504.654776507883
3-car / 2.0 min,"PEAK
(High, Busy)",0.0,0.0,0,0,0.0,0.0,0.0,0,0,0,3.2,3.2
3-car / 2.0 min,"PEAK
(High, Busy)",0.0,0.0,0,0,0.0,0.0,0.0,0,0,1,3.6,3.6
3-car / 2.0 min,"PEAK
(High, Busy)",0.2148889214207333,0.4567661113967611,300,3700,0.03333333333333333,1.0,0.0,0,0,1,3.6,7404.674444607103
3-car / 2.0 min,"PEAK
(High, Busy)",4.883842787239851,5.127519947232124,300,3700,0.03225806451612903,1.0,0.0,0,0,0,3.2,7427.619213936199
3-car / 2.0 min,"PEAK
(High, Busy)",10.221314652225617,10.46140142399651,300,3700,0.03225806451612903,1.0,0.0,0,0,0,3.2,7454.3065732611285
3-car / 2.0 min,"PEAK
(High, Busy)",0.0,0.0,0,0,0.0,0.0,0.0,0,0,1,3.6,3.6
3-car / 2.0 min,"PEAK
(High, Busy)",6.343365690292808,6.588052471616684,300,3700,0.03333333333333333,1.0,0.0,0,0,0,3.2,7434.916828451464
3-car / 2.0 min,"PEAK
(High, Busy)",0.0,0.0,0,0,0.0,0.0,0.0,0,0,0,3.2,3.2
3-car / 2.0 min,"PEAK
(High, Busy)",0.0,0.0,0,0,0.0,0.0,0.0,0,0,1,3.6,3.6
3-car / 2.0 min,"PEAK
(High, Busy)",0.0,0.0,0,0,0.0,0.0,0.0,0,0,0,3.2,3.2
3-car / 2.0 min,"SURGE
(Very High)",32.71518445034216,32.840448548560744,300,5700,0.03333333333333333,1.0,0.0,0,0,1,3.6,11567.17592225171
3-car / 2.0 min,"SURGE
(Very High)",0.0,0.0,0,0,0.0,0.0,0.0,0,0,0,3.2,3.2
3-car / 2.0 min,"SURGE
(Very High)",0.0,0.0,0,0,0.0,0.0,0.0,0,0,0,3.2,3.2
3-car / 2.0 min,"SURGE
(Very High)",5.716369989511075,5.836817443603756,300,5700,0.034482758620689655,1.0,0.0,0,0,1,3.6,11432.181849947556
3-car / 2.0 min,"SURGE
(Very High)",0.0,0.0,0,0,0.0,0.0,0.0,0,0,3,4.4,4.4
3-car / 2.0 min,"SURGE
(Very High)",34.22761526219712,34.35645350010502,300,5700,0.03571428571428571,1.0,0.0,0,0,2,4.0,11575.138076310986
3-car / 2.0 min,"SURGE
(Very High)",0.0,0.0,0,0,0.0,0.0,0.0,0,0,0,3.2,3.2
3-car / 2.0 min,"SURGE
(Very High)",17.45907884315932,17.591715657613886,300,5700,0.03225806451612903,1.0,0.0,0,0,0,3.2,11490.495394215797
3-car / 2.0 min,"SURGE
(Very High)",0.0,0.0,0,0,0.0,0.0,0.0,0,0,1,3.6,3.6
3-car / 2.0 min,"SURGE
(Very High)",0.0,0.0,0,0,0.0,0.0,0.0,0,0,0,3.2,3.2
3-car / 2.0 min,"SURGE
(Very High)",0.0,0.0,0,0,0.0,0.0,0.0,0,0,0,3.2,3.2
3-car / 2.0 min,"SURGE
(Very High)",0.0,0.0,0,0,0.0,0.0,0.0,0,0,1,3.6,3.6
3-car / 2.0 min,"SURGE
(Very High)",136.0436135753661,136.16897164384756,300,5700,0.034482758620689655,1.0,0.0,0,0,2,4.0,12084.21806787683
3-car / 2.0 min,"SURGE
(Very High)",0.0,0.0,0,0,0.0,0.0,0.0,0,0,0,3.2,3.2
3-car / 2.0 min,"SURGE
(Very High)",0.0,0.0,0,0,0.0,0.0,0.0,0,0,0,3.2,3.2
3-car / 2.0 min,"SURGE
(Very High)",0.0,0.0,0,0,0.0,0.0,0.0,0,0,0,3.2,3.2
3-car / 2.0 min,"SURGE
(Very High)",19.43491027461399,19.54325337024538,300,5700,0.034482758620689655,1.0,0.0,0,0,1,3.6,11500.77455137307
3-car / 2.0 min,"SURGE
(Very High)",0.0,0.0,0,0,0.0,0.0,0.0,0,0,0,3.2,3.2
3-car / 2.0 min,"SURGE
(Very High)",3.6259575409817497,3.7471580546393524,300,5700,0.03333333333333333,1.0,0.0,0,0,0,3.2,11421.329787704908
3-car / 2.0 min,"SURGE
(Very High)",0.0,0.0,0,0,0.0,0.0,0.0,0,0,2,4.0,4.0
3-car / 2.0 min,"SURGE
(Very High)",36.614685826654316,36.74414253834985,300,5700,0.03225806451612903,1.0,0.0,0,0,0,3.2,11586.27342913327
3-car / 2.0 min,"SURGE
(Very High)",0.0,0.0,0,0,0.0,0.0,0.0,0,0,0,3.2,3.2
3-car / 2.0 min,"SURGE
(Very High)",0.0,0.0,0,0,0.0,0.0,0.0,0,0,1,3.6,3.6
3-car / 2.0 min,"SURGE
(Very High)",0.0,0.0,0,0,0.0,0.0,0.0,0,0,0,3.2,3.2
3-car / 2.0 min,"SURGE
(Very High)",0.0,0.0,0,0,0.0,0.0,0.0,0,0,0,3.2,3.2
3-car / 2.0 min,"SURGE
(Very High)",0.0,0.0,0,0,0.0,0.0,0.0,0,0,0,3.2,3.2
3-car / 2.0 min,"SURGE
(Very High)",0.0,0.0,0,0,0.0,0.0,0.0,0,0,0,3.2,3.2
3-car / 2.0 min,"SURGE
(Very High)",0.0,0.0,0,0,0.0,0.0,0.0,0,0,4,4.800000000000001,4.800000000000001
3-car / 2.0 min,"SURGE
(Very High)",99.57109700198114,99.69955946743566,300,5700,0.03333333333333333,1.0,0.0,0,0,1,3.6,11901.455485009905
3-car / 2.0 min,"SURGE
(Very High)",0.36162418482707276,0.49631443764177985,300,5700,0.03225806451612903,1.0,0.0,0,0,0,3.2,11405.008120924136
3-car / 2.0 min,"SURGE
(Very High)",37.518048502560035,37.65366839779244,300,5700,0.03333333333333333,1.0,0.0,0,0,0,3.2,11590.7902425128
3-car / 2.0 min,"SURGE
(Very High)",8.308542520370054,8.441984209142433,300,5700,0.03225806451612903,1.0,0.0,0,0,0,3.2,11444.74271260185
3-car / 2.0 min,"SURGE
(Very High)",0.0,0.0,0,0,0.0,0.0,0.0,0,0,1,3.6,3.6
3-car / 2.0 min,"SURGE
(Very High)",25.175488962105565,25.303845314523024,300,5700,0.03225806451612903,1.0,0.0,0,0,0,3.2,11529.077444810528
3-car / 2.0 min,"SURGE
(Very High)",3.820958551728809,3.9550080461748127,300,5700,0.034482758620689655,1.0,0.0,0,0,1,3.6,11422.704792758645
3-car / 2.0 min,"SURGE
(Very High)",0.0,0.0,0,0,0.0,0.0,0.0,0,0,3,4.4,4.4
3-car / 2.0 min,"SURGE
(Very High)",0.0,0.0,0,0,0.0,0.0,0.0,0,0,2,4.0,4.0
3-car / 2.0 min,"SURGE
(Very High)",4.574874184476577,4.6931872935629135,300,5700,0.03225806451612903,1.0,0.0,0,0,0,3.2,11426.074370922383
3-car / 2.0 min,"SURGE
(Very High)",74.58412401613634,74.72304461336165,300,5700,0.034482758620689655,1.0,0.0,0,0,2,4.0,11776.920620080682
3-car / 2.0 min,"SURGE
(Very High)",0.0,0.0,0,0,0.0,0.0,0.0,0,0,0,3.2,3.2
3-car / 2.0 min,"SURGE
(Very High)",0.0,0.0,0,0,0.0,0.0,0.0,0,0,1,3.6,3.6
3-car / 2.0 min,"SURGE
(Very High)",74.58761901300876,74.71805919843946,300,5700,0.03333333333333333,1.0,0.0,0,0,1,3.6,11776.538095065043
3-car / 2.0 min,"SURGE
(Very High)",24.49477087496664,24.625712602534616,300,5700,0.03225806451612903,1.0,0.0,0,0,0,3.2,11525.673854374832
3-car / 2.0 min,"SURGE
(Very High)",0.0,0.0,0,0,0.0,0.0,0.0,0,0,1,3.6,3.6
3-car / 2.0 min,"SURGE
(Very High)",0.0,0.0,0,0,0.0,0.0,0.0,0,0,0,3.2,3.2
3-car / 2.0 min,"SURGE
(Very High)",18.49958917209121,18.6220212016702,300,5700,0.034482758620689655,1.0,0.0,0,0,1,3.6,11496.097945860456
3-car / 2.0 min,"SURGE
(Very High)",0.0,0.0,0,0,0.0,0.0,0.0,0,0,0,3.2,3.2
3-car / 2.0 min,"SURGE
(Very High)",25.777842417000613,25.904486237170904,300,5700,0.03225806451612903,1.0,0.0,0,0,0,3.2,11532.089212085004
3-car / 2.0 min,"SURGE
(Very High)",0.0,0.0,0,0,0.0,0.0,0.0,0,0,3,4.4,4.4
3-car / 2.0 min,"SURGE
(Very High)",17.44946770054909,17.58910662647381,300,5700,0.034482758620689655,1.0,0.0,0,0,1,3.6,11490.847338502745
3-car / 2.0 min,"SURGE
(Very High)",0.0,0.0,0,0,0.0,0.0,0.0,0,0,1,3.6,3.6
3-car / 2.0 min,"SURGE
(Very High)",0.0,0.0,0,0,0.0,0.0,0.0,0,0,2,4.0,4.0
3-car / 2.0 min,"SURGE
(Very High)",0.0,0.0,0,0,0.0,0.0,0.0,0,0,0,3.2,3.2
3-car / 2.0 min,"SURGE
(Very High)",0.26777920385311094,0.3865104085011639,300,5700,0.03333333333333333,1.0,0.0,0,0,0,3.2,11404.538896019265
3-car / 2.0 min,"SURGE
(Very High)",0.0,0.0,0,0,0.0,0.0,0.0,0,0,1,3.6,3.6
3-car / 2.0 min,"SURGE
(Very High)",0.0,0.0,0,0,0.0,0.0,0.0,0,0,2,4.0,4.0
3-car / 2.0 min,"SURGE
(Very High)",12.158705687985227,12.290858788062474,300,5700,0.03333333333333333,1.0,0.0,0,0,0,3.2,11463.993528439925
3-car / 2.0 min,"SURGE
(Very High)",3.492500342124901,3.6167440106601116,300,5700,0.03225806451612903,1.0,0.0,0,0,0,3.2,11420.662501710625
3-car / 2.0 min,"SURGE
(Very High)",0.0,0.0,0,0,0.0,0.0,0.0,0,0,0,3.2,3.2
3-car / 2.0 min,"SURGE
(Very High)",8.449233791542124,8.571085850002982,300,5700,0.03225806451612903,1.0,0.0,0,0,0,3.2,11445.446168957711
3-car / 2.0 min,"SURGE
(Very High)",16.18462157761547,16.30161741254216,300,5700,0.03333333333333333,1.0,0.0,0,0,0,3.2,11484.123107888077
3-car / 2.0 min,"SURGE
(Very High)",0.0,0.0,0,0,0.0,0.0,0.0,0,0,0,3.2,3.2
3-car / 2.0 min,"SURGE
(Very High)",0.0,0.0,0,0,0.0,0.0,0.0,0,0,1,3.6,3.6
3-car / 2.0 min,"SURGE
(Very High)",0.0,0.0,0,0,0.0,0.0,0.0,0,0,2,4.0,4.0
3-car / 2.0 min,"SURGE
(Very High)",0.0,0.0,0,0,0.0,0.0,0.0,0,0,2,4.0,4.0
3-car / 2.0 min,"SURGE
(Very High)",0.0,0.0,0,0,0.0,0.0,0.0,0,0,0,3.2,3.2
3-car / 2.0 min,"SURGE
(Very High)",2.405733602533819,2.521651227978902,300,5700,0.03333333333333333,1.0,0.0,0,0,1,3.6,11415.628668012669
3-car / 2.0 min,"SURGE
(Very High)",0.0,0.0,0,0,0.0,0.0,0.0,0,0,2,4.0,4.0
3-car / 2.0 min,"SURGE
(Very High)",11.25651005462002,11.38374770972735,300,5700,0.03571428571428571,1.0,0.0,0,0,3,4.4,11460.6825502731
3-car / 2.0 min,"SURGE
(Very High)",0.0,0.0,0,0,0.0,0.0,0.0,0,0,1,3.6,3.6
3-car / 2.0 min,"SURGE
(Very High)",9.961299708110724,10.087088688526912,300,5700,0.034482758620689655,1.0,0.0,0,0,1,3.6,11453.406498540553
3-car / 2.0 min,"SURGE
(Very High)",0.0,0.0,0,0,0.0,0.0,0.0,0,0,3,4.4,4.4
3-car / 2.0 min,"SURGE
(Very High)",115.80302634090205,115.94729146763366,300,5700,0.034482758620689655,1.0,0.0,0,0,2,4.0,11983.015131704511
3-car / 2.0 min,"SURGE
(Very High)",12.715785742839799,12.83526545036325,300,5700,0.03571428571428571,1.0,0.0,0,0,2,4.0,11467.5789287142
3-car / 2.0 min,"SURGE
(Very High)",24.38205535120313,24.510990781911485,300,5700,0.03571428571428571,1.0,0.0,0,0,2,4.0,11525.910276756016
3-car / 2.0 min,"SURGE
(Very High)",1.4695110321242666,1.598720986869754,300,5700,0.03333333333333333,1.0,0.0,0,0,0,3.2,11410.547555160621
3-car / 2.0 min,"SURGE
(Very High)",0.0,0.0,0,0,0.0,0.0,0.0,0,0,2,4.0,4.0
3-car / 2.0 min,"SURGE
(Very High)",161.4280033359657,161.5440942264827,300,5700,0.034482758620689655,1.0,0.0,0,0,2,4.0,12211.140016679828
3-car / 2.0 min,"SURGE
(Very High)",14.92346776425292,15.051722667357224,300,5700,0.03225806451612903,1.0,0.0,0,0,0,3.2,11477.817338821265
3-car / 2.0 min,"SURGE
(Very High)",135.7727468047114,135.89059937426646,300,5700,0.034482758620689655,1.0,0.0,0,0,2,4.0,12082.863734023556
3-car / 2.0 min,"SURGE
(Very High)",0.0,0.0,0,0,0.0,0.0,0.0,0,0,2,4.0,4.0
3-car / 2.0 min,"SURGE
(Very High)",55.09918613118971,55.237506919147194,300,5700,0.03225806451612903,1.0,0.0,0,0,0,3.2,11678.69593065595
3-car / 2.0 min,"SURGE
(Very High)",4.736541044494328,4.851512795615271,300,5700,0.03225806451612903,1.0,0.0,0,0,0,3.2,11426.882705222471
3-car / 2.0 min,"SURGE
(Very High)",0.0,0.0,0,0,0.0,0.0,0.0,0,0,1,3.6,3.6
3-car / 2.0 min,"SURGE
(Very High)",21.093247390979418,21.226542923632486,300,5700,0.03571428571428571,1.0,0.0,0,0,2,4.0,11509.466236954897
3-car / 2.0 min,"SURGE
(Very High)",0.0,0.0,0,0,0.0,0.0,0.0,0,0,0,3.2,3.2
3-car / 2.0 min,"SURGE
(Very High)",32.57587412101921,32.70497300692881,300,5700,0.03571428571428571,1.0,0.0,0,0,2,4.0,11566.879370605096
3-car / 2.0 min,"SURGE
(Very High)",0.0,0.0,0,0,0.0,0.0,0.0,0,0,0,3.2,3.2
3-car / 2.0 min,"SURGE
(Very High)",77.85676705485642,77.98547342226459,300,5700,0.03225806451612903,1.0,0.0,0,0,0,3.2,11792.483835274283
3-car / 2.0 min,"SURGE
(Very High)",35.08373994609373,35.214168203397875,300,5700,0.034482758620689655,1.0,0.0,0,0,1,3.6,11579.018699730468
3-car / 2.0 min,"SURGE
(Very High)",0.0,0.0,0,0,0.0,0.0,0.0,0,0,1,3.6,3.6
3-car / 2.0 min,"SURGE
(Very High)",25.57043078251698,25.69553901473724,300,5700,0.03571428571428571,1.0,0.0,0,0,2,4.0,11531.852153912585
3-car / 2.0 min,"SURGE
(Very High)",0.0,0.0,0,0,0.0,0.0,0.0,0,0,2,4.0,4.0
3-car / 2.0 min,"SURGE
(Very High)",0.0,0.0,0,0,0.0,0.0,0.0,0,0,1,3.6,3.6
3-car / 2.0 min,"SURGE
(Very High)",0.0,0.0,0,0,0.0,0.0,0.0,0,0,2,4.0,4.0
3-car / 2.0 min,"SURGE
(Very High)",0.0,0.0,0,0,0.0,0.0,0.0,0,0,0,3.2,3.2
3-car / 2.0 min,"SURGE
(Very High)",22.36305717047811,22.49085582578387,300,5700,0.03571428571428571,1.0,0.0,0,0,2,4.0,11515.81528585239
3-car / 2.0 min,"SURGE
(Very High)",0.0,0.0,0,0,0.0,0.0,0.0,0,0,0,3.2,3.2
3-car / 2.0 min,"SURGE
(Very High)",34.128454758213906,34.239297745033085,300,5700,0.03333333333333333,1.0,0.0,0,0,0,3.2,11573.84227379107
3-car / 2.0 min,"SURGE
(Very High)",15.710859690847025,15.848163075180475,300,5700,0.03225806451612903,1.0,0.0,0,0,0,3.2,11481.754298454234
3-car / 2.0 min,"DISRUPTION
(Delays + Surge)",0.0,0.0,0,0,0.0,0.0,0.0,0,0,1,3.6,3.6
3-car / 2.0 min,"DISRUPTION
(Delays + Surge)",0.0,0.0,0,0,0.0,0.0,0.0,0,0,2,4.0,4.0
3-car / 2.0 min,"DISRUPTION
(Delays + Surge)",6.327374241779994,6.502997493799072,300,4700,0.034482758620689655,1.0,0.0,0,0,1,3.6,9435.2368712089
3-car / 2.0 min,"DISRUPTION
(Delays + Surge)",0.0,0.0,0,0,0.0,0.0,0.0,0,0,2,4.0,4.0
3-car / 2.0 min,"DISRUPTION
(Delays + Surge)",5.364140679000516,5.537356080916871,300,4700,0.034482758620689655,1.0,0.0,0,0,1,3.6,9430.420703395002
3-car / 2.0 min,"DISRUPTION
(Delays + Surge)",23.411755151994253,23.595402356748966,300,4700,0.03333333333333333,1.0,0.0,0,0,0,3.2,9520.25877575997
3-car / 2.0 min,"DISRUPTION
(Delays + Surge)",0.0,0.0,0,0,0.0,0.0,0.0,0,0,1,3.6,3.6
3-car / 2.0 min,"DISRUPTION
(Delays + Surge)",2.243543478621087,2.420414970898669,300,4700,0.034482758620689655,1.0,0.0,0,0,1,3.6,9414.817717393105
3-car / 2.0 min,"DISRUPTION
(Delays + Surge)",0.0,0.0,0,0,0.0,0.0,0.0,0,0,3,4.4,4.4
3-car / 2.0 min,"DISRUPTION
(Delays + Surge)",67.24572294173021,67.4172980548519,300,4700,0.034482758620689655,1.0,0.0,0,0,1,3.6,9739.828614708651
3-car / 2.0 min,"DISRUPTION
(Delays + Surge)",0.0,0.0,0,0,0.0,0.0,0.0,0,0,4,4.800000000000001,4.800000000000001
3-car / 2.0 min,"DISRUPTION
(Delays + Surge)",8.970376493314134,9.150049689693475,300,4700,0.03333333333333333,1.0,0.0,0,0,0,3.2,9448.05188246657
3-car / 2.0 min,"DISRUPTION
(Delays + Surge)",0.0,0.0,0,0,0.0,0.0,0.0,0,0,1,3.6,3.6
3-car / 2.0 min,"DISRUPTION
(Delays + Surge)",0.0,0.0,0,0,0.0,0.0,0.0,0,0,1,3.6,3.6
3-car / 2.0 min,"DISRUPTION
(Delays + Surge)",0.0,0.0,0,0,0.0,0.0,0.0,0,0,2,4.0,4.0
3-car / 2.0 min,"DISRUPTION
(Delays + Surge)",49.47462939966058,49.630801569435114,300,4700,0.034482758620689655,1.0,0.0,0,0,1,3.6,9650.973146998303
3-car / 2.0 min,"DISRUPTION
(Delays + Surge)",0.0,0.0,0,0,0.0,0.0,0.0,0,0,1,3.6,3.6
3-car / 2.0 min,"DISRUPTION
(Delays + Surge)",0.19532837642392106,0.3521660679120377,300,4700,0.03225806451612903,1.0,0.0,0,0,0,3.2,9404.176641882119
3-car / 2.0 min,"DISRUPTION
(Delays + Surge)",118.81783819274042,118.98818272228182,300,4700,0.03571428571428571,1.0,0.0,0,0,2,4.0,9998.089190963703
3-car / 2.0 min,"DISRUPTION
(Delays + Surge)",0.0,0.0,0,0,0.0,0.0,0.0,0,0,6,5.6,5.6
3-car / 2.0 min,"DISRUPTION
(Delays + Surge)",0.0,0.0,0,0,0.0,0.0,0.0,0,0,1,3.6,3.6
3-car / 2.0 min,"DISRUPTION
(Delays + Surge)",0.0,0.0,0,0,0.0,0.0,0.0,0,0,3,4.4,4.4
3-car / 2.0 min,"DISRUPTION
(Delays + Surge)",7.4145563248519695,7.589542169522303,300,4700,0.034482758620689655,1.0,0.0,0,0,3,4.4,9441.47278162426
3-car / 2.0 min,"DISRUPTION
(Delays + Surge)",0.0,0.0,0,0,0.0,0.0,0.0,0,0,3,4.4,4.4
3-car / 2.0 min,"DISRUPTION
(Delays + Surge)",49.07245417160266,49.25402751443959,300,4700,0.034482758620689655,1.0,0.0,0,0,2,4.0,9649.362270858013
3-car / 2.0 min,"DISRUPTION
(Delays + Surge)",34.90622521789164,35.09624116223967,300,4700,0.03225806451612903,1.0,0.0,0,0,0,3.2,9577.731126089458
3-car / 2.0 min,"DISRUPTION
(Delays + Surge)",0.0,0.0,0,0,0.0,0.0,0.0,0,0,1,3.6,3.6
3-car / 2.0 min,"DISRUPTION
(Delays + Surge)",0.0,0.0,0,0,0.0,0.0,0.0,0,0,1,3.6,3.6
3-car / 2.0 min,"DISRUPTION
(Delays + Surge)",23.424938295962736,23.615706938175883,300,4700,0.034482758620689655,1.0,0.0,0,0,1,3.6,9520.724691479814
3-car / 2.0 min,"DISRUPTION
(Delays + Surge)",0.0,0.0,0,0,0.0,0.0,0.0,0,0,1,3.6,3.6
3-car / 2.0 min,"DISRUPTION
(Delays + Surge)",18.811692650448588,18.98375425349276,300,4700,0.034482758620689655,1.0,0.0,0,0,2,4.0,9498.058463252242
3-car / 2.0 min,"DISRUPTION
(Delays + Surge)",0.0,0.0,0,0,0.0,0.0,0.0,0,0,1,3.6,3.6
3-car / 2.0 min,"DISRUPTION
(Delays + Surge)",0.0,0.0,0,0,0.0,0.0,0.0,0,0,3,4.4,4.4
3-car / 2.0 min,"DISRUPTION
(Delays + Surge)",0.0,0.0,0,0,0.0,0.0,0.0,0,0,2,4.0,4.0
3-car / 2.0 min,"DISRUPTION
(Delays + Surge)",0.0,0.0,0,0,0.0,0.0,0.0,0,0,2,4.0,4.0
3-car / 2.0 min,"DISRUPTION
(Delays + Surge)",0.0,0.0,0,0,0.0,0.0,0.0,0,0,1,3.6,3.6
3-car / 2.0 min,"DISRUPTION
(Delays + Surge)",15.302505950205544,15.472205899216414,300,4700,0.034482758620689655,1.0,0.0,0,0,1,3.6,9480.112529751028
3-car / 2.0 min,"DISRUPTION
(Delays + Surge)",0.0,0.0,0,0,0.0,0.0,0.0,0,0,2,4.0,4.0
3-car / 2.0 min,"DISRUPTION
(Delays + Surge)",6.66011675196735,6.813139144452456,300,4700,0.03571428571428571,1.0,0.0,0,0,3,4.4,9437.700583759837
3-car / 2.0 min,"DISRUPTION
(Delays + Surge)",48.065733793940986,48.231436021570204,300,4700,0.03333333333333333,1.0,0.0,0,0,1,3.6,9643.928668969706
3-car / 2.0 min,"DISRUPTION
(Delays + Surge)",84.05639716801117,84.21585624968189,300,4700,0.03571428571428571,1.0,0.0,0,0,2,4.0,9824.281985840056
3-car / 2.0 min,"DISRUPTION
(Delays + Surge)",14.664579432381279,14.82631866834555,300,4700,0.034482758620689655,1.0,0.0,0,0,1,3.6,9476.922897161907
3-car / 2.0 min,"DISRUPTION
(Delays + Surge)",0.3480863587310147,0.5297704619479389,300,4700,0.03571428571428571,1.0,0.0,0,0,2,4.0,9405.740431793654
3-car / 2.0 min,"DISRUPTION
(Delays + Surge)",6.729824870257266,6.891425686565543,300,4700,0.034482758620689655,1.0,0.0,0,0,1,3.6,9437.249124351287
3-car / 2.0 min,"DISRUPTION
(Delays + Surge)",0.0,0.0,0,0,0.0,0.0,0.0,0,0,1,3.6,3.6
3-car / 2.0 min,"DISRUPTION
(Delays + Surge)",0.0,0.0,0,0,0.0,0.0,0.0,0,0,1,3.6,3.6
3-car / 2.0 min,"DISRUPTION
(Delays + Surge)",0.0,0.0,0,0,0.0,0.0,0.0,0,0,3,4.4,4.4
3-car / 2.0 min,"DISRUPTION
(Delays + Surge)",0.0,0.0,0,0,0.0,0.0,0.0,0,0,1,3.6,3.6
3-car / 2.0 min,"DISRUPTION
(Delays + Surge)",0.0,0.0,0,0,0.0,0.0,0.0,0,0,1,3.6,3.6
3-car / 2.0 min,"DISRUPTION
(Delays + Surge)",0.0,0.0,0,0,0.0,0.0,0.0,0,0,3,4.4,4.4
3-car / 2.0 min,"DISRUPTION
(Delays + Surge)",0.0,0.0,0,0,0.0,0.0,0.0,0,0,1,3.6,3.6
3-car / 2.0 min,"DISRUPTION
(Delays + Surge)",23.268366463350993,23.43773859577262,300,4700,0.03225806451612903,1.0,0.0,0,0,0,3.2,9519.541832316754
3-car / 2.0 min,"DISRUPTION
(Delays + Surge)",56.509766670963145,56.68570290641904,300,4700,0.038461538461538464,1.0,0.0,0,0,4,4.800000000000001,9687.348833354816
3-car / 2.0 min,"DISRUPTION
(Delays + Surge)",10.169111668032869,10.347575227693715,300,4700,0.034482758620689655,1.0,0.0,0,0,2,4.0,9454.845558340165
3-car / 2.0 min,"DISRUPTION
(Delays + Surge)",0.0,0.0,0,0,0.0,0.0,0.0,0,0,3,4.4,4.4
3-car / 2.0 min,"DISRUPTION
(Delays + Surge)",0.0,0.0,0,0,0.0,0.0,0.0,0,0,0,3.2,3.2
3-car / 2.0 min,"DISRUPTION
(Delays + Surge)",0.0,0.0,0,0,0.0,0.0,0.0,0,0,2,4.0,4.0
3-car / 2.0 min,"DISRUPTION
(Delays + Surge)",13.012918976586198,13.18284224538846,300,4700,0.03333333333333333,1.0,0.0,0,0,1,3.6,9468.664594882932
3-car / 2.0 min,"DISRUPTION
(Delays + Surge)",5.815621363459857,5.989912616198358,300,4700,0.037037037037037035,1.0,0.0,0,0,3,4.4,9433.4781068173
3-car / 2.0 min,"DISRUPTION
(Delays + Surge)",21.196058737253505,21.354221085694626,300,4700,0.034482758620689655,1.0,0.0,0,0,1,3.6,9509.580293686267
3-car / 2.0 min,"DISRUPTION
(Delays + Surge)",0.0,0.0,0,0,0.0,0.0,0.0,0,0,2,4.0,4.0
3-car / 2.0 min,"DISRUPTION
(Delays + Surge)",16.991028677959196,17.172265213632052,300,4700,0.03333333333333333,1.0,0.0,0,0,1,3.6,9488.555143389796
3-car / 2.0 min,"DISRUPTION
(Delays + Surge)",0.0,0.0,0,0,0.0,0.0,0.0,0,0,1,3.6,3.6
3-car / 2.0 min,"DISRUPTION
(Delays + Surge)",0.0,0.0,0,0,0.0,0.0,0.0,0,0,2,4.0,4.0
3-car / 2.0 min,"DISRUPTION
(Delays + Surge)",167.1063283509975,167.25742759373298,300,4700,0.03571428571428571,1.0,0.0,0,0,3,4.4,10239.931641754987
3-car / 2.0 min,"DISRUPTION
(Delays + Surge)",0.0,0.0,0,0,0.0,0.0,0.0,0,0,2,4.0,4.0
3-car / 2.0 min,"DISRUPTION
(Delays + Surge)",0.0,0.0,0,0,0.0,0.0,0.0,0,0,1,3.6,3.6
3-car / 2.0 min,"DISRUPTION
(Delays + Surge)",0.0,0.0,0,0,0.0,0.0,0.0,0,0,3,4.4,4.4
3-car / 2.0 min,"DISRUPTION
(Delays + Surge)",31.697341347380508,31.863911200771913,300,4700,0.04,1.0,0.0,0,0,5,5.2,9563.686706736902
3-car / 2.0 min,"DISRUPTION
(Delays + Surge)",57.66299388800811,57.82778342044397,300,4700,0.03333333333333333,1.0,0.0,0,0,1,3.6,9691.91496944004
3-car / 2.0 min,"DISRUPTION
(Delays + Surge)",0.0,0.0,0,0,0.0,0.0,0.0,0,0,0,3.2,3.2
3-car / 2.0 min,"DISRUPTION
(Delays + Surge)",111.23910748641511,111.42505898849349,300,4700,0.03571428571428571,1.0,0.0,0,0,2,4.0,9960.195537432075
3-car / 2.0 min,"DISRUPTION
(Delays + Surge)",6.087775297457386,6.258305550430184,300,4700,0.03571428571428571,1.0,0.0,0,0,2,4.0,9434.438876487287
3-car / 2.0 min,"DISRUPTION
(Delays + Surge)",0.0,0.0,0,0,0.0,0.0,0.0,0,0,1,3.6,3.6
3-car / 2.0 min,"DISRUPTION
(Delays + Surge)",0.0,0.0,0,0,0.0,0.0,0.0,0,0,2,4.0,4.0
3-car / 2.0 min,"DISRUPTION
(Delays + Surge)",0.0,0.0,0,0,0.0,0.0,0.0,0,0,2,4.0,4.0
3-car / 2.0 min,"DISRUPTION
(Delays + Surge)",244.14217078231925,244.30517187560284,300,4700,0.037037037037037035,1.0,0.0,0,0,3,4.4,10625.110853911596
3-car / 2.0 min,"DISRUPTION
(Delays + Surge)",0.0,0.0,0,0,0.0,0.0,0.0,0,0,4,4.800000000000001,4.800000000000001
3-car / 2.0 min,"DISRUPTION
(Delays + Surge)",46.341507024649204,46.50280933371222,300,4700,0.034482758620689655,1.0,0.0,0,0,1,3.6,9635.307535123246
3-car / 2.0 min,"DISRUPTION
(Delays + Surge)",33.08369881511995,33.24835135880814,300,4700,0.037037037037037035,1.0,0.0,0,0,3,4.4,9569.8184940756
3-car / 2.0 min,"DISRUPTION
(Delays + Surge)",18.00292550196967,18.184755895847488,300,4700,0.03333333333333333,1.0,0.0,0,0,1,3.6,9493.614627509849
3-car / 2.0 min,"DISRUPTION
(Delays + Surge)",0.7563597299206866,0.9180979927872825,300,4700,0.03571428571428571,1.0,0.0,0,0,2,4.0,9407.781798649603
3-car / 2.0 min,"DISRUPTION
(Delays + Surge)",3.8792732780645003,4.064695657106519,300,4700,0.03333333333333333,1.0,0.0,0,0,1,3.6,9422.996366390322
3-car / 2.0 min,"DISRUPTION
(Delays + Surge)",29.186160117194145,29.362953249077453,300,4700,0.03333333333333333,1.0,0.0,0,0,1,3.6,9549.530800585972
3-car / 2.0 min,"DISRUPTION
(Delays + Surge)",37.79787918177741,37.984355995583385,300,4700,0.03571428571428571,1.0,0.0,0,0,2,4.0,9592.989395908888
3-car / 2.0 min,"DISRUPTION
(Delays + Surge)",124.91856234328212,125.0879420850229,300,4700,0.03571428571428571,1.0,0.0,0,0,3,4.4,10028.99281171641
3-car / 2.0 min,"DISRUPTION
(Delays + Surge)",75.7802289560512,75.9456046321018,300,4700,0.03333333333333333,1.0,0.0,0,0,1,3.6,9782.501144780255
3-car / 2.0 min,"DISRUPTION
(Delays + Surge)",11.11562136850169,11.281919572468144,300,4700,0.038461538461538464,1.0,0.0,0,0,4,4.800000000000001,9460.378106842509
3-car / 2.0 min,"DISRUPTION
(Delays + Surge)",0.0,0.0,0,0,0.0,0.0,0.0,0,0,1,3.6,3.6
3-car / 2.0 min,"DISRUPTION
(Delays + Surge)",0.0,0.0,0,0,0.0,0.0,0.0,0,0,0,3.2,3.2
3-car / 2.0 min,"DISRUPTION
(Delays + Surge)",16.270975500143734,16.441233819612673,300,4700,0.03571428571428571,1.0,0.0,0,0,3,4.4,9485.754877500718
3-car / 2.0 min,"DISRUPTION
(Delays + Surge)",53.43570831940838,53.62050708350464,300,4700,0.034482758620689655,1.0,0.0,0,0,3,4.4,9671.578541597042
3-car / 2.0 min,"DISRUPTION
(Delays + Surge)",0.0,0.0,0,0,0.0,0.0,0.0,0,0,1,3.6,3.6
3-car / 2.0 min,"DISRUPTION
(Delays + Surge)",0.0,0.0,0,0,0.0,0.0,0.0,0,0,2,4.0,4.0
3-car / 2.0 min,"DISRUPTION
(Delays + Surge)",12.026794587479536,12.202666968317308,300,4700,0.037037037037037035,1.0,0.0,0,0,4,4.800000000000001,9464.933972937397
3-car / 2.0 min,"DISRUPTION
(Delays + Surge)",0.0,0.0,0,0,0.0,0.0,0.0,0,0,0,3.2,3.2
3-car / 2.0 min,"DISRUPTION
(Delays + Surge)",39.99269918245586,40.17632220951213,300,4700,0.03571428571428571,1.0,0.0,0,0,2,4.0,9603.96349591228
3-car / 2.0 min,"DISRUPTION
(Delays + Surge)",0.0,0.0,0,0,0.0,0.0,0.0,0,0,1,3.6,3.6
3-car / 2.0 min,"DISRUPTION
(Delays + Surge)",5.47725605865526,5.634572254534976,300,4700,0.034482758620689655,1.0,0.0,0,0,1,3.6,9430.986280293277
3-car / 2.0 min,"DISRUPTION
(Delays + Surge)",154.58177932533124,154.74534808688824,300,4700,0.034482758620689655,1.0,0.0,0,0,2,4.0,10176.908896626655
3-car / 2.0 min,"CASCADING
(Failures + Delays)",0.0,0.0,0,0,0.0,0.0,0.0,0,0,2,4.0,4.0
3-car / 2.0 min,"CASCADING
(Failures + Delays)",21.588053353700882,21.655876785721475,300,2700,0.037037037037037035,1.0,0.0,0,0,5,5.2,5513.140266768504
3-car / 2.0 min,"CASCADING
(Failures + Delays)",0.0,0.0,0,0,0.0,0.0,0.0,0,0,3,4.4,4.4
3-car / 2.0 min,"CASCADING
(Failures + Delays)",0.0,0.0,0,0,0.0,0.0,0.0,0,0,1,3.6,3.6
3-car / 2.0 min,"CASCADING
(Failures + Delays)",0.0,0.0,0,0,0.0,0.0,0.0,0,0,1,3.6,3.6
3-car / 2.0 min,"CASCADING
(Failures + Delays)",60.765324345268816,60.8234340304646,300,2700,0.03571428571428571,1.0,0.0,0,0,2,4.0,5707.8266217263445
3-car / 2.0 min,"CASCADING
(Failures + Delays)",48.78607188735531,48.84978585703909,300,2700,0.034482758620689655,1.0,0.0,0,0,2,4.0,5647.930359436777
3-car / 2.0 min,"CASCADING
(Failures + Delays)",42.35381496600699,42.41663915260408,300,2700,0.038461538461538464,1.0,0.0,0,0,4,4.800000000000001,5616.569074830035
3-car / 2.0 min,"CASCADING
(Failures + Delays)",49.450415713017996,49.5129819762005,300,2700,0.034482758620689655,1.0,0.0,0,0,2,4.0,5651.25207856509
3-car / 2.0 min,"CASCADING
(Failures + Delays)",4.67878744195462,4.740119076511081,300,2700,0.037037037037037035,1.0,0.0,0,0,4,4.800000000000001,5428.193937209773
3-car / 2.0 min,"CASCADING
(Failures + Delays)",27.37294108720191,27.435229937807758,300,2700,0.037037037037037035,1.0,0.0,0,0,4,4.800000000000001,5541.664705436009
3-car / 2.0 min,"CASCADING
(Failures + Delays)",12.30246314475233,12.35934212296695,300,2700,0.034482758620689655,1.0,0.0,0,0,2,4.0,5465.512315723761
3-car / 2.0 min,"CASCADING
(Failures + Delays)",0.0,0.0,0,0,0.0,0.0,0.0,0,0,2,4.0,4.0
3-car / 2.0 min,"CASCADING
(Failures + Delays)",0.0,0.0,0,0,0.0,0.0,0.0,0,0,2,4.0,4.0
3-car / 2.0 min,"CASCADING
(Failures + Delays)",0.5410313142602812,0.6034853111252183,300,2700,0.037037037037037035,1.0,0.0,0,0,3,4.4,5407.105156571301
3-car / 2.0 min,"CASCADING
(Failures + Delays)",0.0,0.0,0,0,0.0,0.0,0.0,0,0,0,3.2,3.2
3-car / 2.0 min,"CASCADING
(Failures + Delays)",0.0,0.0,0,0,0.0,0.0,0.0,0,0,3,4.4,4.4
3-car / 2.0 min,"CASCADING
(Failures + Delays)",34.240249242610666,34.306260829271864,300,2700,0.03571428571428571,1.0,0.0,0,0,3,4.4,5575.601246213053
3-car / 2.0 min,"CASCADING
(Failures + Delays)",0.0,0.0,0,0,0.0,0.0,0.0,0,0,2,4.0,4.0
3-car / 2.0 min,"CASCADING
(Failures + Delays)",105.62388083252634,105.68535308966315,300,2700,0.03571428571428571,1.0,0.0,0,0,2,4.0,5932.119404162631
3-car / 2.0 min,"CASCADING
(Failures + Delays)",0.46025505375248466,0.5174496493841854,300,2700,0.037037037037037035,1.0,0.0,0,0,3,4.4,5406.701275268762
3-car / 2.0 min,"CASCADING
(Failures + Delays)",21.116901833406317,21.18343719089762,300,2700,0.034482758620689655,1.0,0.0,0,0,1,3.6,5509.184509167031
3-car / 2.0 min,"CASCADING
(Failures + Delays)",0.0,0.0,0,0,0.0,0.0,0.0,0,0,4,4.800000000000001,4.800000000000001
3-car / 2.0 min,"CASCADING
(Failures + Delays)",24.874507214536102,24.936305982489035,300,2700,0.03225806451612903,1.0,0.0,0,0,0,3.2,5527.57253607268
3-car / 2.0 min,"CASCADING
(Failures + Delays)",0.0,0.0,0,0,0.0,0.0,0.0,0,0,1,3.6,3.6
3-car / 2.0 min,"CASCADING
(Failures + Delays)",11.984363114703704,12.047333393994755,300,2700,0.037037037037037035,1.0,0.0,0,0,3,4.4,5464.3218155735185
3-car / 2.0 min,"CASCADING
(Failures + Delays)",0.0,0.0,0,0,0.0,0.0,0.0,0,0,2,4.0,4.0
3-car / 2.0 min,"CASCADING
(Failures + Delays)",12.213594990056597,12.28298781079897,300,2700,0.03571428571428571,1.0,0.0,0,0,2,4.0,5465.067974950283
3-car / 2.0 min,"CASCADING
(Failures + Delays)",0.27783127236737565,0.3370885398289737,300,2700,0.037037037037037035,1.0,0.0,0,0,4,4.800000000000001,5406.1891563618365
3-car / 2.0 min,"CASCADING
(Failures + Delays)",6.697325993479897,6.7588039750623805,300,2700,0.037037037037037035,1.0,0.0,0,0,3,4.4,5437.886629967399
3-car / 2.0 min,"CASCADING
(Failures + Delays)",0.0,0.0,0,0,0.0,0.0,0.0,0,0,2,4.0,4.0
3-car / 2.0 min,"CASCADING
(Failures + Delays)",0.0,0.0,0,0,0.0,0.0,0.0,0,0,2,4.0,4.0
3-car / 2.0 min,"CASCADING
(Failures + Delays)",0.0,0.0,0,0,0.0,0.0,0.0,0,0,0,3.2,3.2
3-car / 2.0 min,"CASCADING
(Failures + Delays)",13.414771193638156,13.472823471480572,300,2700,0.034482758620689655,1.0,0.0,0,0,2,4.0,5471.07385596819
3-car / 2.0 min,"CASCADING
(Failures + Delays)",0.0,0.0,0,0,0.0,0.0,0.0,0,0,3,4.4,4.4
3-car / 2.0 min,"CASCADING
(Failures + Delays)",0.0,0.0,0,0,0.0,0.0,0.0,0,0,1,3.6,3.6
3-car / 2.0 min,"CASCADING
(Failures + Delays)",0.0,0.0,0,0,0.0,0.0,0.0,0,0,5,5.2,5.2
3-car / 2.0 min,"CASCADING
(Failures + Delays)",0.0,0.0,0,0,0.0,0.0,0.0,0,0,3,4.4,4.4
3-car / 2.0 min,"CASCADING
(Failures + Delays)",8.942157362000273,9.003121513124144,300,2700,0.03571428571428571,1.0,0.0,0,0,3,4.4,5449.110786810002
3-car / 2.0 min,"CASCADING
(Failures + Delays)",0.0,0.0,0,0,0.0,0.0,0.0,0,0,3,4.4,4.4
3-car / 2.0 min,"CASCADING
(Failures + Delays)",0.0,0.0,0,0,0.0,0.0,0.0,0,0,3,4.4,4.4
3-car / 2.0 min,"CASCADING
(Failures + Delays)",44.792148384714416,44.84942020888034,300,2700,0.038461538461538464,1.0,0.0,0,0,5,5.2,5629.1607419235725
3-car / 2.0 min,"CASCADING
(Failures + Delays)",0.0,0.0,0,0,0.0,0.0,0.0,0,0,2,4.0,4.0
3-car / 2.0 min,"CASCADING
(Failures + Delays)",0.0,0.0,0,0,0.0,0.0,0.0,0,0,2,4.0,4.0
3-car / 2.0 min,"CASCADING
(Failures + Delays)",39.55833315852741,39.61611419373817,300,2700,0.03333333333333333,1.0,0.0,0,0,1,3.6,5601.3916657926375
3-car / 2.0 min,"CASCADING
(Failures + Delays)",0.0,0.0,0,0,0.0,0.0,0.0,0,0,0,3.2,3.2
3-car / 2.0 min,"CASCADING
(Failures + Delays)",0.0,0.0,0,0,0.0,0.0,0.0,0,0,1,3.6,3.6
3-car / 2.0 min,"CASCADING
(Failures + Delays)",45.298775271509,45.35991664346171,300,2700,0.03225806451612903,1.0,0.0,0,0,0,3.2,5629.693876357545
3-car / 2.0 min,"CASCADING
(Failures + Delays)",4.366538998396707,4.4257830093694155,300,2700,0.034482758620689655,1.0,0.0,0,0,2,4.0,5425.832694991984
3-car / 2.0 min,"CASCADING
(Failures + Delays)",0.0,0.0,0,0,0.0,0.0,0.0,0,0,3,4.4,4.4
3-car / 2.0 min,"CASCADING
(Failures + Delays)",34.74592975570828,34.803819791975755,300,2700,0.03333333333333333,1.0,0.0,0,0,2,4.0,5577.729648778542
3-car / 2.0 min,"CASCADING
(Failures + Delays)",0.0,0.0,0,0,0.0,0.0,0.0,0,0,3,4.4,4.4
3-car / 2.0 min,"CASCADING
(Failures + Delays)",0.0,0.0,0,0,0.0,0.0,0.0,0,0,4,4.800000000000001,4.800000000000001
3-car / 2.0 min,"CASCADING
(Failures + Delays)",17.836843297024323,17.907327067820468,300,2700,0.03571428571428571,1.0,0.0,0,0,2,4.0,5493.184216485121
3-car / 2.0 min,"CASCADING
(Failures + Delays)",10.287757749830654,10.348952410658223,300,2700,0.038461538461538464,1.0,0.0,0,0,5,5.2,5456.638788749153
3-car / 2.0 min,"CASCADING
(Failures + Delays)",47.73484342010817,47.791356096939865,300,2700,0.037037037037037035,1.0,0.0,0,0,4,4.800000000000001,5643.474217100541
3-car / 2.0 min,"CASCADING
(Failures + Delays)",0.0,0.0,0,0,0.0,0.0,0.0,0,0,4,4.800000000000001,4.800000000000001
3-car / 2.0 min,"CASCADING
(Failures + Delays)",0.0,0.0,0,0,0.0,0.0,0.0,0,0,2,4.0,4.0
3-car / 2.0 min,"CASCADING
(Failures + Delays)",0.0,0.0,0,0,0.0,0.0,0.0,0,0,2,4.0,4.0
3-car / 2.0 min,"CASCADING
(Failures + Delays)",83.86655250690511,83.92896349337056,300,2700,0.034482758620689655,1.0,0.0,0,0,2,4.0,5823.3327625345255
3-car / 2.0 min,"CASCADING
(Failures + Delays)",3.8536056891695702,3.917467011027388,300,2700,0.038461538461538464,1.0,0.0,0,0,4,4.800000000000001,5424.068028445848
3-car / 2.0 min,"CASCADING
(Failures + Delays)",9.995953948537016,10.056637600975591,300,2700,0.03571428571428571,1.0,0.0,0,0,2,4.0,5453.979769742685
3-car / 2.0 min,"CASCADING
(Failures + Delays)",20.37646436502957,20.43752423607499,300,2700,0.03225806451612903,1.0,0.0,0,0,0,3.2,5505.082321825148
3-car / 2.0 min,"CASCADING
(Failures + Delays)",0.0,0.0,0,0,0.0,0.0,0.0,0,0,2,4.0,4.0
3-car / 2.0 min,"CASCADING
(Failures + Delays)",0.0,0.0,0,0,0.0,0.0,0.0,0,0,8,6.4,6.4
3-car / 2.0 min,"CASCADING
(Failures + Delays)",122.94849711452201,123.00800984502827,300,2700,0.037037037037037035,1.0,0.0,0,0,3,4.4,6019.14248557261
3-car / 2.0 min,"CASCADING
(Failures + Delays)",39.32163769330621,39.38550208324022,300,2700,0.03571428571428571,1.0,0.0,0,0,3,4.4,5601.0081884665315
3-car / 2.0 min,"CASCADING
(Failures + Delays)",24.967066754989943,25.030661551442606,300,2700,0.034482758620689655,1.0,0.0,0,0,2,4.0,5528.8353337749495
3-car / 2.0 min,"CASCADING
(Failures + Delays)",38.49833882243439,38.56451126436434,300,2700,0.03333333333333333,1.0,0.0,0,0,1,3.6,5596.091694112172
3-car / 2.0 min,"CASCADING
(Failures + Delays)",0.0,0.0,0,0,0.0,0.0,0.0,0,0,3,4.4,4.4
3-car / 2.0 min,"CASCADING
(Failures + Delays)",0.0,0.0,0,0,0.0,0.0,0.0,0,0,4,4.800000000000001,4.800000000000001
3-car / 2.0 min,"CASCADING
(Failures + Delays)",12.820528628235486,12.887243000270306,300,2700,0.038461538461538464,1.0,0.0,0,0,4,4.800000000000001,5468.902643141178
3-car / 2.0 min,"CASCADING
(Failures + Delays)",15.194309932615658,15.254411856140775,300,2700,0.037037037037037035,1.0,0.0,0,0,3,4.4,5480.371549663078
3-car / 2.0 min,"CASCADING
(Failures + Delays)",0.0,0.0,0,0,0.0,0.0,0.0,0,0,4,4.800000000000001,4.800000000000001
3-car / 2.0 min,"CASCADING
(Failures + Delays)",32.40147548105058,32.46310280936121,300,2700,0.034482758620689655,1.0,0.0,0,0,2,4.0,5566.007377405253
3-car / 2.0 min,"CASCADING
(Failures + Delays)",18.91625735782191,18.97312758619637,300,2700,0.03571428571428571,1.0,0.0,0,0,3,4.4,5498.98128678911
3-car / 2.0 min,"CASCADING
(Failures + Delays)",0.0,0.0,0,0,0.0,0.0,0.0,0,0,3,4.4,4.4
3-car / 2.0 min,"CASCADING
(Failures + Delays)",137.7911912716296,137.84787854663344,300,2700,0.03571428571428571,1.0,0.0,0,0,3,4.4,6093.3559563581475
3-car / 2.0 min,"CASCADING
(Failures + Delays)",13.710081409766794,13.772913875110145,300,2700,0.03571428571428571,1.0,0.0,0,0,3,4.4,5472.950407048834
3-car / 2.0 min,"CASCADING
(Failures + Delays)",134.45229321185636,134.511976403935,300,2700,0.03571428571428571,1.0,0.0,0,0,3,4.4,6076.661466059282
3-car / 2.0 min,"CASCADING
(Failures + Delays)",0.0,0.0,0,0,0.0,0.0,0.0,0,0,1,3.6,3.6
3-car / 2.0 min,"CASCADING
(Failures + Delays)",0.0,0.0,0,0,0.0,0.0,0.0,0,0,2,4.0,4.0
3-car / 2.0 min,"CASCADING
(Failures + Delays)",92.01899955545328,92.08014175576845,300,2700,0.03571428571428571,1.0,0.0,0,0,4,4.800000000000001,5864.894997777266
3-car / 2.0 min,"CASCADING
(Failures + Delays)",0.0,0.0,0,0,0.0,0.0,0.0,0,0,3,4.4,4.4
3-car / 2.0 min,"CASCADING
(Failures + Delays)",55.642435111423026,55.703385430400175,300,2700,0.034482758620689655,1.0,0.0,0,0,2,4.0,5682.212175557115
3-car / 2.0 min,"CASCADING
(Failures + Delays)",0.0,0.0,0,0,0.0,0.0,0.0,0,0,4,4.800000000000001,4.800000000000001
3-car / 2.0 min,"CASCADING
(Failures + Delays)",128.5922374300178,128.64724686310544,300,2700,0.037037037037037035,1.0,0.0,0,0,4,4.800000000000001,6047.7611871500885
3-car / 2.0 min,"CASCADING
(Failures + Delays)",0.0,0.0,0,0,0.0,0.0,0.0,0,0,0,3.2,3.2
3-car / 2.0 min,"CASCADING
(Failures + Delays)",35.61650431974644,35.673500699485274,300,2700,0.037037037037037035,1.0,0.0,0,0,3,4.4,5582.482521598732
3-car / 2.0 min,"CASCADING
(Failures + Delays)",37.64533530934177,37.705247159723754,300,2700,0.034482758620689655,1.0,0.0,0,0,1,3.6,5591.826676546709
3-car / 2.0 min,"CASCADING
(Failures + Delays)",20.851294913318505,20.912800409697066,300,2700,0.03333333333333333,1.0,0.0,0,0,1,3.6,5507.856474566593
3-car / 2.0 min,"CASCADING
(Failures + Delays)",43.996106781821,44.05806260689024,300,2700,0.037037037037037035,1.0,0.0,0,0,3,4.4,5624.380533909105
3-car / 2.0 min,"CASCADING
(Failures + Delays)",0.0,0.0,0,0,0.0,0.0,0.0,0,0,2,4.0,4.0
3-car / 2.0 min,"CASCADING
(Failures + Delays)",9.301472028219393,9.360514621643366,300,2700,0.034482758620689655,1.0,0.0,0,0,1,3.6,5450.107360141097
3-car / 2.0 min,"CASCADING
(Failures + Delays)",23.40538455202988,23.472586960330663,300,2700,0.03571428571428571,1.0,0.0,0,0,3,4.4,5521.426922760149
3-car / 2.0 min,"CASCADING
(Failures + Delays)",0.0,0.0,0,0,0.0,0.0,0.0,0,0,2,4.0,4.0
3-car / 2.0 min,"CASCADING
(Failures + Delays)",0.0,0.0,0,0,0.0,0.0,0.0,0,0,4,4.800000000000001,4.800000000000001
3-car / 2.0 min,"CASCADING
(Failures + Delays)",23.574453930479205,23.631963136401517,300,2700,0.041666666666666664,1.0,0.0,0,0,6,5.6,5523.472269652396
3-car / 2.0 min,"CASCADING
(Failures + Delays)",0.0,0.0,0,0,0.0,0.0,0.0,0,0,2,4.0,4.0
3-car / 2.0 min,"CASCADING
(Failures + Delays)",0.0,0.0,0,0,0.0,0.0,0.0,0,0,2,4.0,4.0
3-car / 2.5 min,"OFF-PEAK
(Low, Stable)",4.58448751078637,176.90359153201916,284,0,0.037866666666666667,0.94,0.0,0,0,0,2.6,24.299907551055487
3-car / 2.5 min,"OFF-PEAK
(Low, Stable)",55.45399471313723,58.249380922122846,300,200,0.041666666666666664,1.0,0.0,0,0,0,2.6,679.8699735656862
3-car / 2.5 min,"OFF-PEAK
(Low, Stable)",98.34785226005519,100.93641583195686,5,0,0.0006666666666666666,0.016666666666666666,0.0,0,0,0,2.6,10.795654355004599
3-car / 2.5 min,"OFF-PEAK
(Low, Stable)",135.79791857496866,144.48785103929455,13,0,0.0017333333333333335,0.043333333333333335,0.0,0,0,0,2.6,32.02288235790988
3-car / 2.5 min,"OFF-PEAK
(Low, Stable)",89.2230321714414,93.91907890270008,9,0,0.0012,0.03,0.0,0,0,0,2.6,15.98345482571621
3-car / 2.5 min,"OFF-PEAK
(Low, Stable)",44.453073525120246,47.207908284540025,300,200,0.04,1.0,0.0,0,0,0,2.6,624.8653676256013
3-car / 2.5 min,"OFF-PEAK
(Low, Stable)",6.962818439967264,129.70941594225144,302,198,0.041944444444444444,1.0,0.0,0,0,0,2.6,433.64618614783524
3-car / 2.5 min,"OFF-PEAK
(Low, Stable)",138.90234912873652,144.72963429988266,7,0,0.0009722222222222223,0.023333333333333334,0.0,0,0,1,3.0,19.20527406501926
3-car / 2.5 min,"OFF-PEAK
(Low, Stable)",15.33735441453155,62.08062670165917,301,199,0.04013333333333333,1.0,0.0,0,0,0,2.6,477.5423946462333
3-car / 2.5 min,"OFF-PEAK
(Low, Stable)",26.751136683507774,29.272114524588126,300,200,0.043478260869565216,1.0,0.0,0,0,1,3.0,536.7556834175389
3-car / 2.5 min,"OFF-PEAK
(Low, Stable)",8.610085145918985,110.8086937113188,302,198,0.040266666666666666,1.0,0.0,0,0,0,2.6,441.9374285677922
3-car / 2.5 min,"OFF-PEAK
(Low, Stable)",56.57795313732237,59.249197946626424,300,200,0.041666666666666664,1.0,0.0,0,0,0,2.6,685.4897656866119
3-car / 2.5 min,"OFF-PEAK
(Low, Stable)",118.2293170503504,126.36564976787045,6,0,0.0008,0.02,0.0,0,0,0,2.6,14.42293170503504
3-car / 2.5 min,"OFF-PEAK
(Low, Stable)",19.5059345487399,22.460458305729098,300,200,0.043478260869565216,1.0,0.0,0,0,1,3.0,500.5296727436995
3-car / 2.5 min,"OFF-PEAK
(Low, Stable)",105.74480879382605,114.18659037236904,4,0,0.0005555555555555556,0.013333333333333334,0.0,0,0,0,2.6,9.649653919588404
3-car / 2.5 min,"OFF-PEAK
(Low, Stable)",110.55255253351939,118.41160923969855,8,0,0.0011111111111111111,0.02666666666666667,0.0,0,0,0,2.6,17.340340337802587
3-car / 2.5 min,"OFF-PEAK
(Low, Stable)",89.37501902964604,95.90482569117182,8,0,0.0011111111111111111,0.02666666666666667,0.0,0,0,0,2.6,14.516669203952805
3-car / 2.5 min,"OFF-PEAK
(Low, Stable)",50.05062278813048,52.948643919181876,300,200,0.041666666666666664,1.0,0.0,0,0,0,2.6,652.8531139406524
3-car / 2.5 min,"OFF-PEAK
(Low, Stable)",140.8810384147584,143.959765276616,5,0,0.0006944444444444445,0.016666666666666666,0.0,0,0,1,3.0,14.7400865345632
3-car / 2.5 min,"OFF-PEAK
(Low, Stable)",8.742739081052399,11.48403102239644,300,200,0.041666666666666664,1.0,0.0,0,0,0,2.6,446.313695405262
3-car / 2.5 min,"OFF-PEAK
(Low, Stable)",93.44197818573444,98.90479450582289,9,0,0.00125,0.03,0.0,0,0,1,3.0,17.016296727860166
3-car / 2.5 min,"OFF-PEAK
(Low, Stable)",104.60572212598967,108.56681419765944,8,0,0.0010666666666666667,0.02666666666666667,0.0,0,0,0,2.6,16.547429616798624
3-car / 2.5 min,"OFF-PEAK
(Low, Stable)",7.154602887526805,9.411687385024457,300,200,0.041666666666666664,1.0,0.0,0,0,0,2.6,438.373014437634
3-car / 2.5 min,"OFF-PEAK
(Low, Stable)",9.843828741233922,12.638934684630154,300,200,0.043478260869565216,1.0,0.0,0,0,1,3.0,452.21914370616963
3-car / 2.5 min,"OFF-PEAK
(Low, Stable)",64.64293108456941,72.87733509806765,9,0,0.00125,0.03,0.0,0,0,0,2.6,12.296439662685412
3-car / 2.5 min,"OFF-PEAK
(Low, Stable)",52.005155296868885,54.88222972923464,300,200,0.04,1.0,0.0,0,0,0,2.6,662.6257764843444
3-car / 2.5 min,"OFF-PEAK
(Low, Stable)",45.68192206114111,48.32280009955151,300,200,0.04,1.0,0.0,0,0,0,2.6,631.0096103057056
3-car / 2.5 min,"OFF-PEAK
(Low, Stable)",28.19683618882147,95.5550845396673,301,199,0.04180555555555556,1.0,0.0,0,0,0,2.6,542.0541282139211
3-car / 2.5 min,"OFF-PEAK
(Low, Stable)",22.821169773337864,25.752334976217124,300,200,0.04,1.0,0.0,0,0,0,2.6,516.7058488666893
3-car / 2.5 min,"OFF-PEAK
(Low, Stable)",21.68655205147644,24.74884662753356,300,200,0.041666666666666664,1.0,0.0,0,0,0,2.6,511.03276025738217
3-car / 2.5 min,"OFF-PEAK
(Low, Stable)",12.877947561349671,15.861516391805074,300,200,0.041666666666666664,1.0,0.0,0,0,0,2.6,466.98973780674834
3-car / 2.5 min,"OFF-PEAK
(Low, Stable)",126.21918824031923,134.18168911261836,6,0,0.0009090909090909091,0.02,0.0,0,0,2,3.4000000000000004,16.02191882403192
3-car / 2.5 min,"OFF-PEAK
(Low, Stable)",84.54357924205341,88.46492310298771,7,0,0.0009722222222222223,0.023333333333333334,0.0,0,0,0,2.6,12.463417578239564
3-car / 2.5 min,"OFF-PEAK
(Low, Stable)",10.16913005812125,217.18730598496097,301,199,0.04180555555555556,1.0,0.0,0,0,1,3.0,452.01513579157495
3-car / 2.5 min,"OFF-PEAK
(Low, Stable)",118.76218433259416,121.37388353825514,9,0,0.00125,0.03,0.0,0,0,0,2.6,20.414327649889128
3-car / 2.5 min,"OFF-PEAK
(Low, Stable)",164.66328612625583,168.34161721287776,6,0,0.0008,0.02,0.0,0,0,0,2.6,19.066328612625583
3-car / 2.5 min,"OFF-PEAK
(Low, Stable)",93.4892886587842,97.25794210681666,5,0,0.0006944444444444445,0.016666666666666666,0.0,0,0,0,2.6,10.390774054898683
3-car / 2.5 min,"OFF-PEAK
(Low, Stable)",92.88445367411106,96.55087977272811,13,0,0.0017333333333333335,0.043333333333333335,0.0,0,0,0,2.6,22.724964962724062
3-car / 2.5 min,"OFF-PEAK
(Low, Stable)",47.16509389405221,49.92280794378302,300,200,0.043478260869565216,1.0,0.0,0,0,1,3.0,638.825469470261
3-car / 2.5 min,"OFF-PEAK
(Low, Stable)",3.71693217020133,117.85331002784625,265,0,0.035333333333333335,0.8766666666666667,0.0,0,0,0,2.6,19.01645041838921
3-car / 2.5 min,"OFF-PEAK
(Low, Stable)",107.04871269652644,110.55424543897766,6,0,0.0008,0.02,0.0,0,0,0,2.6,13.304871269652644
3-car / 2.5 min,"OFF-PEAK
(Low, Stable)",142.20987349932466,146.1892085499167,9,0,0.00125,0.03,0.0,0,0,0,2.6,23.9314810248987
3-car / 2.5 min,"OFF-PEAK
(Low, Stable)",34.03993307042686,36.82221760741288,300,200,0.04,1.0,0.0,0,0,0,2.6,572.7996653521343
3-car / 2.5 min,"OFF-PEAK
(Low, Stable)",65.91854359560648,68.60582823724158,300,200,0.041666666666666664,1.0,0.0,0,0,0,2.6,732.1927179780325
3-car / 2.5 min,"OFF-PEAK
(Low, Stable)",33.259728237051796,35.95418458109138,300,200,0.041666666666666664,1.0,0.0,0,0,0,2.6,568.898641185259
3-car / 2.5 min,"OFF-PEAK
(Low, Stable)",23.39436745478238,26.27354284791038,300,200,0.041666666666666664,1.0,0.0,0,0,0,2.6,519.5718372739119
3-car / 2.5 min,"OFF-PEAK
(Low, Stable)",120.5502983232917,125.89689394499491,7,0,0.0009722222222222223,0.023333333333333334,0.0,0,0,0,2.6,16.6642014710507
3-car / 2.5 min,"OFF-PEAK
(Low, Stable)",12.82279364163918,15.535899162594376,300,200,0.041666666666666664,1.0,0.0,0,0,0,2.6,466.71396820819587
3-car / 2.5 min,"OFF-PEAK
(Low, Stable)",16.3044556124639,147.92708695751458,301,199,0.04013333333333333,1.0,0.0,0,0,0,2.6,482.3940189891939
3-car / 2.5 min,"OFF-PEAK
(Low, Stable)",82.7674106077081,85.74430690917848,300,200,0.041666666666666664,1.0,0.0,0,0,0,2.6,816.4370530385406
3-car / 2.5 min,"OFF-PEAK
(Low, Stable)",44.28119235974684,46.808152926625496,300,200,0.041666666666666664,1.0,0.0,0,0,0,2.6,624.0059617987342
3-car / 2.5 min,"OFF-PEAK
(Low, Stable)",16.285041336880592,139.1321495866584,302,198,0.043768115942028986,1.0,0.0,0,0,1,3.0,480.9680413956323
3-car / 2.5 min,"OFF-PEAK
(Low, Stable)",60.099290155697815,63.00405862869936,300,200,0.041666666666666664,1.0,0.0,0,0,0,2.6,703.096450778489
3-car / 2.5 min,"OFF-PEAK
(Low, Stable)",7.511265484278266,88.33840901156455,301,199,0.04013333333333333,1.0,0.0,0,0,0,2.6,438.28151517946264
3-car / 2.5 min,"OFF-PEAK
(Low, Stable)",8.319486058161537,59.828640943453216,301,199,0.04013333333333333,1.0,0.0,0,0,0,2.6,442.336088391777
3-car / 2.5 min,"OFF-PEAK
(Low, Stable)",120.82556045488035,126.82421502887459,14,0,0.0019444444444444446,0.04666666666666667,0.0,0,0,0,2.6,30.792630772805413
3-car / 2.5 min,"OFF-PEAK
(Low, Stable)",11.391914565957013,32.59930314398813,301,199,0.04180555555555556,1.0,0.0,0,0,0,2.6,457.749438072551
3-car / 2.5 min,"OFF-PEAK
(Low, Stable)",130.52277853786643,139.52248051091593,9,0,0.00125,0.03,0.0,0,0,1,3.0,22.578416780679962
3-car / 2.5 min,"OFF-PEAK
(Low, Stable)",121.25175547336941,126.76324664400805,4,0,0.0005555555555555556,0.013333333333333334,0.0,0,0,0,2.6,10.683450364891295
3-car / 2.5 min,"OFF-PEAK
(Low, Stable)",153.21607968254483,159.3454588718801,7,0,0.0009722222222222223,0.023333333333333334,0.0,0,0,0,2.6,20.475209296296896
3-car / 2.5 min,"OFF-PEAK
(Low, Stable)",68.67827224695507,71.46827128361826,300,200,0.041666666666666664,1.0,0.0,0,0,0,2.6,745.9913612347754
3-car / 2.5 min,"OFF-PEAK
(Low, Stable)",136.2225132105731,140.04151150793956,10,0,0.0014492753623188406,0.03333333333333333,0.0,0,0,1,3.0,25.703752201762185
3-car / 2.5 min,"OFF-PEAK
(Low, Stable)",7.590233294171188,94.14424066191114,303,197,0.0404,1.0,0.0,0,0,0,2.6,434.9306781355645
3-car / 2.5 min,"OFF-PEAK
(Low, Stable)",82.57031411699855,86.94990081120392,8,0,0.0010666666666666667,0.02666666666666667,0.0,0,0,0,2.6,13.609375215599806
3-car / 2.5 min,"OFF-PEAK
(Low, Stable)",79.01207066632267,83.58136012111177,8,0,0.0011111111111111111,0.02666666666666667,0.0,0,0,0,2.6,13.13494275550969
3-car / 2.5 min,"OFF-PEAK
(Low, Stable)",164.85379143195954,167.35636745919544,7,0,0.0009333333333333333,0.023333333333333334,0.0,0,0,0,2.6,21.832942333728614
3-car / 2.5 min,"OFF-PEAK
(Low, Stable)",290.57361806103376,298.8701164262312,6,0,0.0008695652173913044,0.02,0.0,0,0,1,3.0,32.05736180610337
3-car / 2.5 min,"OFF-PEAK
(Low, Stable)",49.5681424371682,52.663763988119705,300,200,0.041666666666666664,1.0,0.0,0,0,1,3.0,650.840712185841
3-car / 2.5 min,"OFF-PEAK
(Low, Stable)",125.96806004332038,129.92376575416563,10,0,0.001388888888888889,0.03333333333333333,0.0,0,0,0,2.6,23.59467667388673
3-car / 2.5 min,"OFF-PEAK
(Low, Stable)",5.890494609049739,110.57521607127327,135,0,0.01875,0.43,0.0,0,0,0,2.6,15.853612870361912
3-car / 2.5 min,"OFF-PEAK
(Low, Stable)",49.200715059581725,56.742135728598555,7,0,0.0009333333333333333,0.023333333333333334,0.0,0,0,0,2.6,8.340083423617868
3-car / 2.5 min,"OFF-PEAK
(Low, Stable)",127.94883031414741,135.84903663352816,11,0,0.0015277777777777779,0.03666666666666667,0.0,0,0,1,3.0,26.457285557593693
3-car / 2.5 min,"OFF-PEAK
(Low, Stable)",146.03913534005616,149.32990978401153,7,0,0.0009333333333333333,0.023333333333333334,0.0,0,0,0,2.6,19.63789912300655
3-car / 2.5 min,"OFF-PEAK
(Low, Stable)",88.06021458817403,97.64998425459903,9,0,0.0012,0.03,0.0,0,0,0,2.6,15.809032188226105
3-car / 2.5 min,"OFF-PEAK
(Low, Stable)",93.41530301583433,97.34723656666819,7,0,0.0009722222222222223,0.023333333333333334,0.0,0,0,0,2.6,13.498452018514005
3-car / 2.5 min,"OFF-PEAK
(Low, Stable)",116.36121978051352,120.06000983252024,8,0,0.0011111111111111111,0.02666666666666667,0.0,0,0,0,2.6,18.11482930406847
3-car / 2.5 min,"OFF-PEAK
(Low, Stable)",149.2822101201345,153.8502649474794,10,0,0.001388888888888889,0.03333333333333333,0.0,0,0,0,2.6,27.480368353355754
3-car / 2.5 min,"OFF-PEAK
(Low, Stable)",4.869878422180893,116.23930381872907,182,0,0.02426666666666667,0.5866666666666667,0.0,0,0,0,2.6,17.371964547282044
3-car / 2.5 min,"OFF-PEAK
(Low, Stable)",10.809501885589372,104.95380192676126,303,197,0.042083333333333334,1.0,0.0,0,0,0,2.6,451.1879845222263
3-car / 2.5 min,"OFF-PEAK
(Low, Stable)",133.71268832883436,136.42697538670507,8,0,0.0011111111111111111,0.02666666666666667,0.0,0,0,0,2.6,20.428358443844584
3-car / 2.5 min,"OFF-PEAK
(Low, Stable)",4.2298404738366875,86.08910360356572,296,0,0.03946666666666667,0.98,0.0,0,0,0,2.6,23.46721300426099
3-car / 2.5 min,"OFF-PEAK
(Low, Stable)",84.80726366708399,94.06456563587115,9,0,0.00125,0.03,0.0,0,0,1,3.0,15.721089550062597
3-car / 2.5 min,"OFF-PEAK
(Low, Stable)",121.93235627291455,129.6427802134374,6,0,0.0008695652173913044,0.02,0.0,0,0,1,3.0,15.193235627291454
3-car / 2.5 min,"OFF-PEAK
(Low, Stable)",82.05028915659912,89.1283947490854,10,0,0.001388888888888889,0.03333333333333333,0.0,0,0,1,3.0,16.675048192766518
3-car / 2.5 min,"OFF-PEAK
(Low, Stable)",101.37265768151909,109.21085433260671,8,0,0.0010666666666666667,0.02666666666666667,0.0,0,0,0,2.6,16.11635435753588
3-car / 2.5 min,"OFF-PEAK
(Low, Stable)",128.41709884181853,131.88687412300598,5,0,0.0006944444444444445,0.016666666666666666,0.0,0,0,1,3.0,13.701424903484877
3-car / 2.5 min,"OFF-PEAK
(Low, Stable)",103.41937084589648,106.40827722042154,8,0,0.0010666666666666667,0.02666666666666667,0.0,0,0,0,2.6,16.389249446119532
3-car / 2.5 min,"OFF-PEAK
(Low, Stable)",4.781400085224822,7.796181702134215,300,200,0.04,1.0,0.0,0,0,0,2.6,426.50700042612414
3-car / 2.5 min,"OFF-PEAK
(Low, Stable)",27.802053206698293,30.761856567224743,300,200,0.04,1.0,0.0,0,0,0,2.6,541.6102660334915
3-car / 2.5 min,"OFF-PEAK
(Low, Stable)",29.144145932327955,32.13668914729302,300,200,0.043478260869565216,1.0,0.0,0,0,1,3.0,548.7207296616398
3-car / 2.5 min,"OFF-PEAK
(Low, Stable)",113.976618137756,126.61889929349627,4,0,0.0005555555555555556,0.013333333333333334,0.0,0,0,0,2.6,10.198441209183734
3-car / 2.5 min,"OFF-PEAK
(Low, Stable)",75.88764511852811,84.69858031658939,12,0,0.0016,0.04,0.0,0,0,0,2.6,17.777529023705622
3-car / 2.5 min,"OFF-PEAK
(Low, Stable)",116.311414146948,120.54947303378836,7,0,0.0009722222222222223,0.023333333333333334,0.0,0,0,0,2.6,16.169664983810602
3-car / 2.5 min,"OFF-PEAK
(Low, Stable)",85.04497457259866,95.32636976489707,4,0,0.0005333333333333334,0.013333333333333334,0.0,0,0,0,2.6,8.269664971506577
3-car / 2.5 min,"OFF-PEAK
(Low, Stable)",12.629168665643103,15.246837928072331,300,200,0.041666666666666664,1.0,0.0,0,0,0,2.6,465.7458433282155
3-car / 2.5 min,"OFF-PEAK
(Low, Stable)",35.286647874339266,40.81619331629932,13,0,0.0018055555555555557,0.043333333333333335,0.0,0,0,0,2.6,10.245440372773508
3-car / 2.5 min,"OFF-PEAK
(Low, Stable)",135.52239549494823,141.85066010398947,10,0,0.001388888888888889,0.03333333333333333,0.0,0,0,0,2.6,25.187065915824707
3-car / 2.5 min,"OFF-PEAK
(Low, Stable)",46.210711129704045,48.934350350195565,300,200,0.041666666666666664,1.0,0.0,0,0,0,2.6,633.6535556485202
3-car / 2.5 min,"OFF-PEAK
(Low, Stable)",18.109741240450038,21.000663002809546,300,200,0.041666666666666664,1.0,0.0,0,0,0,2.6,493.1487062022502
3-car / 2.5 min,"OFF-PEAK
(Low, Stable)",113.13825339491851,119.92770473481208,7,0,0.0009722222222222223,0.023333333333333334,0.0,0,0,0,2.6,15.799462896073827
3-car / 2.5 min,"NORMAL
(Moderate, Typical)",38.119996303523635,38.83640767559533,300,1700,0.041666666666666664,1.0,0.0,0,0,0,2.6,3593.199981517618
3-car / 2.5 min,"NORMAL
(Moderate, Typical)",0.0,0.0,0,0,0.0,0.0,0.0,0,0,1,3.0,3.0
3-car / 2.5 min,"NORMAL
(Moderate, Typical)",0.0,0.0,0,0,0.0,0.0,0.0,0,0,1,3.0,3.0
3-car / 2.5 min,"NORMAL
(Moderate, Typical)",7.8754710715575476,8.609154971374533,300,1700,0.04,1.0,0.0,0,0,0,2.6,3441.977355357788
3-car / 2.5 min,"NORMAL
(Moderate, Typical)",0.0,0.0,0,0,0.0,0.0,0.0,0,0,0,2.6,2.6
3-car / 2.5 min,"NORMAL
(Moderate, Typical)",13.41469181023599,14.038737299713263,300,1700,0.04,1.0,0.0,0,0,0,2.6,3469.67345905118
3-car / 2.5 min,"NORMAL
(Moderate, Typical)",7.620897582002699,8.381412758277431,300,1700,0.04,1.0,0.0,0,0,0,2.6,3440.7044879100135
3-car / 2.5 min,"NORMAL
(Moderate, Typical)",176.93006996833685,177.6663940043986,300,1700,0.041666666666666664,1.0,0.0,0,0,1,3.0,4287.650349841684
3-car / 2.5 min,"NORMAL
(Moderate, Typical)",0.0,0.0,0,0,0.0,0.0,0.0,0,0,2,3.4000000000000004,3.4000000000000004
3-car / 2.5 min,"NORMAL
(Moderate, Typical)",18.812769400155887,19.58159581245971,300,1700,0.04,1.0,0.0,0,0,0,2.6,3496.6638470007792
3-car / 2.5 min,"NORMAL
(Moderate, Typical)",0.0,0.0,0,0,0.0,0.0,0.0,0,0,2,3.4000000000000004,3.4000000000000004
3-car / 2.5 min,"NORMAL
(Moderate, Typical)",0.0,0.0,0,0,0.0,0.0,0.0,0,0,1,3.0,3.0
3-car / 2.5 min,"NORMAL
(Moderate, Typical)",0.0,0.0,0,0,0.0,0.0,0.0,0,0,1,3.0,3.0
3-car / 2.5 min,"NORMAL
(Moderate, Typical)",0.0,0.0,0,0,0.0,0.0,0.0,0,0,0,2.6,2.6
3-car / 2.5 min,"NORMAL
(Moderate, Typical)",0.0,0.0,0,0,0.0,0.0,0.0,0,0,0,2.6,2.6
3-car / 2.5 min,"NORMAL
(Moderate, Typical)",0.0,0.0,0,0,0.0,0.0,0.0,0,0,0,2.6,2.6
3-car / 2.5 min,"NORMAL
(Moderate, Typical)",0.0,0.0,0,0,0.0,0.0,0.0,0,0,0,2.6,2.6
3-car / 2.5 min,"NORMAL
(Moderate, Typical)",48.33144627568199,49.0717587196138,300,1700,0.04,1.0,0.0,0,0,0,2.6,3644.25723137841
3-car / 2.5 min,"NORMAL
(Moderate, Typical)",0.0,0.0,0,0,0.0,0.0,0.0,0,0,1,3.0,3.0
3-car / 2.5 min,"NORMAL
(Moderate, Typical)",24.59901762113549,25.336624458621188,300,1700,0.041666666666666664,1.0,0.0,0,0,0,2.6,3525.5950881056774
3-car / 2.5 min,"NORMAL
(Moderate, Typical)",11.518043990092577,12.150477401613463,300,1700,0.047619047619047616,1.0,0.0,0,0,3,3.8000000000000003,3461.390219950463
3-car / 2.5 min,"NORMAL
(Moderate, Typical)",9.236167722253445,9.922666384042492,300,1700,0.041666666666666664,1.0,0.0,0,0,0,2.6,3448.7808386112674
3-car / 2.5 min,"NORMAL
(Moderate, Typical)",110.5901119621426,111.28982333222012,300,1700,0.043478260869565216,1.0,0.0,0,0,1,3.0,3955.950559810713
3-car / 2.5 min,"NORMAL
(Moderate, Typical)",0.0,0.0,0,0,0.0,0.0,0.0,0,0,1,3.0,3.0
3-car / 2.5 min,"NORMAL
(Moderate, Typical)",0.0,0.0,0,0,0.0,0.0,0.0,0,0,2,3.4000000000000004,3.4000000000000004
3-car / 2.5 min,"NORMAL
(Moderate, Typical)",0.08467793502644053,0.17971541840692376,13,0,0.0018055555555555557,0.043333333333333335,0.0,0,0,0,2.6,2.6183468859223957
3-car / 2.5 min,"NORMAL
(Moderate, Typical)",0.0,0.0,0,0,0.0,0.0,0.0,0,0,1,3.0,3.0
3-car / 2.5 min,"NORMAL
(Moderate, Typical)",37.1639523116688,37.91052106965586,300,1700,0.043478260869565216,1.0,0.0,0,0,1,3.0,3588.819761558344
3-car / 2.5 min,"NORMAL
(Moderate, Typical)",48.22094129242423,48.97015319583195,300,1700,0.041666666666666664,1.0,0.0,0,0,0,2.6,3643.704706462121
3-car / 2.5 min,"NORMAL
(Moderate, Typical)",48.093796753090956,48.80551519221225,300,1700,0.041666666666666664,1.0,0.0,0,0,1,3.0,3643.4689837654546
3-car / 2.5 min,"NORMAL
(Moderate, Typical)",21.70610567890036,22.416203782773184,300,1700,0.043478260869565216,1.0,0.0,0,0,1,3.0,3511.5305283945017
3-car / 2.5 min,"NORMAL
(Moderate, Typical)",0.0,0.0,0,0,0.0,0.0,0.0,0,0,1,3.0,3.0
3-car / 2.5 min,"NORMAL
(Moderate, Typical)",0.0,0.0,0,0,0.0,0.0,0.0,0,0,0,2.6,2.6
3-car / 2.5 min,"NORMAL
(Moderate, Typical)",0.0,0.0,0,0,0.0,0.0,0.0,0,0,0,2.6,2.6
3-car / 2.5 min,"NORMAL
(Moderate, Typical)",0.0,0.0,0,0,0.0,0.0,0.0,0,0,0,2.6,2.6
3-car / 2.5 min,"NORMAL
(Moderate, Typical)",0.0,0.0,0,0,0.0,0.0,0.0,0,0,0,2.6,2.6
3-car / 2.5 min,"NORMAL
(Moderate, Typical)",0.0,0.0,0,0,0.0,0.0,0.0,0,0,0,2.6,2.6
3-car / 2.5 min,"NORMAL
(Moderate, Typical)",34.789056298336064,35.52073037160956,300,1700,0.045454545454545456,1.0,0.0,0,0,3,3.8000000000000003,3577.7452814916805
3-car / 2.5 min,"NORMAL
(Moderate, Typical)",60.65547324997087,61.38183196522683,300,1700,0.043478260869565216,1.0,0.0,0,0,2,3.4000000000000004,3706.6773662498545
3-car / 2.5 min,"NORMAL
(Moderate, Typical)",0.0,0.0,0,0,0.0,0.0,0.0,0,0,0,2.6,2.6
3-car / 2.5 min,"NORMAL
(Moderate, Typical)",0.0,0.0,0,0,0.0,0.0,0.0,0,0,0,2.6,2.6
3-car / 2.5 min,"NORMAL
(Moderate, Typical)",40.653158078909925,41.36587905906686,300,1700,0.041666666666666664,1.0,0.0,0,0,0,2.6,3605.8657903945495
3-car / 2.5 min,"NORMAL
(Moderate, Typical)",0.0,0.0,0,0,0.0,0.0,0.0,0,0,0,2.6,2.6
3-car / 2.5 min,"NORMAL
(Moderate, Typical)",0.0,0.0,0,0,0.0,0.0,0.0,0,0,0,2.6,2.6
3-car / 2.5 min,"NORMAL
(Moderate, Typical)",0.0,0.0,0,0,0.0,0.0,0.0,0,0,0,2.6,2.6
3-car / 2.5 min,"NORMAL
(Moderate, Typical)",98.08191721116535,98.80484910831537,300,1700,0.045454545454545456,1.0,0.0,0,0,2,3.4000000000000004,3893.809586055827
3-car / 2.5 min,"NORMAL
(Moderate, Typical)",0.0,0.0,0,0,0.0,0.0,0.0,0,0,0,2.6,2.6
3-car / 2.5 min,"NORMAL
(Moderate, Typical)",0.0,0.0,0,0,0.0,0.0,0.0,0,0,0,2.6,2.6
3-car / 2.5 min,"NORMAL
(Moderate, Typical)",0.0,0.0,0,0,0.0,0.0,0.0,0,0,1,3.0,3.0
3-car / 2.5 min,"NORMAL
(Moderate, Typical)",137.2067081211319,137.86335757554622,300,1700,0.043478260869565216,1.0,0.0,0,0,1,3.0,4089.0335406056593
3-car / 2.5 min,"NORMAL
(Moderate, Typical)",0.0,0.0,0,0,0.0,0.0,0.0,0,0,0,2.6,2.6
3-car / 2.5 min,"NORMAL
(Moderate, Typical)",0.0,0.0,0,0,0.0,0.0,0.0,0,0,0,2.6,2.6
3-car / 2.5 min,"NORMAL
(Moderate, Typical)",14.406221233717872,15.156557930372175,300,1700,0.041666666666666664,1.0,0.0,0,0,1,3.0,3475.0311061685893
3-car / 2.5 min,"NORMAL
(Moderate, Typical)",0.0,0.0,0,0,0.0,0.0,0.0,0,0,1,3.0,3.0
3-car / 2.5 min,"NORMAL
(Moderate, Typical)",0.0,0.0,0,0,0.0,0.0,0.0,0,0,1,3.0,3.0
3-car / 2.5 min,"NORMAL
(Moderate, Typical)",0.0,0.0,0,0,0.0,0.0,0.0,0,0,0,2.6,2.6
3-car / 2.5 min,"NORMAL
(Moderate, Typical)",0.0,0.0,0,0,0.0,0.0,0.0,0,0,0,2.6,2.6
3-car / 2.5 min,"NORMAL
(Moderate, Typical)",44.0340585823594,44.76993141307564,300,1700,0.043478260869565216,1.0,0.0,0,0,1,3.0,3623.170292911797
3-car / 2.5 min,"NORMAL
(Moderate, Typical)",0.0,0.0,0,0,0.0,0.0,0.0,0,0,0,2.6,2.6
3-car / 2.5 min,"NORMAL
(Moderate, Typical)",0.0,0.0,0,0,0.0,0.0,0.0,0,0,0,2.6,2.6
3-car / 2.5 min,"NORMAL
(Moderate, Typical)",19.434516370419722,20.195503318671708,300,1700,0.04,1.0,0.0,0,0,0,2.6,3499.7725818520985
3-car / 2.5 min,"NORMAL
(Moderate, Typical)",0.0,0.0,0,0,0.0,0.0,0.0,0,0,1,3.0,3.0
3-car / 2.5 min,"NORMAL
(Moderate, Typical)",126.3737569513966,127.00741470167574,300,1700,0.041666666666666664,1.0,0.0,0,0,1,3.0,4034.868784756983
3-car / 2.5 min,"NORMAL
(Moderate, Typical)",0.0,0.0,0,0,0.0,0.0,0.0,0,0,1,3.0,3.0
3-car / 2.5 min,"NORMAL
(Moderate, Typical)",19.250937274833984,20.025350488721493,300,1700,0.041666666666666664,1.0,0.0,0,0,0,2.6,3498.85468637417
3-car / 2.5 min,"NORMAL
(Moderate, Typical)",2.764675209964919,3.436126319635856,300,1700,0.04,1.0,0.0,0,0,0,2.6,3416.4233760498246
3-car / 2.5 min,"NORMAL
(Moderate, Typical)",15.445960654751302,16.206346378445016,300,1700,0.041666666666666664,1.0,0.0,0,0,0,2.6,3479.8298032737566
3-car / 2.5 min,"NORMAL
(Moderate, Typical)",7.65689037448124,8.391375472079373,300,1700,0.041666666666666664,1.0,0.0,0,0,0,2.6,3440.8844518724063
3-car / 2.5 min,"NORMAL
(Moderate, Typical)",34.4570454431092,35.1985711127418,300,1700,0.04,1.0,0.0,0,0,0,2.6,3574.885227215546
3-car / 2.5 min,"NORMAL
(Moderate, Typical)",0.0,0.0,0,0,0.0,0.0,0.0,0,0,2,3.4000000000000004,3.4000000000000004
3-car / 2.5 min,"NORMAL
(Moderate, Typical)",47.79116403714978,48.47964290251854,300,1700,0.043478260869565216,1.0,0.0,0,0,1,3.0,3641.955820185749
3-car / 2.5 min,"NORMAL
(Moderate, Typical)",25.418682139769587,26.169410114369274,300,1700,0.041666666666666664,1.0,0.0,0,0,1,3.0,3530.093410698848
3-car / 2.5 min,"NORMAL
(Moderate, Typical)",0.0,0.0,0,0,0.0,0.0,0.0,0,0,1,3.0,3.0
3-car / 2.5 min,"NORMAL
(Moderate, Typical)",0.0,0.0,0,0,0.0,0.0,0.0,0,0,1,3.0,3.0
3-car / 2.5 min,"NORMAL
(Moderate, Typical)",46.414160614362196,47.10513546331981,300,1700,0.041666666666666664,1.0,0.0,0,0,0,2.6,3634.670803071811
3-car / 2.5 min,"NORMAL
(Moderate, Typical)",5.627929502794883,6.279662458666228,300,1700,0.041666666666666664,1.0,0.0,0,0,0,2.6,3430.7396475139744
3-car / 2.5 min,"NORMAL
(Moderate, Typical)",0.0,0.0,0,0,0.0,0.0,0.0,0,0,2,3.4000000000000004,3.4000000000000004
3-car / 2.5 min,"NORMAL
(Moderate, Typical)",25.86348850466952,26.552964272808715,300,1700,0.043478260869565216,1.0,0.0,0,0,2,3.4000000000000004,3532.7174425233475
3-car / 2.5 min,"NORMAL
(Moderate, Typical)",0.0,0.0,0,0,0.0,0.0,0.0,0,0,1,3.0,3.0
3-car / 2.5 min,"NORMAL
(Moderate, Typical)",20.278923361956323,20.97164212798799,300,1700,0.041666666666666664,1.0,0.0,0,0,0,2.6,3503.9946168097817
3-car / 2.5 min,"NORMAL
(Moderate, Typical)",52.312981211571,53.08668158284133,300,1700,0.043478260869565216,1.0,0.0,0,0,1,3.0,3664.564906057855
3-car / 2.5 min,"NORMAL
(Moderate, Typical)",13.512916095444826,14.227020848333124,300,1700,0.041666666666666664,1.0,0.0,0,0,1,3.0,3470.564580477224
3-car / 2.5 min,"NORMAL
(Moderate, Typical)",2.716179818996188,3.4502026786901654,300,1700,0.04,1.0,0.0,0,0,0,2.6,3416.1808990949808
3-car / 2.5 min,"NORMAL
(Moderate, Typical)",0.0,0.0,0,0,0.0,0.0,0.0,0,0,0,2.6,2.6
3-car / 2.5 min,"NORMAL
(Moderate, Typical)",9.622315259618546,10.35305157847926,300,1700,0.04,1.0,0.0,0,0,0,2.6,3450.711576298093
3-car / 2.5 min,"NORMAL
(Moderate, Typical)",0.0,0.0,0,0,0.0,0.0,0.0,0,0,1,3.0,3.0
3-car / 2.5 min,"NORMAL
(Moderate, Typical)",0.0,0.0,0,0,0.0,0.0,0.0,0,0,0,2.6,2.6
3-car / 2.5 min,"NORMAL
(Moderate, Typical)",0.0,0.0,0,0,0.0,0.0,0.0,0,0,0,2.6,2.6
3-car / 2.5 min,"NORMAL
(Moderate, Typical)",0.0,0.0,0,0,0.0,0.0,0.0,0,0,0,2.6,2.6
3-car / 2.5 min,"NORMAL
(Moderate, Typical)",55.36329545390314,56.11643385026094,300,1700,0.041666666666666664,1.0,0.0,0,0,0,2.6,3679.416477269516
3-car / 2.5 min,"NORMAL
(Moderate, Typical)",0.0,0.0,0,0,0.0,0.0,0.0,0,0,0,2.6,2.6
3-car / 2.5 min,"NORMAL
(Moderate, Typical)",0.0,0.0,0,0,0.0,0.0,0.0,0,0,0,2.6,2.6
3-car / 2.5 min,"NORMAL
(Moderate, Typical)",21.101251541211308,21.844944932405014,300,1700,0.041666666666666664,1.0,0.0,0,0,1,3.0,3508.5062577060567
3-car / 2.5 min,"NORMAL
(Moderate, Typical)",51.04782056712794,51.80419120540061,300,1700,0.043478260869565216,1.0,0.0,0,0,2,3.4000000000000004,3658.6391028356397
3-car / 2.5 min,"NORMAL
(Moderate, Typical)",20.15353799467387,20.9052667701642,300,1700,0.04,1.0,0.0,0,0,0,2.6,3503.367689973369
3-car / 2.5 min,"NORMAL
(Moderate, Typical)",0.0,0.0,0,0,0.0,0.0,0.0,0,0,0,2.6,2.6
3-car / 2.5 min,"NORMAL
(Moderate, Typical)",0.0,0.0,0,0,0.0,0.0,0.0,0,0,1,3.0,3.0
3-car / 2.5 min,"NORMAL
(Moderate, Typical)",39.241933119219745,39.951783529535774,300,1700,0.041666666666666664,1.0,0.0,0,0,0,2.6,3598.8096655960985
3-car / 2.5 min,"NORMAL
(Moderate, Typical)",26.320120567116618,26.974640951799543,300,1700,0.041666666666666664,1.0,0.0,0,0,0,2.6,3534.200602835583
3-car / 2.5 min,"NORMAL
(Moderate, Typical)",0.0,0.0,0,0,0.0,0.0,0.0,0,0,0,2.6,2.6
3-car / 2.5 min,"PEAK
(High, Busy)",0.0,0.0,0,0,0.0,0.0,0.0,0,0,0,2.6,2.6
3-car / 2.5 min,"PEAK
(High, Busy)",0.0,0.0,0,0,0.0,0.0,0.0,0,0,2,3.4000000000000004,3.4000000000000004
3-car / 2.5 min,"PEAK
(High, Busy)",46.03150357460409,46.29824349718471,300,3700,0.041666666666666664,1.0,0.0,0,0,1,3.0,7633.157517873021
3-car / 2.5 min,"PEAK
(High, Busy)",13.276078388251198,13.511469494942572,300,3700,0.04,1.0,0.0,0,0,0,2.6,7468.980391941256
3-car / 2.5 min,"PEAK
(High, Busy)",0.0,0.0,0,0,0.0,0.0,0.0,0,0,0,2.6,2.6
3-car / 2.5 min,"PEAK
(High, Busy)",48.461384839099395,48.71542103384897,300,3700,0.04,1.0,0.0,0,0,0,2.6,7644.906924195497
3-car / 2.5 min,"PEAK
(High, Busy)",0.18940879112091283,0.4335612364062492,300,3700,0.043478260869565216,1.0,0.0,0,0,1,3.0,7403.947043955604
3-car / 2.5 min,"PEAK
(High, Busy)",25.193104043298312,25.444695468197857,300,3700,0.041666666666666664,1.0,0.0,0,0,1,3.0,7528.965520216491
3-car / 2.5 min,"PEAK
(High, Busy)",0.0,0.0,0,0,0.0,0.0,0.0,0,0,0,2.6,2.6
3-car / 2.5 min,"PEAK
(High, Busy)",17.109837978159756,17.355432280579898,300,3700,0.041666666666666664,1.0,0.0,0,0,0,2.6,7488.149189890799
3-car / 2.5 min,"PEAK
(High, Busy)",0.0,0.0,0,0,0.0,0.0,0.0,0,0,0,2.6,2.6
3-car / 2.5 min,"PEAK
(High, Busy)",0.0,0.0,0,0,0.0,0.0,0.0,0,0,0,2.6,2.6
3-car / 2.5 min,"PEAK
(High, Busy)",0.0,0.0,0,0,0.0,0.0,0.0,0,0,2,3.4000000000000004,3.4000000000000004
3-car / 2.5 min,"PEAK
(High, Busy)",23.872603756856037,24.113128734414058,300,3700,0.041666666666666664,1.0,0.0,0,0,0,2.6,7521.96301878428
3-car / 2.5 min,"PEAK
(High, Busy)",1.9437647402771867,2.1810987807523516,300,3700,0.041666666666666664,1.0,0.0,0,0,0,2.6,7412.318823701386
3-car / 2.5 min,"PEAK
(High, Busy)",0.0,0.0,0,0,0.0,0.0,0.0,0,0,0,2.6,2.6
3-car / 2.5 min,"PEAK
(High, Busy)",0.0,0.0,0,0,0.0,0.0,0.0,0,0,1,3.0,3.0
3-car / 2.5 min,"PEAK
(High, Busy)",47.56502408361266,47.809990471292906,300,3700,0.041666666666666664,1.0,0.0,0,0,1,3.0,7640.825120418063
3-car / 2.5 min,"PEAK
(High, Busy)",0.0,0.0,0,0,0.0,0.0,0.0,0,0,2,3.4000000000000004,3.4000000000000004
3-car / 2.5 min,"PEAK
(High, Busy)",0.0,0.0,0,0,0.0,0.0,0.0,0,0,1,3.0,3.0
3-car / 2.5 min,"PEAK
(High, Busy)",16.81833758102163,17.05459071190414,300,3700,0.041666666666666664,1.0,0.0,0,0,1,3.0,7487.091687905108
3-car / 2.5 min,"PEAK
(High, Busy)",24.34250838126706,24.571688315914592,300,3700,0.041666666666666664,1.0,0.0,0,0,0,2.6,7524.312541906335
3-car / 2.5 min,"PEAK
(High, Busy)",15.284565353128013,15.53886675353116,300,3700,0.04,1.0,0.0,0,0,0,2.6,7479.02282676564
3-car / 2.5 min,"PEAK
(High, Busy)",2.83753449206935,3.073225332952256,300,3700,0.04,1.0,0.0,0,0,0,2.6,7416.787672460347
3-car / 2.5 min,"PEAK
(High, Busy)",57.623927160476526,57.856567789813326,300,3700,0.041666666666666664,1.0,0.0,0,0,0,2.6,7690.719635802383
3-car / 2.5 min,"PEAK
(High, Busy)",0.0,0.0,0,0,0.0,0.0,0.0,0,0,0,2.6,2.6
3-car / 2.5 min,"PEAK
(High, Busy)",0.16723321402966285,0.42633362330383284,300,3700,0.043478260869565216,1.0,0.0,0,0,1,3.0,7403.8361660701485
3-car / 2.5 min,"PEAK
(High, Busy)",0.0,0.0,0,0,0.0,0.0,0.0,0,0,2,3.4000000000000004,3.4000000000000004
3-car / 2.5 min,"PEAK
(High, Busy)",0.0,0.0,0,0,0.0,0.0,0.0,0,0,0,2.6,2.6
3-car / 2.5 min,"PEAK
(High, Busy)",24.23793333604385,24.495321945853334,300,3700,0.04,1.0,0.0,0,0,0,2.6,7523.789666680219
3-car / 2.5 min,"PEAK
(High, Busy)",14.205913223414294,14.444062279237514,300,3700,0.041666666666666664,1.0,0.0,0,0,0,2.6,7473.629566117072
3-car / 2.5 min,"PEAK
(High, Busy)",0.0,0.0,0,0,0.0,0.0,0.0,0,0,0,2.6,2.6
3-car / 2.5 min,"PEAK
(High, Busy)",0.0,0.0,0,0,0.0,0.0,0.0,0,0,1,3.0,3.0
3-car / 2.5 min,"PEAK
(High, Busy)",2.219183252021019,2.4398391599216263,300,3700,0.041666666666666664,1.0,0.0,0,0,0,2.6,7413.695916260105
3-car / 2.5 min,"PEAK
(High, Busy)",0.0,0.0,0,0,0.0,0.0,0.0,0,0,0,2.6,2.6
3-car / 2.5 min,"PEAK
(High, Busy)",17.067096301186854,17.31814882781789,300,3700,0.041666666666666664,1.0,0.0,0,0,0,2.6,7487.935481505934
3-car / 2.5 min,"PEAK
(High, Busy)",0.0,0.0,0,0,0.0,0.0,0.0,0,0,2,3.4000000000000004,3.4000000000000004
3-car / 2.5 min,"PEAK
(High, Busy)",2.263768870570368,2.50441268893238,300,3700,0.043478260869565216,1.0,0.0,0,0,1,3.0,7414.318844352852
3-car / 2.5 min,"PEAK
(High, Busy)",6.809142833138641,7.07277415309965,300,3700,0.041666666666666664,1.0,0.0,0,0,0,2.6,7436.645714165693
3-car / 2.5 min,"PEAK
(High, Busy)",0.0,0.0,0,0,0.0,0.0,0.0,0,0,0,2.6,2.6
3-car / 2.5 min,"PEAK
(High, Busy)",0.8099480020809057,1.0345549454799479,300,3700,0.043478260869565216,1.0,0.0,0,0,1,3.0,7407.049740010404
3-car / 2.5 min,"PEAK
(High, Busy)",53.7550806306429,53.99931524179076,300,3700,0.043478260869565216,1.0,0.0,0,0,1,3.0,7671.775403153215
3-car / 2.5 min,"PEAK
(High, Busy)",36.19970553600365,36.45427877114864,300,3700,0.043478260869565216,1.0,0.0,0,0,1,3.0,7583.998527680018
3-car / 2.5 min,"PEAK
(High, Busy)",3.539776662790855,3.788758520816107,300,3700,0.045454545454545456,1.0,0.0,0,0,2,3.4000000000000004,7421.0988833139545
3-car / 2.5 min,"PEAK
(High, Busy)",0.0,0.0,0,0,0.0,0.0,0.0,0,0,1,3.0,3.0
3-car / 2.5 min,"PEAK
(High, Busy)",0.0,0.0,0,0,0.0,0.0,0.0,0,0,1,3.0,3.0
3-car / 2.5 min,"PEAK
(High, Busy)",26.152879753099768,26.38336283784751,300,3700,0.043478260869565216,1.0,0.0,0,0,1,3.0,7533.764398765499
3-car / 2.5 min,"PEAK
(High, Busy)",14.252324341254461,14.480542396913338,300,3700,0.041666666666666664,1.0,0.0,0,0,0,2.6,7473.861621706273
3-car / 2.5 min,"PEAK
(High, Busy)",56.994105542629406,57.22118232056391,300,3700,0.041666666666666664,1.0,0.0,0,0,1,3.0,7687.970527713147
3-car / 2.5 min,"PEAK
(High, Busy)",11.477765707996339,11.721070213818981,300,3700,0.043478260869565216,1.0,0.0,0,0,1,3.0,7460.388828539982
3-car / 2.5 min,"PEAK
(High, Busy)",9.984295027985649,10.207254262593228,300,3700,0.041666666666666664,1.0,0.0,0,0,1,3.0,7452.921475139929
3-car / 2.5 min,"PEAK
(High, Busy)",24.60147287703304,24.8419934205117,300,3700,0.041666666666666664,1.0,0.0,0,0,1,3.0,7526.007364385166
3-car / 2.5 min,"PEAK
(High, Busy)",0.0,0.0,0,0,0.0,0.0,0.0,0,0,1,3.0,3.0
3-car / 2.5 min,"PEAK
(High, Busy)",6.353883661735606,6.6191564079591325,300,3700,0.041666666666666664,1.0,0.0,0,0,0,2.6,7434.369418308678
3-car / 2.5 min,"PEAK
(High, Busy)",0.0,0.0,0,0,0.0,0.0,0.0,0,0,0,2.6,2.6
3-car / 2.5 min,"PEAK
(High, Busy)",0.0,0.0,0,0,0.0,0.0,0.0,0,0,0,2.6,2.6
3-car / 2.5 min,"PEAK
(High, Busy)",13.508298383178396,13.742496870121334,300,3700,0.04,1.0,0.0,0,0,0,2.6,7470.141491915892
3-car / 2.5 min,"PEAK
(High, Busy)",11.38297135095972,11.605910512416333,300,3700,0.041666666666666664,1.0,0.0,0,0,1,3.0,7459.914856754798
3-car / 2.5 min,"PEAK
(High, Busy)",0.0,0.0,0,0,0.0,0.0,0.0,0,0,2,3.4000000000000004,3.4000000000000004
3-car / 2.5 min,"PEAK
(High, Busy)",0.0,0.0,0,0,0.0,0.0,0.0,0,0,0,2.6,2.6
3-car / 2.5 min,"PEAK
(High, Busy)",0.0,0.0,0,0,0.0,0.0,0.0,0,0,0,2.6,2.6
3-car / 2.5 min,"PEAK
(High, Busy)",0.0,0.0,0,0,0.0,0.0,0.0,0,0,0,2.6,2.6
3-car / 2.5 min,"PEAK
(High, Busy)",0.0,0.0,0,0,0.0,0.0,0.0,0,0,0,2.6,2.6
3-car / 2.5 min,"PEAK
(High, Busy)",0.0,0.0,0,0,0.0,0.0,0.0,0,0,1,3.0,3.0
3-car / 2.5 min,"PEAK
(High, Busy)",0.0,0.0,0,0,0.0,0.0,0.0,0,0,1,3.0,3.0
3-car / 2.5 min,"PEAK
(High, Busy)",12.02894963168533,12.288549145777406,300,3700,0.041666666666666664,1.0,0.0,0,0,1,3.0,7463.144748158426
3-car / 2.5 min,"PEAK
(High, Busy)",27.98053385241545,28.218907552882868,300,3700,0.041666666666666664,1.0,0.0,0,0,0,2.6,7542.502669262078
3-car / 2.5 min,"PEAK
(High, Busy)",25.5906027183622,25.843177495629185,300,3700,0.043478260869565216,1.0,0.0,0,0,1,3.0,7530.953013591811
3-car / 2.5 min,"PEAK
(High, Busy)",0.0,0.0,0,0,0.0,0.0,0.0,0,0,1,3.0,3.0
3-car / 2.5 min,"PEAK
(High, Busy)",46.874127250749865,47.107585198581795,300,3700,0.041666666666666664,1.0,0.0,0,0,0,2.6,7636.970636253749
3-car / 2.5 min,"PEAK
(High, Busy)",13.993043803327591,14.232835773503654,300,3700,0.043478260869565216,1.0,0.0,0,0,1,3.0,7472.965219016638
3-car / 2.5 min,"PEAK
(High, Busy)",30.07635334567235,30.320852244203714,300,3700,0.043478260869565216,1.0,0.0,0,0,1,3.0,7553.381766728362
3-car / 2.5 min,"PEAK
(High, Busy)",0.0,0.0,0,0,0.0,0.0,0.0,0,0,1,3.0,3.0
3-car / 2.5 min,"PEAK
(High, Busy)",0.0,0.0,0,0,0.0,0.0,0.0,0,0,0,2.6,2.6
3-car / 2.5 min,"PEAK
(High, Busy)",11.034225557768586,11.28510816246281,300,3700,0.041666666666666664,1.0,0.0,0,0,0,2.6,7457.771127788843
3-car / 2.5 min,"PEAK
(High, Busy)",0.0,0.0,0,0,0.0,0.0,0.0,0,0,1,3.0,3.0
3-car / 2.5 min,"PEAK
(High, Busy)",0.0,0.0,0,0,0.0,0.0,0.0,0,0,1,3.0,3.0
3-car / 2.5 min,"PEAK
(High, Busy)",12.634178938614864,12.870108317631217,300,3700,0.04,1.0,0.0,0,0,0,2.6,7465.770894693074
3-car / 2.5 min,"PEAK
(High, Busy)",0.0,0.0,0,0,0.0,0.0,0.0,0,0,0,2.6,2.6
3-car / 2.5 min,"PEAK
(High, Busy)",23.64656524530404,23.880903012607824,300,3700,0.04,1.0,0.0,0,0,0,2.6,7520.83282622652
3-car / 2.5 min,"PEAK
(High, Busy)",0.0,0.0,0,0,0.0,0.0,0.0,0,0,1,3.0,3.0
3-car / 2.5 min,"PEAK
(High, Busy)",7.730320264932293,7.9723984868722235,300,3700,0.041666666666666664,1.0,0.0,0,0,0,2.6,7441.251601324661
3-car / 2.5 min,"PEAK
(High, Busy)",32.569876537683825,32.81646567955352,300,3700,0.04,1.0,0.0,0,0,0,2.6,7565.449382688419
3-car / 2.5 min,"PEAK
(High, Busy)",51.901871773299526,52.13985218728917,300,3700,0.041666666666666664,1.0,0.0,0,0,1,3.0,7662.509358866498
3-car / 2.5 min,"PEAK
(High, Busy)",0.0,0.0,0,0,0.0,0.0,0.0,0,0,0,2.6,2.6
3-car / 2.5 min,"PEAK
(High, Busy)",0.0,0.0,0,0,0.0,0.0,0.0,0,0,2,3.4000000000000004,3.4000000000000004
3-car / 2.5 min,"PEAK
(High, Busy)",0.0,0.0,0,0,0.0,0.0,0.0,0,0,1,3.0,3.0
3-car / 2.5 min,"PEAK
(High, Busy)",0.0,0.0,0,0,0.0,0.0,0.0,0,0,0,2.6,2.6
3-car / 2.5 min,"PEAK
(High, Busy)",43.250121435718206,43.49089936397176,300,3700,0.04,1.0,0.0,0,0,0,2.6,7618.850607178591
3-car / 2.5 min,"PEAK
(High, Busy)",18.15476256776212,18.388214951264747,300,3700,0.041666666666666664,1.0,0.0,0,0,0,2.6,7493.37381283881
3-car / 2.5 min,"PEAK
(High, Busy)",22.014272648433806,22.254415231330405,300,3700,0.041666666666666664,1.0,0.0,0,0,1,3.0,7513.071363242169
3-car / 2.5 min,"PEAK
(High, Busy)",5.237094703091331,5.483086975529504,300,3700,0.041666666666666664,1.0,0.0,0,0,1,3.0,7429.185473515457
3-car / 2.5 min,"PEAK
(High, Busy)",0.0,0.0,0,0,0.0,0.0,0.0,0,0,0,2.6,2.6
3-car / 2.5 min,"PEAK
(High, Busy)",0.0,0.0,0,0,0.0,0.0,0.0,0,0,0,2.6,2.6
3-car / 2.5 min,"PEAK
(High, Busy)",0.0,0.0,0,0,0.0,0.0,0.0,0,0,0,2.6,2.6
3-car / 2.5 min,"PEAK
(High, Busy)",0.0,0.0,0,0,0.0,0.0,0.0,0,0,0,2.6,2.6
3-car / 2.5 min,"PEAK
(High, Busy)",0.0,0.0,0,0,0.0,0.0,0.0,0,0,0,2.6,2.6
3-car / 2.5 min,"PEAK
(High, Busy)",28.66768001575628,28.924184568764122,300,3700,0.04,1.0,0.0,0,0,0,2.6,7545.938400078781
3-car / 2.5 min,"PEAK
(High, Busy)",28.584064497468717,28.84507662758199,300,3700,0.043478260869565216,1.0,0.0,0,0,2,3.4000000000000004,7546.320322487343
3-car / 2.5 min,"PEAK
(High, Busy)",0.0,0.0,0,0,0.0,0.0,0.0,0,0,0,2.6,2.6
3-car / 2.5 min,"SURGE
(Very High)",0.0,0.0,0,0,0.0,0.0,0.0,0,0,1,3.0,3.0
3-car / 2.5 min,"SURGE
(Very High)",0.2384962798897579,0.37303923573449227,300,5700,0.041666666666666664,1.0,0.0,0,0,1,3.0,11404.192481399448
3-car / 2.5 min,"SURGE
(Very High)",38.35551170171073,38.482980761444786,300,5700,0.041666666666666664,1.0,0.0,0,0,0,2.6,11594.377558508553
3-car / 2.5 min,"SURGE
(Very High)",0.0,0.0,0,0,0.0,0.0,0.0,0,0,0,2.6,2.6
3-car / 2.5 min,"SURGE
(Very High)",0.0,0.0,0,0,0.0,0.0,0.0,0,0,1,3.0,3.0
3-car / 2.5 min,"SURGE
(Very High)",13.170579705315484,13.309216101511948,300,5700,0.04,1.0,0.0,0,0,0,2.6,11468.452898526577
3-car / 2.5 min,"SURGE
(Very High)",8.42481346236419,8.54617499401255,300,5700,0.04,1.0,0.0,0,0,0,2.6,11444.724067311821
3-car / 2.5 min,"SURGE
(Very High)",0.0,0.0,0,0,0.0,0.0,0.0,0,0,0,2.6,2.6
3-car / 2.5 min,"SURGE
(Very High)",0.0,0.0,0,0,0.0,0.0,0.0,0,0,0,2.6,2.6
3-car / 2.5 min,"SURGE
(Very High)",48.57955436110642,48.70843836854354,300,5700,0.045454545454545456,1.0,0.0,0,0,3,3.8000000000000003,11646.697771805531
3-car / 2.5 min,"SURGE
(Very High)",0.0,0.0,0,0,0.0,0.0,0.0,0,0,1,3.0,3.0
3-car / 2.5 min,"SURGE
(Very High)",0.0,0.0,0,0,0.0,0.0,0.0,0,0,0,2.6,2.6
3-car / 2.5 min,"SURGE
(Very High)",47.528937963355965,47.64748877304626,300,5700,0.047619047619047616,1.0,0.0,0,0,3,3.8000000000000003,11641.44468981678
3-car / 2.5 min,"SURGE
(Very High)",17.62498169934142,17.760256614270993,300,5700,0.043478260869565216,1.0,0.0,0,0,1,3.0,11491.124908496708
3-car / 2.5 min,"SURGE
(Very High)",0.0,0.0,0,0,0.0,0.0,0.0,0,0,0,2.6,2.6
3-car / 2.5 min,"SURGE
(Very High)",42.13980873747899,42.262938353466936,300,5700,0.04,1.0,0.0,0,0,0,2.6,11613.299043687395
3-car / 2.5 min,"SURGE
(Very High)",0.0,0.0,0,0,0.0,0.0,0.0,0,0,0,2.6,2.6
3-car / 2.5 min,"SURGE
(Very High)",66.11396243480579,66.24075076272807,300,5700,0.041666666666666664,1.0,0.0,0,0,1,3.0,11733.56981217403
3-car / 2.5 min,"SURGE
(Very High)",0.0,0.0,0,0,0.0,0.0,0.0,0,0,2,3.4000000000000004,3.4000000000000004
3-car / 2.5 min,"SURGE
(Very High)",5.3512888051876955,5.488604848026167,300,5700,0.041666666666666664,1.0,0.0,0,0,0,2.6,11429.356444025938
3-car / 2.5 min,"SURGE
(Very High)",0.0,0.0,0,0,0.0,0.0,0.0,0,0,0,2.6,2.6
3-car / 2.5 min,"SURGE
(Very High)",42.34419150719937,42.48145177383996,300,5700,0.041666666666666664,1.0,0.0,0,0,0,2.6,11614.320957535996
3-car / 2.5 min,"SURGE
(Very High)",0.0,0.0,0,0,0.0,0.0,0.0,0,0,1,3.0,3.0
3-car / 2.5 min,"SURGE
(Very High)",0.0,0.0,0,0,0.0,0.0,0.0,0,0,2,3.4000000000000004,3.4000000000000004
3-car / 2.5 min,"SURGE
(Very High)",0.0,0.0,0,0,0.0,0.0,0.0,0,0,2,3.4000000000000004,3.4000000000000004
3-car / 2.5 min,"SURGE
(Very High)",35.660413487642344,35.78492556666737,300,5700,0.041666666666666664,1.0,0.0,0,0,0,2.6,11580.902067438212
3-car / 2.5 min,"SURGE
(Very High)",0.0,0.0,0,0,0.0,0.0,0.0,0,0,2,3.4000000000000004,3.4000000000000004
3-car / 2.5 min,"SURGE
(Very High)",0.0,0.0,0,0,0.0,0.0,0.0,0,0,3,3.8000000000000003,3.8000000000000003
3-car / 2.5 min,"SURGE
(Very High)",0.0,0.0,0,0,0.0,0.0,0.0,0,0,1,3.0,3.0
3-car / 2.5 min,"SURGE
(Very High)",0.0,0.0,0,0,0.0,0.0,0.0,0,0,2,3.4000000000000004,3.4000000000000004
3-car / 2.5 min,"SURGE
(Very High)",13.76616724620381,13.89655430448989,300,5700,0.045454545454545456,1.0,0.0,0,0,3,3.8000000000000003,11472.63083623102
3-car / 2.5 min,"SURGE
(Very High)",0.0,0.0,0,0,0.0,0.0,0.0,0,0,2,3.4000000000000004,3.4000000000000004
3-car / 2.5 min,"SURGE
(Very High)",0.0,0.0,0,0,0.0,0.0,0.0,0,0,1,3.0,3.0
3-car / 2.5 min,"SURGE
(Very High)",0.0,0.0,0,0,0.0,0.0,0.0,0,0,0,2.6,2.6
3-car / 2.5 min,"SURGE
(Very High)",0.0,0.0,0,0,0.0,0.0,0.0,0,0,3,3.8000000000000003,3.8000000000000003
3-car / 2.5 min,"SURGE
(Very High)",0.0,0.0,0,0,0.0,0.0,0.0,0,0,0,2.6,2.6
3-car / 2.5 min,"SURGE
(Very High)",17.383702750030793,17.501979318157215,300,5700,0.04,1.0,0.0,0,0,0,2.6,11489.518513750154
3-car / 2.5 min,"SURGE
(Very High)",10.85977656797871,10.98838503256582,300,5700,0.041666666666666664,1.0,0.0,0,0,0,2.6,11456.898882839894
3-car / 2.5 min,"SURGE
(Very High)",0.0,0.0,0,0,0.0,0.0,0.0,0,0,0,2.6,2.6
3-car / 2.5 min,"SURGE
(Very High)",0.0,0.0,0,0,0.0,0.0,0.0,0,0,0,2.6,2.6
3-car / 2.5 min,"SURGE
(Very High)",17.542705217336,17.66337365231458,300,5700,0.045454545454545456,1.0,0.0,0,0,2,3.4000000000000004,11491.11352608668
3-car / 2.5 min,"SURGE
(Very High)",0.0,0.0,0,0,0.0,0.0,0.0,0,0,0,2.6,2.6
3-car / 2.5 min,"SURGE
(Very High)",52.840279013323524,52.97066985300227,300,5700,0.041666666666666664,1.0,0.0,0,0,1,3.0,11667.201395066617
3-car / 2.5 min,"SURGE
(Very High)",0.0,0.0,0,0,0.0,0.0,0.0,0,0,2,3.4000000000000004,3.4000000000000004
3-car / 2.5 min,"SURGE
(Very High)",6.884327347565977,7.026631724725602,300,5700,0.043478260869565216,1.0,0.0,0,0,1,3.0,11437.42163673783
3-car / 2.5 min,"SURGE
(Very High)",11.987543088467392,12.113981764134389,300,5700,0.04,1.0,0.0,0,0,0,2.6,11462.537715442337
3-car / 2.5 min,"SURGE
(Very High)",0.0,0.0,0,0,0.0,0.0,0.0,0,0,2,3.4000000000000004,3.4000000000000004
3-car / 2.5 min,"SURGE
(Very High)",0.0,0.0,0,0,0.0,0.0,0.0,0,0,3,3.8000000000000003,3.8000000000000003
3-car / 2.5 min,"SURGE
(Very High)",31.98973456608305,32.106338469655704,300,5700,0.043478260869565216,1.0,0.0,0,0,1,3.0,11562.948672830415
3-car / 2.5 min,"SURGE
(Very High)",0.0,0.0,0,0,0.0,0.0,0.0,0,0,0,2.6,2.6
3-car / 2.5 min,"SURGE
(Very High)",0.0,0.0,0,0,0.0,0.0,0.0,0,0,0,2.6,2.6
3-car / 2.5 min,"SURGE
(Very High)",0.0,0.0,0,0,0.0,0.0,0.0,0,0,0,2.6,2.6
3-car / 2.5 min,"SURGE
(Very High)",0.0,0.0,0,0,0.0,0.0,0.0,0,0,0,2.6,2.6
3-car / 2.5 min,"SURGE
(Very High)",31.049663460422114,31.186163140882666,300,5700,0.041666666666666664,1.0,0.0,0,0,0,2.6,11557.84831730211
3-car / 2.5 min,"SURGE
(Very High)",44.21593695056656,44.35424579989893,300,5700,0.041666666666666664,1.0,0.0,0,0,0,2.6,11623.679684752833
3-car / 2.5 min,"SURGE
(Very High)",0.0,0.0,0,0,0.0,0.0,0.0,0,0,1,3.0,3.0
3-car / 2.5 min,"SURGE
(Very High)",13.27812406171702,13.415611946576501,300,5700,0.041666666666666664,1.0,0.0,0,0,1,3.0,11469.390620308584
3-car / 2.5 min,"SURGE
(Very High)",57.12796337916331,57.25746634875311,300,5700,0.041666666666666664,1.0,0.0,0,0,1,3.0,11688.639816895817
3-car / 2.5 min,"SURGE
(Very High)",24.685238691445303,24.810358497886902,300,5700,0.043478260869565216,1.0,0.0,0,0,1,3.0,11526.426193457226
3-car / 2.5 min,"SURGE
(Very High)",0.0,0.0,0,0,0.0,0.0,0.0,0,0,0,2.6,2.6
3-car / 2.5 min,"SURGE
(Very High)",0.0,0.0,0,0,0.0,0.0,0.0,0,0,0,2.6,2.6
3-car / 2.5 min,"SURGE
(Very High)",0.0,0.0,0,0,0.0,0.0,0.0,0,0,0,2.6,2.6
3-car / 2.5 min,"SURGE
(Very High)",0.0,0.0,0,0,0.0,0.0,0.0,0,0,1,3.0,3.0
3-car / 2.5 min,"SURGE
(Very High)",0.0,0.0,0,0,0.0,0.0,0.0,0,0,1,3.0,3.0
3-car / 2.5 min,"SURGE
(Very High)",4.02966662813086,4.148964992802243,300,5700,0.04,1.0,0.0,0,0,0,2.6,11422.748333140655
3-car / 2.5 min,"SURGE
(Very High)",55.54233712432468,55.66879642345491,300,5700,0.04,1.0,0.0,0,0,0,2.6,11680.311685621624
3-car / 2.5 min,"SURGE
(Very High)",0.0,0.0,0,0,0.0,0.0,0.0,0,0,0,2.6,2.6
3-car / 2.5 min,"SURGE
(Very High)",0.0,0.0,0,0,0.0,0.0,0.0,0,0,3,3.8000000000000003,3.8000000000000003
3-car / 2.5 min,"SURGE
(Very High)",48.29040707715968,48.416027851089446,300,5700,0.045454545454545456,1.0,0.0,0,0,2,3.4000000000000004,11644.852035385798
3-car / 2.5 min,"SURGE
(Very High)",8.473065096798749,8.59154230579639,300,5700,0.04,1.0,0.0,0,0,0,2.6,11444.965325483994
3-car / 2.5 min,"SURGE
(Very High)",3.63059571210864,3.771796135397973,300,5700,0.04,1.0,0.0,0,0,0,2.6,11420.752978560544
3-car / 2.5 min,"SURGE
(Very High)",0.0,0.0,0,0,0.0,0.0,0.0,0,0,0,2.6,2.6
3-car / 2.5 min,"SURGE
(Very High)",0.0,0.0,0,0,0.0,0.0,0.0,0,0,1,3.0,3.0
3-car / 2.5 min,"SURGE
(Very High)",0.0,0.0,0,0,0.0,0.0,0.0,0,0,0,2.6,2.6
3-car / 2.5 min,"SURGE
(Very High)",43.903343478940016,44.03219559405414,300,5700,0.041666666666666664,1.0,0.0,0,0,1,3.0,11622.5167173947
3-car / 2.5 min,"SURGE
(Very High)",18.819495540779325,18.94142988917103,300,5700,0.043478260869565216,1.0,0.0,0,0,1,3.0,11497.097477703897
3-car / 2.5 min,"SURGE
(Very High)",105.77966167261815,105.90835752207389,300,5700,0.043478260869565216,1.0,0.0,0,0,2,3.4000000000000004,11932.29830836309
3-car / 2.5 min,"SURGE
(Very High)",169.35675097851288,169.48453763629044,300,5700,0.043478260869565216,1.0,0.0,0,0,1,3.0,12249.783754892564
3-car / 2.5 min,"SURGE
(Very High)",10.444451895592204,10.577516428744731,300,5700,0.043478260869565216,1.0,0.0,0,0,1,3.0,11455.222259477961
3-car / 2.5 min,"SURGE
(Very High)",0.0,0.0,0,0,0.0,0.0,0.0,0,0,0,2.6,2.6
3-car / 2.5 min,"SURGE
(Very High)",45.91207287615006,46.03274829935896,300,5700,0.043478260869565216,1.0,0.0,0,0,2,3.4000000000000004,11632.96036438075
3-car / 2.5 min,"SURGE
(Very High)",0.0,0.0,0,0,0.0,0.0,0.0,0,0,0,2.6,2.6
3-car / 2.5 min,"SURGE
(Very High)",9.496431763234385,9.624476873188001,300,5700,0.041666666666666664,1.0,0.0,0,0,1,3.0,11450.482158816172
3-car / 2.5 min,"SURGE
(Very High)",0.0,0.0,0,0,0.0,0.0,0.0,0,0,1,3.0,3.0
3-car / 2.5 min,"SURGE
(Very High)",0.0,0.0,0,0,0.0,0.0,0.0,0,0,0,2.6,2.6
3-car / 2.5 min,"SURGE
(Very High)",71.85934801413588,71.98123132601923,300,5700,0.041666666666666664,1.0,0.0,0,0,0,2.6,11761.896740070679
3-car / 2.5 min,"SURGE
(Very High)",8.187070821281258,8.310798632811853,300,5700,0.043478260869565216,1.0,0.0,0,0,2,3.4000000000000004,11444.335354106406
3-car / 2.5 min,"SURGE
(Very High)",0.0,0.0,0,0,0.0,0.0,0.0,0,0,1,3.0,3.0
3-car / 2.5 min,"SURGE
(Very High)",19.028505235359592,19.168199603046393,300,5700,0.041666666666666664,1.0,0.0,0,0,0,2.6,11497.742526176798
3-car / 2.5 min,"SURGE
(Very High)",15.514217854312195,15.633446105894302,300,5700,0.04,1.0,0.0,0,0,0,2.6,11480.171089271562
3-car / 2.5 min,"SURGE
(Very High)",0.0,0.0,0,0,0.0,0.0,0.0,0,0,2,3.4000000000000004,3.4000000000000004
3-car / 2.5 min,"SURGE
(Very High)",148.54218721026922,148.67472647415627,300,5700,0.043478260869565216,1.0,0.0,0,0,1,3.0,12145.710936051346
3-car / 2.5 min,"SURGE
(Very High)",56.964308788675154,57.09336931255683,300,5700,0.04,1.0,0.0,0,0,0,2.6,11687.421543943376
3-car / 2.5 min,"SURGE
(Very High)",0.0,0.0,0,0,0.0,0.0,0.0,0,0,1,3.0,3.0
3-car / 2.5 min,"SURGE
(Very High)",9.867911066906215,9.991511991961046,300,5700,0.04,1.0,0.0,0,0,0,2.6,11451.939555334531
3-car / 2.5 min,"SURGE
(Very High)",19.20457484934654,19.339413146319497,300,5700,0.041666666666666664,1.0,0.0,0,0,0,2.6,11498.622874246732
3-car / 2.5 min,"SURGE
(Very High)",23.854132367780345,23.993184289294984,300,5700,0.045454545454545456,1.0,0.0,0,0,2,3.4000000000000004,11522.670661838902
3-car / 2.5 min,"SURGE
(Very High)",27.431806973879382,27.568651719362233,300,5700,0.045454545454545456,1.0,0.0,0,0,2,3.4000000000000004,11540.559034869397
3-car / 2.5 min,"SURGE
(Very High)",9.046544588637255,9.179361254320463,300,5700,0.045454545454545456,1.0,0.0,0,0,2,3.4000000000000004,11448.632722943186
3-car / 2.5 min,"SURGE
(Very High)",62.881189200135694,63.001603205827024,300,5700,0.043478260869565216,1.0,0.0,0,0,1,3.0,11717.40594600068
3-car / 2.5 min,"DISRUPTION
(Delays + Surge)",0.0,0.0,0,0,0.0,0.0,0.0,0,0,0,2.6,2.6
3-car / 2.5 min,"DISRUPTION
(Delays + Surge)",0.0,0.0,0,0,0.0,0.0,0.0,0,0,0,2.6,2.6
3-car / 2.5 min,"DISRUPTION
(Delays + Surge)",55.64636577736144,55.810889462192236,300,4700,0.04,1.0,0.0,0,0,0,2.6,9680.831828886807
3-car / 2.5 min,"DISRUPTION
(Delays + Surge)",0.0,0.0,0,0,0.0,0.0,0.0,0,0,2,3.4000000000000004,3.4000000000000004
3-car / 2.5 min,"DISRUPTION
(Delays + Surge)",17.745591948639223,17.92543799391602,300,4700,0.041666666666666664,1.0,0.0,0,0,1,3.0,9491.727959743195
3-car / 2.5 min,"DISRUPTION
(Delays + Surge)",0.0,0.0,0,0,0.0,0.0,0.0,0,0,0,2.6,2.6
3-car / 2.5 min,"DISRUPTION
(Delays + Surge)",0.0,0.0,0,0,0.0,0.0,0.0,0,0,1,3.0,3.0
3-car / 2.5 min,"DISRUPTION
(Delays + Surge)",0.0,0.0,0,0,0.0,0.0,0.0,0,0,2,3.4000000000000004,3.4000000000000004
3-car / 2.5 min,"DISRUPTION
(Delays + Surge)",26.457130286156918,26.623525481274118,300,4700,0.04,1.0,0.0,0,0,0,2.6,9534.885651430784
3-car / 2.5 min,"DISRUPTION
(Delays + Surge)",0.0,0.0,0,0,0.0,0.0,0.0,0,0,2,3.4000000000000004,3.4000000000000004
3-car / 2.5 min,"DISRUPTION
(Delays + Surge)",0.0,0.0,0,0,0.0,0.0,0.0,0,0,3,3.8000000000000003,3.8000000000000003
3-car / 2.5 min,"DISRUPTION
(Delays + Surge)",54.08145337423694,54.24667991258729,300,4700,0.04,1.0,0.0,0,0,0,2.6,9673.007266871185
3-car / 2.5 min,"DISRUPTION
(Delays + Surge)",0.0,0.0,0,0,0.0,0.0,0.0,0,0,2,3.4000000000000004,3.4000000000000004
3-car / 2.5 min,"DISRUPTION
(Delays + Surge)",0.0,0.0,0,0,0.0,0.0,0.0,0,0,2,3.4000000000000004,3.4000000000000004
3-car / 2.5 min,"DISRUPTION
(Delays + Surge)",0.0,0.0,0,0,0.0,0.0,0.0,0,0,1,3.0,3.0
3-car / 2.5 min,"DISRUPTION
(Delays + Surge)",16.65055347017825,16.813828050946324,300,4700,0.043478260869565216,1.0,0.0,0,0,1,3.0,9486.252767350892
3-car / 2.5 min,"DISRUPTION
(Delays + Surge)",47.78699964538464,47.969939934156734,300,4700,0.043478260869565216,1.0,0.0,0,0,1,3.0,9641.934998226923
3-car / 2.5 min,"DISRUPTION
(Delays + Surge)",22.83531332159036,22.998487319617194,300,4700,0.047619047619047616,1.0,0.0,0,0,3,3.8000000000000003,9517.976566607951
3-car / 2.5 min,"DISRUPTION
(Delays + Surge)",0.0,0.0,0,0,0.0,0.0,0.0,0,0,0,2.6,2.6
3-car / 2.5 min,"DISRUPTION
(Delays + Surge)",0.0,0.0,0,0,0.0,0.0,0.0,0,0,0,2.6,2.6
3-car / 2.5 min,"DISRUPTION
(Delays + Surge)",0.0,0.0,0,0,0.0,0.0,0.0,0,0,1,3.0,3.0
3-car / 2.5 min,"DISRUPTION
(Delays + Surge)",0.0,0.0,0,0,0.0,0.0,0.0,0,0,0,2.6,2.6
3-car / 2.5 min,"DISRUPTION
(Delays + Surge)",17.25879276176835,17.422286847610653,300,4700,0.04,1.0,0.0,0,0,0,2.6,9488.893963808841
3-car / 2.5 min,"DISRUPTION
(Delays + Surge)",2.004739803967088,2.183443359653293,300,4700,0.043478260869565216,1.0,0.0,0,0,1,3.0,9413.023699019835
3-car / 2.5 min,"DISRUPTION
(Delays + Surge)",0.0,0.0,0,0,0.0,0.0,0.0,0,0,1,3.0,3.0
3-car / 2.5 min,"DISRUPTION
(Delays + Surge)",11.89501734134379,12.045107852639712,300,4700,0.043478260869565216,1.0,0.0,0,0,1,3.0,9462.47508670672
3-car / 2.5 min,"DISRUPTION
(Delays + Surge)",0.0,0.0,0,0,0.0,0.0,0.0,0,0,1,3.0,3.0
3-car / 2.5 min,"DISRUPTION
(Delays + Surge)",0.0,0.0,0,0,0.0,0.0,0.0,0,0,0,2.6,2.6
3-car / 2.5 min,"DISRUPTION
(Delays + Surge)",0.0,0.0,0,0,0.0,0.0,0.0,0,0,1,3.0,3.0
3-car / 2.5 min,"DISRUPTION
(Delays + Surge)",9.644479699028844,9.81936107801414,300,4700,0.04,1.0,0.0,0,0,1,3.0,9451.222398495143
3-car / 2.5 min,"DISRUPTION
(Delays + Surge)",13.87028946417245,14.051818400929166,300,4700,0.041666666666666664,1.0,0.0,0,0,1,3.0,9472.351447320862
3-car / 2.5 min,"DISRUPTION
(Delays + Surge)",157.00752811667462,157.1926247454579,300,4700,0.041666666666666664,1.0,0.0,0,0,1,3.0,10188.037640583374
3-car / 2.5 min,"DISRUPTION
(Delays + Surge)",0.0,0.0,0,0,0.0,0.0,0.0,0,0,2,3.4000000000000004,3.4000000000000004
3-car / 2.5 min,"DISRUPTION
(Delays + Surge)",20.05574130703451,20.221555157291863,300,4700,0.05,1.0,0.0,0,0,4,4.2,9504.478706535172
3-car / 2.5 min,"DISRUPTION
(Delays + Surge)",0.0,0.0,0,0,0.0,0.0,0.0,0,0,2,3.4000000000000004,3.4000000000000004
3-car / 2.5 min,"DISRUPTION
(Delays + Surge)",0.0,0.0,0,0,0.0,0.0,0.0,0,0,2,3.4000000000000004,3.4000000000000004
3-car / 2.5 min,"DISRUPTION
(Delays + Surge)",0.0,0.0,0,0,0.0,0.0,0.0,0,0,2,3.4000000000000004,3.4000000000000004
3-car / 2.5 min,"DISRUPTION
(Delays + Surge)",144.47028374443363,144.63963984641322,300,4700,0.043478260869565216,1.0,0.0,0,0,2,3.4000000000000004,10125.751418722168
3-car / 2.5 min,"DISRUPTION
(Delays + Surge)",38.524755977770084,38.688879754991326,300,4700,0.043478260869565216,1.0,0.0,0,0,1,3.0,9595.62377988885
3-car / 2.5 min,"DISRUPTION
(Delays + Surge)",9.132686080667598,9.300450240552614,300,4700,0.043478260869565216,1.0,0.0,0,0,1,3.0,9448.663430403338
3-car / 2.5 min,"DISRUPTION
(Delays + Surge)",26.942031079590585,27.124567290952246,300,4700,0.047619047619047616,1.0,0.0,0,0,3,3.8000000000000003,9538.510155397953
3-car / 2.5 min,"DISRUPTION
(Delays + Surge)",0.0,0.0,0,0,0.0,0.0,0.0,0,0,0,2.6,2.6
3-car / 2.5 min,"DISRUPTION
(Delays + Surge)",0.0,0.0,0,0,0.0,0.0,0.0,0,0,0,2.6,2.6
3-car / 2.5 min,"DISRUPTION
(Delays + Surge)",0.0,0.0,0,0,0.0,0.0,0.0,0,0,1,3.0,3.0
3-car / 2.5 min,"DISRUPTION
(Delays + Surge)",21.02741540746046,21.208117323392134,300,4700,0.041666666666666664,1.0,0.0,0,0,0,2.6,9507.737077037302
3-car / 2.5 min,"DISRUPTION
(Delays + Surge)",0.0,0.0,0,0,0.0,0.0,0.0,0,0,1,3.0,3.0
3-car / 2.5 min,"DISRUPTION
(Delays + Surge)",2.2440544888844975,2.4146166651208607,300,4700,0.041666666666666664,1.0,0.0,0,0,0,2.6,9413.820272444422
3-car / 2.5 min,"DISRUPTION
(Delays + Surge)",0.0,0.0,0,0,0.0,0.0,0.0,0,0,1,3.0,3.0
3-car / 2.5 min,"DISRUPTION
(Delays + Surge)",0.0,0.0,0,0,0.0,0.0,0.0,0,0,2,3.4000000000000004,3.4000000000000004
3-car / 2.5 min,"DISRUPTION
(Delays + Surge)",26.687920049156443,26.872083886811136,300,4700,0.041666666666666664,1.0,0.0,0,0,1,3.0,9536.439600245782
3-car / 2.5 min,"DISRUPTION
(Delays + Surge)",70.29117773908565,70.45521899983885,300,4700,0.041666666666666664,1.0,0.0,0,0,0,2.6,9754.055888695428
3-car / 2.5 min,"DISRUPTION
(Delays + Surge)",0.0,0.0,0,0,0.0,0.0,0.0,0,0,0,2.6,2.6
3-car / 2.5 min,"DISRUPTION
(Delays + Surge)",0.0,0.0,0,0,0.0,0.0,0.0,0,0,1,3.0,3.0
3-car / 2.5 min,"DISRUPTION
(Delays + Surge)",19.085078153896077,19.257506091334978,300,4700,0.043478260869565216,1.0,0.0,0,0,2,3.4000000000000004,9498.82539076948
3-car / 2.5 min,"DISRUPTION
(Delays + Surge)",15.960582419468519,16.131872388603334,300,4700,0.045454545454545456,1.0,0.0,0,0,2,3.4000000000000004,9483.202912097342
3-car / 2.5 min,"DISRUPTION
(Delays + Surge)",1.9673929656956133,2.146546226994994,300,4700,0.045454545454545456,1.0,0.0,0,0,2,3.4000000000000004,9413.236964828478
3-car / 2.5 min,"DISRUPTION
(Delays + Surge)",0.0,0.0,0,0,0.0,0.0,0.0,0,0,1,3.0,3.0
3-car / 2.5 min,"DISRUPTION
(Delays + Surge)",0.0,0.0,0,0,0.0,0.0,0.0,0,0,1,3.0,3.0
3-car / 2.5 min,"DISRUPTION
(Delays + Surge)",158.9970188805514,159.17296874281303,300,4700,0.05,1.0,0.0,0,0,4,4.2,10199.185094402757
3-car / 2.5 min,"DISRUPTION
(Delays + Surge)",23.539516732007247,23.712154075808204,300,4700,0.043478260869565216,1.0,0.0,0,0,1,3.0,9520.697583660036
3-car / 2.5 min,"DISRUPTION
(Delays + Surge)",58.104113495543,58.26989938263601,300,4700,0.041666666666666664,1.0,0.0,0,0,1,3.0,9693.520567477715
3-car / 2.5 min,"DISRUPTION
(Delays + Surge)",22.63078199216309,22.80855955534961,300,4700,0.043478260869565216,1.0,0.0,0,0,3,3.8000000000000003,9516.953909960816
3-car / 2.5 min,"DISRUPTION
(Delays + Surge)",0.0,0.0,0,0,0.0,0.0,0.0,0,0,1,3.0,3.0
3-car / 2.5 min,"DISRUPTION
(Delays + Surge)",0.0,0.0,0,0,0.0,0.0,0.0,0,0,1,3.0,3.0
3-car / 2.5 min,"DISRUPTION
(Delays + Surge)",0.0,0.0,0,0,0.0,0.0,0.0,0,0,1,3.0,3.0
3-car / 2.5 min,"DISRUPTION
(Delays + Surge)",217.54404794618858,217.71205868865403,300,4700,0.047619047619047616,1.0,0.0,0,0,3,3.8000000000000003,10491.520239730942
3-car / 2.5 min,"DISRUPTION
(Delays + Surge)",0.0,0.0,0,0,0.0,0.0,0.0,0,0,1,3.0,3.0
3-car / 2.5 min,"DISRUPTION
(Delays + Surge)",0.0,0.0,0,0,0.0,0.0,0.0,0,0,4,4.2,4.2
3-car / 2.5 min,"DISRUPTION
(Delays + Surge)",13.947477645736837,14.107895545324986,300,4700,0.041666666666666664,1.0,0.0,0,0,1,3.0,9472.737388228685
3-car / 2.5 min,"DISRUPTION
(Delays + Surge)",5.824588319552448,5.97081432759194,300,4700,0.043478260869565216,1.0,0.0,0,0,2,3.4000000000000004,9432.522941597763
3-car / 2.5 min,"DISRUPTION
(Delays + Surge)",38.10958411621386,38.30282726341987,300,4700,0.04,1.0,0.0,0,0,0,2.6,9593.14792058107
3-car / 2.5 min,"DISRUPTION
(Delays + Surge)",2.7888801769349643,2.9589462346289794,300,4700,0.041666666666666664,1.0,0.0,0,0,0,2.6,9416.544400884675
3-car / 2.5 min,"DISRUPTION
(Delays + Surge)",0.0,0.0,0,0,0.0,0.0,0.0,0,0,2,3.4000000000000004,3.4000000000000004
3-car / 2.5 min,"DISRUPTION
(Delays + Surge)",0.0,0.0,0,0,0.0,0.0,0.0,0,0,1,3.0,3.0
3-car / 2.5 min,"DISRUPTION
(Delays + Surge)",0.0,0.0,0,0,0.0,0.0,0.0,0,0,2,3.4000000000000004,3.4000000000000004
3-car / 2.5 min,"DISRUPTION
(Delays + Surge)",0.0,0.0,0,0,0.0,0.0,0.0,0,0,0,2.6,2.6
3-car / 2.5 min,"DISRUPTION
(Delays + Surge)",0.0,0.0,0,0,0.0,0.0,0.0,0,0,2,3.4000000000000004,3.4000000000000004
3-car / 2.5 min,"DISRUPTION
(Delays + Surge)",14.516169567577204,14.686572878779026,300,4700,0.047619047619047616,1.0,0.0,0,0,3,3.8000000000000003,9476.380847837887
3-car / 2.5 min,"DISRUPTION
(Delays + Surge)",21.486008948858128,21.650437618824856,300,4700,0.04,1.0,0.0,0,0,0,2.6,9510.030044744291
3-car / 2.5 min,"DISRUPTION
(Delays + Surge)",0.0,0.0,0,0,0.0,0.0,0.0,0,0,1,3.0,3.0
3-car / 2.5 min,"DISRUPTION
(Delays + Surge)",16.07515800898416,16.256778987591943,300,4700,0.04,1.0,0.0,0,0,0,2.6,9482.97579004492
3-car / 2.5 min,"DISRUPTION
(Delays + Surge)",0.0,0.0,0,0,0.0,0.0,0.0,0,0,3,3.8000000000000003,3.8000000000000003
3-car / 2.5 min,"DISRUPTION
(Delays + Surge)",0.0,0.0,0,0,0.0,0.0,0.0,0,0,1,3.0,3.0
3-car / 2.5 min,"DISRUPTION
(Delays + Surge)",2.7840201374627047,2.9518505090995526,300,4700,0.041666666666666664,1.0,0.0,0,0,0,2.6,9416.520100687314
3-car / 2.5 min,"DISRUPTION
(Delays + Surge)",0.0,0.0,0,0,0.0,0.0,0.0,0,0,2,3.4000000000000004,3.4000000000000004
3-car / 2.5 min,"DISRUPTION
(Delays + Surge)",30.506787772539052,30.654636252655102,300,4700,0.043478260869565216,1.0,0.0,0,0,1,3.0,9555.533938862694
3-car / 2.5 min,"DISRUPTION
(Delays + Surge)",0.0,0.0,0,0,0.0,0.0,0.0,0,0,3,3.8000000000000003,3.8000000000000003
3-car / 2.5 min,"DISRUPTION
(Delays + Surge)",0.0,0.0,0,0,0.0,0.0,0.0,0,0,0,2.6,2.6
3-car / 2.5 min,"DISRUPTION
(Delays + Surge)",0.0,0.0,0,0,0.0,0.0,0.0,0,0,2,3.4000000000000004,3.4000000000000004
3-car / 2.5 min,"DISRUPTION
(Delays + Surge)",31.087467984473903,31.26141816923593,300,4700,0.045454545454545456,1.0,0.0,0,0,3,3.8000000000000003,9559.237339922369
3-car / 2.5 min,"DISRUPTION
(Delays + Surge)",7.60776708316673,7.789126222388711,300,4700,0.043478260869565216,1.0,0.0,0,0,1,3.0,9441.038835415833
3-car / 2.5 min,"DISRUPTION
(Delays + Surge)",0.0,0.0,0,0,0.0,0.0,0.0,0,0,4,4.2,4.2
3-car / 2.5 min,"DISRUPTION
(Delays + Surge)",0.0,0.0,0,0,0.0,0.0,0.0,0,0,0,2.6,2.6
3-car / 2.5 min,"DISRUPTION
(Delays + Surge)",20.71523696373953,20.882697833628193,300,4700,0.041666666666666664,1.0,0.0,0,0,1,3.0,9506.576184818698
3-car / 2.5 min,"DISRUPTION
(Delays + Surge)",0.0,0.0,0,0,0.0,0.0,0.0,0,0,0,2.6,2.6
3-car / 2.5 min,"DISRUPTION
(Delays + Surge)",0.0,0.0,0,0,0.0,0.0,0.0,0,0,1,3.0,3.0
3-car / 2.5 min,"DISRUPTION
(Delays + Surge)",0.0,0.0,0,0,0.0,0.0,0.0,0,0,0,2.6,2.6
3-car / 2.5 min,"DISRUPTION
(Delays + Surge)",30.459917588106418,30.63575467463825,300,4700,0.04,1.0,0.0,0,0,0,2.6,9554.899587940532
3-car / 2.5 min,"DISRUPTION
(Delays + Surge)",8.128945122696502,8.301798133183343,300,4700,0.041666666666666664,1.0,0.0,0,0,1,3.0,9443.644725613483
3-car / 2.5 min,"DISRUPTION
(Delays + Surge)",0.0,0.0,0,0,0.0,0.0,0.0,0,0,2,3.4000000000000004,3.4000000000000004
3-car / 2.5 min,"CASCADING
(Failures + Delays)",29.2644272039153,29.32529452204257,300,2700,0.05,1.0,0.0,0,0,4,4.2,5550.5221360195765
3-car / 2.5 min,"CASCADING
(Failures + Delays)",34.656981173752975,34.713427761362745,300,2700,0.043478260869565216,1.0,0.0,0,0,2,3.4000000000000004,5576.684905868765
3-car / 2.5 min,"CASCADING
(Failures + Delays)",43.958252514408905,44.01866664495227,300,2700,0.047619047619047616,1.0,0.0,0,0,4,4.2,5623.991262572044
3-car / 2.5 min,"CASCADING
(Failures + Delays)",0.0,0.0,0,0,0.0,0.0,0.0,0,0,2,3.4000000000000004,3.4000000000000004
3-car / 2.5 min,"CASCADING
(Failures + Delays)",0.0,0.0,0,0,0.0,0.0,0.0,0,0,3,3.8000000000000003,3.8000000000000003
3-car / 2.5 min,"CASCADING
(Failures + Delays)",0.0,0.0,0,0,0.0,0.0,0.0,0,0,1,3.0,3.0
3-car / 2.5 min,"CASCADING
(Failures + Delays)",5.352481672229903,5.415628791314474,300,2700,0.041666666666666664,1.0,0.0,0,0,1,3.0,5429.76240836115
3-car / 2.5 min,"CASCADING
(Failures + Delays)",181.67870713964288,181.74875164657905,300,2700,0.043478260869565216,1.0,0.0,0,0,2,3.4000000000000004,6311.793535698214
3-car / 2.5 min,"CASCADING
(Failures + Delays)",0.0,0.0,0,0,0.0,0.0,0.0,0,0,3,3.8000000000000003,3.8000000000000003
3-car / 2.5 min,"CASCADING
(Failures + Delays)",75.0163877376736,75.06813921569433,300,2700,0.045454545454545456,1.0,0.0,0,0,3,3.8000000000000003,5778.881938688368
3-car / 2.5 min,"CASCADING
(Failures + Delays)",37.70963132518216,37.76705056812262,300,2700,0.04,1.0,0.0,0,0,0,2.6,5591.148156625911
3-car / 2.5 min,"CASCADING
(Failures + Delays)",15.16794734012093,15.228310036524311,300,2700,0.043478260869565216,1.0,0.0,0,0,1,3.0,5478.839736700605
3-car / 2.5 min,"CASCADING
(Failures + Delays)",0.0,0.0,0,0,0.0,0.0,0.0,0,0,2,3.4000000000000004,3.4000000000000004
3-car / 2.5 min,"CASCADING
(Failures + Delays)",0.0,0.0,0,0,0.0,0.0,0.0,0,0,5,4.6,4.6
3-car / 2.5 min,"CASCADING
(Failures + Delays)",41.482750216717044,41.549043216276665,300,2700,0.043478260869565216,1.0,0.0,0,0,2,3.4000000000000004,5610.813751083585
3-car / 2.5 min,"CASCADING
(Failures + Delays)",13.024053323606198,13.082129873259357,300,2700,0.043478260869565216,1.0,0.0,0,0,2,3.4000000000000004,5468.520266618031
3-car / 2.5 min,"CASCADING
(Failures + Delays)",69.7576428755276,69.81816227961617,300,2700,0.043478260869565216,1.0,0.0,0,0,2,3.4000000000000004,5752.188214377638
3-car / 2.5 min,"CASCADING
(Failures + Delays)",0.0,0.0,0,0,0.0,0.0,0.0,0,0,1,3.0,3.0
3-car / 2.5 min,"CASCADING
(Failures + Delays)",179.9049576305903,179.96621150137904,300,2700,0.047619047619047616,1.0,0.0,0,0,4,4.2,6303.724788152952
3-car / 2.5 min,"CASCADING
(Failures + Delays)",32.61173734514782,32.671554499549686,300,2700,0.043478260869565216,1.0,0.0,0,0,1,3.0,5566.058686725739
3-car / 2.5 min,"CASCADING
(Failures + Delays)",159.53958867527695,159.60542973086353,300,2700,0.05,1.0,0.0,0,0,5,4.6,6202.297943376385
3-car / 2.5 min,"CASCADING
(Failures + Delays)",31.559668708436643,31.62496833993793,300,2700,0.045454545454545456,1.0,0.0,0,0,2,3.4000000000000004,5561.1983435421835
3-car / 2.5 min,"CASCADING
(Failures + Delays)",35.88666789539167,35.943624809164234,300,2700,0.047619047619047616,1.0,0.0,0,0,3,3.8000000000000003,5583.2333394769585
3-car / 2.5 min,"CASCADING
(Failures + Delays)",0.0,0.0,0,0,0.0,0.0,0.0,0,0,3,3.8000000000000003,3.8000000000000003
3-car / 2.5 min,"CASCADING
(Failures + Delays)",0.0,0.0,0,0,0.0,0.0,0.0,0,0,6,5.0,5.0
3-car / 2.5 min,"CASCADING
(Failures + Delays)",0.0,0.0,0,0,0.0,0.0,0.0,0,0,5,4.6,4.6
3-car / 2.5 min,"CASCADING
(Failures + Delays)",2.8916382504071523,2.9625670254885277,300,2700,0.047619047619047616,1.0,0.0,0,0,3,3.8000000000000003,5418.258191252035
3-car / 2.5 min,"CASCADING
(Failures + Delays)",0.0,0.0,0,0,0.0,0.0,0.0,0,0,1,3.0,3.0
3-car / 2.5 min,"CASCADING
(Failures + Delays)",24.94207204478753,25.011096971640367,300,2700,0.047619047619047616,1.0,0.0,0,0,3,3.8000000000000003,5528.510360223938
3-car / 2.5 min,"CASCADING
(Failures + Delays)",0.0,0.0,0,0,0.0,0.0,0.0,0,0,0,2.6,2.6
3-car / 2.5 min,"CASCADING
(Failures + Delays)",0.0,0.0,0,0,0.0,0.0,0.0,0,0,4,4.2,4.2
3-car / 2.5 min,"CASCADING
(Failures + Delays)",0.0,0.0,0,0,0.0,0.0,0.0,0,0,4,4.2,4.2
3-car / 2.5 min,"CASCADING
(Failures + Delays)",31.886277150424114,31.954199101576798,300,2700,0.045454545454545456,1.0,0.0,0,0,2,3.4000000000000004,5562.831385752121
3-car / 2.5 min,"CASCADING
(Failures + Delays)",0.0,0.0,0,0,0.0,0.0,0.0,0,0,5,4.6,4.6
3-car / 2.5 min,"CASCADING
(Failures + Delays)",0.0,0.0,0,0,0.0,0.0,0.0,0,0,2,3.4000000000000004,3.4000000000000004
3-car / 2.5 min,"CASCADING
(Failures + Delays)",20.868076765392814,20.929002302874153,300,2700,0.043478260869565216,1.0,0.0,0,0,1,3.0,5507.340383826964
3-car / 2.5 min,"CASCADING
(Failures + Delays)",0.0,0.0,0,0,0.0,0.0,0.0,0,0,1,3.0,3.0
3-car / 2.5 min,"CASCADING
(Failures + Delays)",0.0,0.0,0,0,0.0,0.0,0.0,0,0,2,3.4000000000000004,3.4000000000000004
3-car / 2.5 min,"CASCADING
(Failures + Delays)",0.0,0.0,0,0,0.0,0.0,0.0,0,0,2,3.4000000000000004,3.4000000000000004
3-car / 2.5 min,"CASCADING
(Failures + Delays)",34.50496763901015,34.55767329861837,300,2700,0.045454545454545456,1.0,0.0,0,0,3,3.8000000000000003,5576.324838195051
3-car / 2.5 min,"CASCADING
(Failures + Delays)",156.6969825683347,156.75996624298332,300,2700,0.045454545454545456,1.0,0.0,0,0,4,4.2,6187.684912841673
3-car / 2.5 min,"CASCADING
(Failures + Delays)",0.0,0.0,0,0,0.0,0.0,0.0,0,0,3,3.8000000000000003,3.8000000000000003
3-car / 2.5 min,"CASCADING
(Failures + Delays)",0.0,0.0,0,0,0.0,0.0,0.0,0,0,0,2.6,2.6
3-car / 2.5 min,"CASCADING
(Failures + Delays)",27.245685268124365,27.30746747319039,300,2700,0.05263157894736842,1.0,0.0,0,0,7,5.4,5541.628426340621
3-car / 2.5 min,"CASCADING
(Failures + Delays)",40.40854542712916,40.461381739891905,300,2700,0.043478260869565216,1.0,0.0,0,0,1,3.0,5605.042727135646
3-car / 2.5 min,"CASCADING
(Failures + Delays)",0.0,0.0,0,0,0.0,0.0,0.0,0,0,2,3.4000000000000004,3.4000000000000004
3-car / 2.5 min,"CASCADING
(Failures + Delays)",0.0,0.0,0,0,0.0,0.0,0.0,0,0,4,4.2,4.2
3-car / 2.5 min,"CASCADING
(Failures + Delays)",22.748572803603043,22.80141868875498,300,2700,0.041666666666666664,1.0,0.0,0,0,1,3.0,5516.742864018015
3-car / 2.5 min,"CASCADING
(Failures + Delays)",5.939940355648056,6.005148110838072,300,2700,0.043478260869565216,1.0,0.0,0,0,1,3.0,5432.6997017782405
3-car / 2.5 min,"CASCADING
(Failures + Delays)",5.65461149609495,5.712641793859178,300,2700,0.047619047619047616,1.0,0.0,0,0,3,3.8000000000000003,5432.073057480475
3-car / 2.5 min,"CASCADING
(Failures + Delays)",0.0,0.0,0,0,0.0,0.0,0.0,0,0,2,3.4000000000000004,3.4000000000000004
3-car / 2.5 min,"CASCADING
(Failures + Delays)",41.80338806874767,41.87609296488486,300,2700,0.043478260869565216,1.0,0.0,0,0,2,3.4000000000000004,5612.416940343738
3-car / 2.5 min,"CASCADING
(Failures + Delays)",64.69423982590857,64.75618924176396,300,2700,0.041666666666666664,1.0,0.0,0,0,1,3.0,5726.471199129543
3-car / 2.5 min,"CASCADING
(Failures + Delays)",18.832954252823,18.89026801334257,300,2700,0.043478260869565216,1.0,0.0,0,0,1,3.0,5497.164771264115
3-car / 2.5 min,"CASCADING
(Failures + Delays)",152.64169523296732,152.70240801272053,300,2700,0.043478260869565216,1.0,0.0,0,0,1,3.0,6166.208476164837
3-car / 2.5 min,"CASCADING
(Failures + Delays)",26.90290567791192,26.97411173670455,300,2700,0.04,1.0,0.0,0,0,0,2.6,5537.114528389559
3-car / 2.5 min,"CASCADING
(Failures + Delays)",0.0,0.0,0,0,0.0,0.0,0.0,0,0,3,3.8000000000000003,3.8000000000000003
3-car / 2.5 min,"CASCADING
(Failures + Delays)",2.761492238086199,2.822498763130119,300,2700,0.043478260869565216,1.0,0.0,0,0,2,3.4000000000000004,5417.207461190431
3-car / 2.5 min,"CASCADING
(Failures + Delays)",16.068688088349454,16.12553989132096,300,2700,0.047619047619047616,1.0,0.0,0,0,3,3.8000000000000003,5484.143440441747
3-car / 2.5 min,"CASCADING
(Failures + Delays)",1.5436797501043498,1.6056821946544986,300,2700,0.04,1.0,0.0,0,0,0,2.6,5410.318398750522
3-car / 2.5 min,"CASCADING
(Failures + Delays)",53.776476853012035,53.83601601997032,300,2700,0.045454545454545456,1.0,0.0,0,0,2,3.4000000000000004,5672.2823842650605
3-car / 2.5 min,"CASCADING
(Failures + Delays)",0.0,0.0,0,0,0.0,0.0,0.0,0,0,3,3.8000000000000003,3.8000000000000003
3-car / 2.5 min,"CASCADING
(Failures + Delays)",16.245803907829067,16.307305754794186,300,2700,0.043478260869565216,1.0,0.0,0,0,3,3.8000000000000003,5485.029019539145
3-car / 2.5 min,"CASCADING
(Failures + Delays)",0.0,0.0,0,0,0.0,0.0,0.0,0,0,0,2.6,2.6
3-car / 2.5 min,"CASCADING
(Failures + Delays)",38.48131224229289,38.53733921732464,300,2700,0.041666666666666664,1.0,0.0,0,0,0,2.6,5595.006561211464
3-car / 2.5 min,"CASCADING
(Failures + Delays)",0.0,0.0,0,0,0.0,0.0,0.0,0,0,0,2.6,2.6
3-car / 2.5 min,"CASCADING
(Failures + Delays)",170.33740687341387,170.39562515784667,300,2700,0.043478260869565216,1.0,0.0,0,0,2,3.4000000000000004,6255.0870343670695
3-car / 2.5 min,"CASCADING
(Failures + Delays)",0.0,0.0,0,0,0.0,0.0,0.0,0,0,1,3.0,3.0
3-car / 2.5 min,"CASCADING
(Failures + Delays)",0.0,0.0,0,0,0.0,0.0,0.0,0,0,2,3.4000000000000004,3.4000000000000004
3-car / 2.5 min,"CASCADING
(Failures + Delays)",21.95451441976654,22.023846082503063,300,2700,0.043478260869565216,1.0,0.0,0,0,1,3.0,5512.772572098833
3-car / 2.5 min,"CASCADING
(Failures + Delays)",0.0,0.0,0,0,0.0,0.0,0.0,0,0,4,4.2,4.2
3-car / 2.5 min,"CASCADING
(Failures + Delays)",42.922459253735084,42.985987318883986,300,2700,0.045454545454545456,1.0,0.0,0,0,3,3.8000000000000003,5618.412296268675
3-car / 2.5 min,"CASCADING
(Failures + Delays)",0.0,0.0,0,0,0.0,0.0,0.0,0,0,2,3.4000000000000004,3.4000000000000004
3-car / 2.5 min,"CASCADING
(Failures + Delays)",0.0,0.0,0,0,0.0,0.0,0.0,0,0,3,3.8000000000000003,3.8000000000000003
3-car / 2.5 min,"CASCADING
(Failures + Delays)",0.062367535086969794,0.1201838131475449,300,2700,0.045454545454545456,1.0,0.0,0,0,3,3.8000000000000003,5404.111837675435
3-car / 2.5 min,"CASCADING
(Failures + Delays)",0.0,0.0,0,0,0.0,0.0,0.0,0,0,1,3.0,3.0
3-car / 2.5 min,"CASCADING
(Failures + Delays)",177.36450074516515,177.42263268810308,300,2700,0.045454545454545456,1.0,0.0,0,0,2,3.4000000000000004,6290.222503725826
3-car / 2.5 min,"CASCADING
(Failures + Delays)",59.1854507990022,59.24542150312204,300,2700,0.045454545454545456,1.0,0.0,0,0,2,3.4000000000000004,5699.327253995011
3-car / 2.5 min,"CASCADING
(Failures + Delays)",0.0,0.0,0,0,0.0,0.0,0.0,0,0,0,2.6,2.6
3-car / 2.5 min,"CASCADING
(Failures + Delays)",7.2200038998071205,7.27605604796565,300,2700,0.043478260869565216,1.0,0.0,0,0,1,3.0,5439.100019499036
3-car / 2.5 min,"CASCADING
(Failures + Delays)",162.53041535626272,162.59275257174767,300,2700,0.047619047619047616,1.0,0.0,0,0,4,4.2,6216.852076781313
3-car / 2.5 min,"CASCADING
(Failures + Delays)",0.0,0.0,0,0,0.0,0.0,0.0,0,0,2,3.4000000000000004,3.4000000000000004
3-car / 2.5 min,"CASCADING
(Failures + Delays)",9.501654309825662,9.566841950403234,300,2700,0.045454545454545456,1.0,0.0,0,0,2,3.4000000000000004,5450.908271549129
3-car / 2.5 min,"CASCADING
(Failures + Delays)",20.260433625732123,20.316152890688976,300,2700,0.043478260869565216,1.0,0.0,0,0,2,3.4000000000000004,5504.702168128661
3-car / 2.5 min,"CASCADING
(Failures + Delays)",0.0,0.0,0,0,0.0,0.0,0.0,0,0,4,4.2,4.2
3-car / 2.5 min,"CASCADING
(Failures + Delays)",7.914182390783768,7.968987253260728,300,2700,0.043478260869565216,1.0,0.0,0,0,2,3.4000000000000004,5442.970911953918
3-car / 2.5 min,"CASCADING
(Failures + Delays)",0.0,0.0,0,0,0.0,0.0,0.0,0,0,0,2.6,2.6
3-car / 2.5 min,"CASCADING
(Failures + Delays)",21.19657682533673,21.259479983481633,300,2700,0.045454545454545456,1.0,0.0,0,0,2,3.4000000000000004,5509.382884126684
3-car / 2.5 min,"CASCADING
(Failures + Delays)",0.5122884905229813,0.5732001017310747,300,2700,0.043478260869565216,1.0,0.0,0,0,2,3.4000000000000004,5405.961442452615
3-car / 2.5 min,"CASCADING
(Failures + Delays)",34.29581642038645,34.35310510118703,300,2700,0.041666666666666664,1.0,0.0,0,0,1,3.0,5574.479082101932
3-car / 2.5 min,"CASCADING
(Failures + Delays)",2.4517488598665294,2.5080986940728263,300,2700,0.043478260869565216,1.0,0.0,0,0,2,3.4000000000000004,5415.658744299332
3-car / 2.5 min,"CASCADING
(Failures + Delays)",143.4974290418507,143.55599001020616,300,2700,0.05,1.0,0.0,0,0,5,4.6,6122.087145209253
3-car / 2.5 min,"CASCADING
(Failures + Delays)",0.0,0.0,0,0,0.0,0.0,0.0,0,0,0,2.6,2.6
3-car / 2.5 min,"CASCADING
(Failures + Delays)",0.0,0.0,0,0,0.0,0.0,0.0,0,0,1,3.0,3.0
3-car / 2.5 min,"CASCADING
(Failures + Delays)",201.0714684339552,201.13104607985798,300,2700,0.045454545454545456,1.0,0.0,0,0,2,3.4000000000000004,6408.757342169776
3-car / 2.5 min,"CASCADING
(Failures + Delays)",19.411799260725317,19.47654150281887,300,2700,0.045454545454545456,1.0,0.0,0,0,2,3.4000000000000004,5500.458996303627
3-car / 2.5 min,"CASCADING
(Failures + Delays)",44.22637321369469,44.28984274425418,300,2700,0.04,1.0,0.0,0,0,0,2.6,5623.731866068473
3-car / 2.5 min,"CASCADING
(Failures + Delays)",0.0,0.0,0,0,0.0,0.0,0.0,0,0,3,3.8000000000000003,3.8000000000000003
3-car / 2.5 min,"CASCADING
(Failures + Delays)",0.0,0.0,0,0,0.0,0.0,0.0,0,0,3,3.8000000000000003,3.8000000000000003
3-car / 2.5 min,"CASCADING
(Failures + Delays)",343.5231379484053,343.58361082298916,300,2700,0.045454545454545456,1.0,0.0,0,0,3,3.8000000000000003,7121.415689742026
6-car / 3.0 min,"OFF-PEAK
(Low, Stable)",24.33946014877378,106.00942727794163,496,0,0.04133333333333333,0.825,0.0,0,0,0,3.3,204.50620389652994
6-car / 3.0 min,"OFF-PEAK
(Low, Stable)",16.592756616211325,106.33275463548898,481,0,0.04219298245614036,0.8,0.0,0,0,2,4.0,137.01859887329414
6-car / 3.0 min,"OFF-PEAK
(Low, Stable)",150.20116987510468,158.2425917429857,14,0,0.0011666666666666668,0.023333333333333334,0.0,0,0,0,3.3,38.34693963752443
6-car / 3.0 min,"OFF-PEAK
(Low, Stable)",5.559911571929058,124.75297922134094,333,0,0.027750000000000004,0.55,0.0,0,0,0,3.3,34.15750922420627
6-car / 3.0 min,"OFF-PEAK
(Low, Stable)",12.209060935037975,17.849550576716755,457,0,0.03626984126984127,0.7616666666666667,0.0,0,0,0,3.3,96.2923474552059
6-car / 3.0 min,"OFF-PEAK
(Low, Stable)",11.014726864001505,16.337764233735424,427,0,0.035583333333333335,0.7116666666666667,0.0,0,0,0,3.3,81.68813951547737
6-car / 3.0 min,"OFF-PEAK
(Low, Stable)",11.209574757287218,126.291059943178,91,0,0.007222222222222223,0.13833333333333334,0.0,0,0,0,3.3,20.301188381885616
6-car / 3.0 min,"OFF-PEAK
(Low, Stable)",108.46248412418444,112.89488811701837,13,0,0.0011403508771929826,0.021666666666666667,0.0,0,0,1,3.65,27.150204893573296
6-car / 3.0 min,"OFF-PEAK
(Low, Stable)",39.498815857744646,46.60104968150741,500,0,0.04166666666666667,0.8333333333333334,0.0,0,0,0,3.3,332.45679881453873
6-car / 3.0 min,"OFF-PEAK
(Low, Stable)",15.33589423812686,93.27943771225962,484,0,0.04033333333333334,0.805,0.0,0,0,0,3.3,127.00954685422334
6-car / 3.0 min,"OFF-PEAK
(Low, Stable)",6.917694914931156,145.0391145895183,359,0,0.029916666666666664,0.595,0.0,0,0,0,3.3,44.69087457433808
6-car / 3.0 min,"OFF-PEAK
(Low, Stable)",128.81795562999355,130.80900308411398,4,0,0.00031746031746031746,0.006666666666666667,0.0,0,0,0,3.3,11.887863708666238
6-car / 3.0 min,"OFF-PEAK
(Low, Stable)",146.83538117752025,154.5613744700818,9,0,0.0007142857142857143,0.015,0.0,0,0,0,3.3,25.325307176628037
6-car / 3.0 min,"OFF-PEAK
(Low, Stable)",110.86454778438059,116.4892604547344,4,0,0.0003333333333333334,0.006666666666666667,0.0,0,0,0,3.3,10.690969852292039
6-car / 3.0 min,"OFF-PEAK
(Low, Stable)",119.6890536008562,125.12268496343805,8,0,0.0006349206349206349,0.013333333333333334,0.0,0,0,0,3.3,19.25854048011416
6-car / 3.0 min,"OFF-PEAK
(Low, Stable)",14.103692399876325,20.22924156136689,463,0,0.03858333333333333,0.7716666666666666,0.0,0,0,0,3.3,112.13349301904563
6-car / 3.0 min,"OFF-PEAK
(Low, Stable)",17.540889420491624,137.6152832465291,69,0,0.00575,0.1,0.0,0,0,0,3.3,23.47202283356537
6-car / 3.0 min,"OFF-PEAK
(Low, Stable)",72.00288051815824,82.372324648537,5,0,0.00041666666666666664,0.008333333333333333,0.0,0,0,0,3.3,9.300240043179853
6-car / 3.0 min,"OFF-PEAK
(Low, Stable)",4.038296136252686,123.53337749797754,273,0,0.021666666666666667,0.45166666666666666,0.0,0,0,0,3.3,21.674247419949722
6-car / 3.0 min,"OFF-PEAK
(Low, Stable)",148.90773373292288,154.72136532318405,7,0,0.0005555555555555556,0.011666666666666667,0.0,0,0,0,3.3,20.67256893550767
6-car / 3.0 min,"OFF-PEAK
(Low, Stable)",106.88765179390805,115.12862110063035,7,0,0.0005833333333333334,0.011666666666666667,0.0,0,0,0,3.3,15.770226042622607
6-car / 3.0 min,"OFF-PEAK
(Low, Stable)",19.087521800507105,24.886368003969444,484,0,0.03841269841269841,0.8066666666666666,0.0,0,0,0,3.3,157.272675857424
6-car / 3.0 min,"OFF-PEAK
(Low, Stable)",174.5625006783687,179.60121880514518,7,0,0.0005833333333333334,0.011666666666666667,0.0,0,0,0,3.3,23.665625079143016
6-car / 3.0 min,"OFF-PEAK
(Low, Stable)",164.84129216813204,172.47722443576487,500,0,0.04385964912280702,0.8333333333333334,0.0,0,0,1,3.65,1377.3274347344336
6-car / 3.0 min,"OFF-PEAK
(Low, Stable)",144.53600938704477,153.80999133364168,13,0,0.0010833333333333333,0.021666666666666667,0.0,0,0,0,3.3,34.61613536719304
6-car / 3.0 min,"OFF-PEAK
(Low, Stable)",153.34014948879252,158.83979032279387,10,0,0.0008333333333333333,0.016666666666666666,0.0,0,0,0,3.3,28.85669158146542
6-car / 3.0 min,"OFF-PEAK
(Low, Stable)",7.133321866130742,137.346581785652,125,0,0.010416666666666668,0.19833333333333333,0.0,0,0,0,3.3,18.161087221105713
6-car / 3.0 min,"OFF-PEAK
(Low, Stable)",149.2902924961866,152.43619502825518,6,0,0.0005,0.01,0.0,0,0,0,3.3,18.22902924961866
6-car / 3.0 min,"OFF-PEAK
(Low, Stable)",8.125525004335229,12.653324188014897,422,0,0.035166666666666666,0.7033333333333334,0.0,0,0,0,3.3,60.44952586382444
6-car / 3.0 min,"OFF-PEAK
(Low, Stable)",21.07267864211594,27.686815586644826,490,0,0.04083333333333333,0.8166666666666667,0.0,0,0,0,3.3,175.39354224394685
6-car / 3.0 min,"OFF-PEAK
(Low, Stable)",19.19662964090701,25.202483703324475,483,0,0.04025,0.805,0.0,0,0,0,3.3,157.8328686093014
6-car / 3.0 min,"OFF-PEAK
(Low, Stable)",165.26032585239508,169.50171445578502,10,0,0.0008333333333333333,0.016666666666666666,0.0,0,0,1,3.65,31.193387642065847
6-car / 3.0 min,"OFF-PEAK
(Low, Stable)",20.87570423410477,120.82281723893234,493,0,0.03912698412698413,0.82,0.0,0,0,0,3.3,174.82870312356087
6-car / 3.0 min,"OFF-PEAK
(Low, Stable)",159.10214854386572,163.748339831576,7,0,0.0005555555555555556,0.011666666666666667,0.0,0,0,0,3.3,21.86191733011767
6-car / 3.0 min,"OFF-PEAK
(Low, Stable)",7.816716514946945,114.43752531650867,168,0,0.013999999999999999,0.2633333333333333,0.0,0,0,0,3.3,25.186806241851446
6-car / 3.0 min,"OFF-PEAK
(Low, Stable)",116.02451717188707,121.406461746576,13,0,0.0011403508771929826,0.021666666666666667,0.0,0,0,1,3.65,28.788645387242198
6-car / 3.0 min,"OFF-PEAK
(Low, Stable)",127.73730798042818,131.76932667406237,5,0,0.00041666666666666664,0.008333333333333333,0.0,0,0,1,3.65,14.294775665035683
6-car / 3.0 min,"OFF-PEAK
(Low, Stable)",8.606237895183,147.9944574280505,424,0,0.035333333333333335,0.705,0.0,0,0,0,3.3,64.1174144592932
6-car / 3.0 min,"OFF-PEAK
(Low, Stable)",174.96210587433026,181.5801455617813,500,0,0.04166666666666667,0.8333333333333334,0.0,0,0,1,3.65,1461.6675489527524
6-car / 3.0 min,"OFF-PEAK
(Low, Stable)",9.035786632991446,13.798147153384827,421,0,0.035083333333333334,0.7016666666666667,0.0,0,0,0,3.3,66.7011028748233
6-car / 3.0 min,"OFF-PEAK
(Low, Stable)",111.27270428715794,121.17719843682048,6,0,0.0004761904761904762,0.01,0.0,0,0,0,3.3,14.427270428715794
6-car / 3.0 min,"OFF-PEAK
(Low, Stable)",119.02117992865269,126.21370347076302,13,0,0.0010317460317460319,0.021666666666666667,0.0,0,0,0,3.3,29.08792231787475
6-car / 3.0 min,"OFF-PEAK
(Low, Stable)",129.0400212219923,132.92764608373255,4,0,0.00031746031746031746,0.006666666666666667,0.0,0,0,0,3.3,11.902668081466153
6-car / 3.0 min,"OFF-PEAK
(Low, Stable)",172.89109981074088,179.17780603135387,15,0,0.0011904761904761906,0.025,0.0,0,0,0,3.3,46.52277495268522
6-car / 3.0 min,"OFF-PEAK
(Low, Stable)",183.73083061026819,184.52986330840707,3,0,0.0002380952380952381,0.005,0.0,0,0,0,3.3,12.48654153051341
6-car / 3.0 min,"OFF-PEAK
(Low, Stable)",167.01271018591515,175.7265674577629,8,0,0.0006666666666666668,0.013333333333333334,0.0,0,0,0,3.3,25.568361358122022
6-car / 3.0 min,"OFF-PEAK
(Low, Stable)",22.508478941657163,29.562819457672298,492,0,0.040999999999999995,0.82,0.0,0,0,0,3.3,187.86952732158875
6-car / 3.0 min,"OFF-PEAK
(Low, Stable)",35.99435676457716,43.11060076207903,499,0,0.04158333333333333,0.8316666666666667,0.0,0,0,0,3.3,302.6530670920667
6-car / 3.0 min,"OFF-PEAK
(Low, Stable)",94.81600429498478,100.85975457504182,6,0,0.0004761904761904762,0.01,0.0,0,0,0,3.3,12.781600429498479
6-car / 3.0 min,"OFF-PEAK
(Low, Stable)",8.682938815612037,145.18499663798067,420,0,0.035,0.6983333333333334,0.0,0,0,0,3.3,64.08057170928426
6-car / 3.0 min,"OFF-PEAK
(Low, Stable)",24.591703808951298,31.4365328377744,495,0,0.041249999999999995,0.825,0.0,0,0,0,3.3,206.1815564238482
6-car / 3.0 min,"OFF-PEAK
(Low, Stable)",11.189756848189031,16.39233977232428,454,0,0.03783333333333334,0.7566666666666667,0.0,0,0,0,3.3,87.969160151297
6-car / 3.0 min,"OFF-PEAK
(Low, Stable)",7.660988331876448,149.4387681941414,395,0,0.032916666666666664,0.655,0.0,0,0,0,3.3,53.73483985151995
6-car / 3.0 min,"OFF-PEAK
(Low, Stable)",42.14280784076539,49.290185225761796,500,0,0.04385964912280702,0.8333333333333334,0.0,0,0,1,3.65,354.8400653397116
6-car / 3.0 min,"OFF-PEAK
(Low, Stable)",135.13655330703864,165.5764512354362,6,0,0.0005,0.008333333333333333,0.0,0,0,1,3.65,17.163655330703865
6-car / 3.0 min,"OFF-PEAK
(Low, Stable)",6.4676111968459775,121.00930977745642,381,0,0.030238095238095238,0.6333333333333333,0.0,0,0,0,3.3,44.36933109997195
6-car / 3.0 min,"OFF-PEAK
(Low, Stable)",119.89083392655506,122.68923638693965,7,0,0.0005833333333333334,0.011666666666666667,0.0,0,0,0,3.3,17.28726395809809
6-car / 3.0 min,"OFF-PEAK
(Low, Stable)",12.448066183614529,18.19199022742108,466,0,0.03883333333333333,0.7766666666666666,0.0,0,0,0,3.3,99.9799806927395
6-car / 3.0 min,"OFF-PEAK
(Low, Stable)",17.836813782267505,23.94035819100252,483,0,0.04025,0.805,0.0,0,0,0,3.3,146.88635094725342
6-car / 3.0 min,"OFF-PEAK
(Low, Stable)",9.572354761042464,14.487918446812381,434,0,0.036166666666666666,0.7233333333333334,0.0,0,0,0,3.3,72.54003277154048
6-car / 3.0 min,"OFF-PEAK
(Low, Stable)",23.912759632045393,30.619770217424982,492,0,0.040999999999999995,0.82,0.0,0,0,0,3.3,199.38462898277223
6-car / 3.0 min,"OFF-PEAK
(Low, Stable)",46.72031218822726,53.89897955210402,500,0,0.04166666666666667,0.8333333333333334,0.0,0,0,0,3.3,392.63593490189385
6-car / 3.0 min,"OFF-PEAK
(Low, Stable)",220.11861677150503,224.3825874130118,6,0,0.0005,0.01,0.0,0,0,0,3.3,25.311861677150503
6-car / 3.0 min,"OFF-PEAK
(Low, Stable)",117.04765147740143,120.11790524968636,5,0,0.00041666666666666664,0.008333333333333333,0.0,0,0,0,3.3,13.053970956450119
6-car / 3.0 min,"OFF-PEAK
(Low, Stable)",38.283700420186925,45.39937961310628,500,0,0.03968253968253969,0.8333333333333334,0.0,0,0,0,3.3,322.3308368348911
6-car / 3.0 min,"OFF-PEAK
(Low, Stable)",25.59152803628022,32.96210184193946,493,0,0.04108333333333333,0.8216666666666667,0.0,0,0,0,3.3,213.57705536476917
6-car / 3.0 min,"OFF-PEAK
(Low, Stable)",25.50656116626838,32.460257373092055,490,0,0.04083333333333333,0.8166666666666667,0.0,0,0,0,3.3,211.60358285785847
6-car / 3.0 min,"OFF-PEAK
(Low, Stable)",10.411200357679556,122.11819239297913,429,0,0.03575,0.71,0.0,0,0,0,3.3,77.74008255740883
6-car / 3.0 min,"OFF-PEAK
(Low, Stable)",8.870991715009268,177.866816152254,417,0,0.034749999999999996,0.69,0.0,0,0,1,3.65,65.3033924193144
6-car / 3.0 min,"OFF-PEAK
(Low, Stable)",5.568944809239734,132.96647650663888,210,0,0.01666666666666667,0.34,0.0,0,0,0,3.3,22.79130683233907
6-car / 3.0 min,"OFF-PEAK
(Low, Stable)",127.47214255340168,133.64146631625405,4,0,0.0003333333333333334,0.006666666666666667,0.0,0,0,0,3.3,11.798142836893444
6-car / 3.0 min,"OFF-PEAK
(Low, Stable)",27.466054183371334,34.59282817170179,497,0,0.04141666666666667,0.8283333333333334,0.0,0,0,0,3.3,230.81048215225923
6-car / 3.0 min,"OFF-PEAK
(Low, Stable)",133.8575007364059,139.85592237950013,5,0,0.00041666666666666664,0.008333333333333333,0.0,0,0,0,3.3,14.454791728033825
6-car / 3.0 min,"OFF-PEAK
(Low, Stable)",182.59176123666285,188.6197916262785,6,0,0.0004761904761904762,0.01,0.0,0,0,0,3.3,21.559176123666287
6-car / 3.0 min,"OFF-PEAK
(Low, Stable)",9.945965335801688,320.5288912772313,365,0,0.03201754385964912,0.6,0.0,0,0,1,3.65,64.15462245946027
6-car / 3.0 min,"OFF-PEAK
(Low, Stable)",6.949612442538672,197.51183781063827,234,0,0.0195,0.38,0.0,0,0,0,3.3,30.403488525900823
6-car / 3.0 min,"OFF-PEAK
(Low, Stable)",44.021974301834405,50.82762963968242,500,0,0.03968253968253969,0.8333333333333334,0.0,0,0,0,3.3,370.14978584862
6-car / 3.0 min,"OFF-PEAK
(Low, Stable)",192.89557445460883,198.32788597261197,9,0,0.00075,0.015,0.0,0,0,0,3.3,32.23433616819133
6-car / 3.0 min,"OFF-PEAK
(Low, Stable)",24.939569054293436,31.72364289803772,495,0,0.039285714285714285,0.825,0.0,0,0,0,3.3,209.05144469792086
6-car / 3.0 min,"OFF-PEAK
(Low, Stable)",106.6972365474698,112.3943602496012,11,0,0.0009166666666666666,0.018333333333333333,0.0,0,0,0,3.3,22.861160033702795
6-car / 3.0 min,"OFF-PEAK
(Low, Stable)",7.548671276411845,149.0971747653028,369,0,0.029285714285714286,0.6066666666666667,0.0,0,0,0,3.3,49.72432834993284
6-car / 3.0 min,"OFF-PEAK
(Low, Stable)",36.20620588433754,97.81341374698631,498,0,0.03952380952380953,0.8283333333333334,0.0,0,0,0,3.3,303.81150884000164
6-car / 3.0 min,"OFF-PEAK
(Low, Stable)",18.251651690840035,128.53958957851424,68,0,0.005666666666666666,0.09666666666666666,0.0,0,0,0,3.3,23.98520524961871
6-car / 3.0 min,"OFF-PEAK
(Low, Stable)",13.610800573552176,19.100917322021537,459,0,0.04026315789473684,0.765,0.0,0,0,2,4.0,108.12262438767415
6-car / 3.0 min,"OFF-PEAK
(Low, Stable)",164.76378581488444,175.07778618434517,3,0,0.0002380952380952381,0.005,0.0,0,0,0,3.3,11.53818929074422
6-car / 3.0 min,"OFF-PEAK
(Low, Stable)",7.061556386225697,11.432302523856325,403,0,0.03198412698412698,0.6716666666666666,0.0,0,0,0,3.3,50.73012039414927
6-car / 3.0 min,"OFF-PEAK
(Low, Stable)",10.282611458944071,93.42461145441686,63,0,0.00525,0.09333333333333334,0.0,0,0,0,3.3,14.096742031891274
6-car / 3.0 min,"OFF-PEAK
(Low, Stable)",3.6215364392680742,88.42648003892836,253,0,0.021083333333333336,0.4166666666666667,0.0,0,0,0,3.3,18.570811985580377
6-car / 3.0 min,"OFF-PEAK
(Low, Stable)",168.41167271660456,176.75400977797597,9,0,0.0007142857142857143,0.015,0.0,0,0,0,3.3,28.561750907490683
6-car / 3.0 min,"OFF-PEAK
(Low, Stable)",148.74585184672446,159.61277841623527,14,0,0.0011111111111111111,0.023333333333333334,0.0,0,0,0,3.3,38.007365430902375
6-car / 3.0 min,"OFF-PEAK
(Low, Stable)",24.915795832513343,31.800743283869753,493,0,0.04324561403508772,0.8216666666666667,0.0,0,0,2,4.0,208.72478909048462
6-car / 3.0 min,"OFF-PEAK
(Low, Stable)",7.596227743352155,108.13210083682014,398,0,0.033166666666666664,0.6616666666666666,0.0,0,0,0,3.3,53.68831069756929
6-car / 3.0 min,"OFF-PEAK
(Low, Stable)",69.38889839072509,201.8893549343745,20,0,0.0016666666666666666,0.021666666666666667,0.0,0,0,0,3.3,26.429632796908365
6-car / 3.0 min,"OFF-PEAK
(Low, Stable)",21.40909168023707,27.45470309885613,491,0,0.03896825396825397,0.8183333333333334,0.0,0,0,0,3.3,178.49773358327337
6-car / 3.0 min,"OFF-PEAK
(Low, Stable)",124.03971880184537,129.30098899972054,11,0,0.000873015873015873,0.018333333333333333,0.0,0,0,0,3.3,26.040615113671652
6-car / 3.0 min,"OFF-PEAK
(Low, Stable)",27.332728627620437,167.90934181707462,47,0,0.0037301587301587303,0.065,0.0,0,0,0,3.3,24.710637424969345
6-car / 3.0 min,"OFF-PEAK
(Low, Stable)",8.334763103388369,119.81449214853849,415,0,0.034583333333333334,0.6883333333333334,0.0,0,0,0,3.3,60.948778131769544
6-car / 3.0 min,"OFF-PEAK
(Low, Stable)",143.07337552488394,149.36929759213504,4,0,0.0003333333333333334,0.006666666666666667,0.0,0,0,0,3.3,12.838225034992263
6-car / 3.0 min,"OFF-PEAK
(Low, Stable)",19.091613728514638,25.302817102258945,489,0,0.03880952380952381,0.815,0.0,0,0,0,3.3,158.8966518873943
6-car / 3.0 min,"OFF-PEAK
(Low, Stable)",80.75556427450465,92.89755828565613,6,0,0.0004761904761904762,0.01,0.0,0,0,0,3.3,11.375556427450466
6-car / 3.0 min,"NORMAL
(Moderate, Typical)",34.26615398449713,35.424932688459414,600,1400,0.047619047619047616,1.0,0.0,0,0,0,3.3,3145.9615398449714
6-car / 3.0 min,"NORMAL
(Moderate, Typical)",0.0,0.0,0,0,0.0,0.0,0.0,0,0,0,3.3,3.3
6-car / 3.0 min,"NORMAL
(Moderate, Typical)",0.0,0.0,0,0,0.0,0.0,0.0,0,0,2,4.0,4.0
6-car / 3.0 min,"NORMAL
(Moderate, Typical)",0.0,0.0,0,0,0.0,0.0,0.0,0,0,0,3.3,3.3
6-car / 3.0 min,"NORMAL
(Moderate, Typical)",13.169461685201961,14.348436957835197,600,1400,0.05,1.0,0.0,0,0,1,3.65,2935.3446168520195
6-car / 3.0 min,"NORMAL
(Moderate, Typical)",50.52442881177394,51.65252972810225,600,1400,0.047619047619047616,1.0,0.0,0,0,0,3.3,3308.5442881177396
6-car / 3.0 min,"NORMAL
(Moderate, Typical)",0.0,0.0,0,0,0.0,0.0,0.0,0,0,1,3.65,3.65
6-car / 3.0 min,"NORMAL
(Moderate, Typical)",20.40291056928394,21.570786230416257,600,1400,0.05,1.0,0.0,0,0,1,3.65,3007.6791056928396
6-car / 3.0 min,"NORMAL
(Moderate, Typical)",14.861629722659023,15.992778792793516,600,1400,0.05,1.0,0.0,0,0,0,3.3,2951.9162972265904
6-car / 3.0 min,"NORMAL
(Moderate, Typical)",0.0,0.0,0,0,0.0,0.0,0.0,0,0,0,3.3,3.3
6-car / 3.0 min,"NORMAL
(Moderate, Typical)",22.259538398163265,23.408672081644518,600,1400,0.047619047619047616,1.0,0.0,0,0,0,3.3,3025.8953839816327
6-car / 3.0 min,"NORMAL
(Moderate, Typical)",0.0,0.0,0,0,0.0,0.0,0.0,0,0,0,3.3,3.3
6-car / 3.0 min,"NORMAL
(Moderate, Typical)",25.02070515172882,26.16138038085076,600,1400,0.05555555555555555,1.0,0.0,0,0,2,4.0,3054.207051517288
6-car / 3.0 min,"NORMAL
(Moderate, Typical)",52.699978515901954,53.86248737368233,600,1400,0.05263157894736842,1.0,0.0,0,0,1,3.65,3330.6497851590193
6-car / 3.0 min,"NORMAL
(Moderate, Typical)",12.045116874997943,13.23831599209479,600,1400,0.05,1.0,0.0,0,0,0,3.3,2923.7511687499796
6-car / 3.0 min,"NORMAL
(Moderate, Typical)",0.4761832698144318,1.1597408762624855,271,0,0.022583333333333334,0.45166666666666666,0.0,0,0,0,3.3,5.450761101995184
6-car / 3.0 min,"NORMAL
(Moderate, Typical)",0.0,0.0,0,0,0.0,0.0,0.0,0,0,1,3.65,3.65
6-car / 3.0 min,"NORMAL
(Moderate, Typical)",23.706471124249155,24.873339524039903,600,1400,0.05,1.0,0.0,0,0,0,3.3,3040.3647112424915
6-car / 3.0 min,"NORMAL
(Moderate, Typical)",0.0,0.0,0,0,0.0,0.0,0.0,0,0,2,4.0,4.0
6-car / 3.0 min,"NORMAL
(Moderate, Typical)",0.0,0.0,0,0,0.0,0.0,0.0,0,0,1,3.65,3.65
6-car / 3.0 min,"NORMAL
(Moderate, Typical)",14.372551228690622,15.488567039750583,600,1400,0.05,1.0,0.0,0,0,0,3.3,2947.025512286906
6-car / 3.0 min,"NORMAL
(Moderate, Typical)",0.0,0.0,0,0,0.0,0.0,0.0,0,0,1,3.65,3.65
6-car / 3.0 min,"NORMAL
(Moderate, Typical)",18.554997331328124,19.801017282296833,600,1400,0.05263157894736842,1.0,0.0,0,0,1,3.65,2989.199973313281
6-car / 3.0 min,"NORMAL
(Moderate, Typical)",0.0,0.0,0,0,0.0,0.0,0.0,0,0,0,3.3,3.3
6-car / 3.0 min,"NORMAL
(Moderate, Typical)",23.382428157904126,24.508544348230817,600,1400,0.047619047619047616,1.0,0.0,0,0,0,3.3,3037.124281579041
6-car / 3.0 min,"NORMAL
(Moderate, Typical)",0.0,0.0,0,0,0.0,0.0,0.0,0,0,0,3.3,3.3
6-car / 3.0 min,"NORMAL
(Moderate, Typical)",0.0,0.0,0,0,0.0,0.0,0.0,0,0,0,3.3,3.3
6-car / 3.0 min,"NORMAL
(Moderate, Typical)",0.0,0.0,0,0,0.0,0.0,0.0,0,0,1,3.65,3.65
6-car / 3.0 min,"NORMAL
(Moderate, Typical)",13.668916234848108,14.74641882456413,600,1400,0.05,1.0,0.0,0,0,0,3.3,2939.989162348481
6-car / 3.0 min,"NORMAL
(Moderate, Typical)",12.772761683921146,13.900110172175074,600,1400,0.05263157894736842,1.0,0.0,0,0,1,3.65,2931.3776168392114
6-car / 3.0 min,"NORMAL
(Moderate, Typical)",0.0,0.0,0,0,0.0,0.0,0.0,0,0,1,3.65,3.65
6-car / 3.0 min,"NORMAL
(Moderate, Typical)",0.0,0.0,0,0,0.0,0.0,0.0,0,0,0,3.3,3.3
6-car / 3.0 min,"NORMAL
(Moderate, Typical)",2.924030336935998,4.071438305510809,600,1400,0.05,1.0,0.0,0,0,1,3.65,2832.89030336936
6-car / 3.0 min,"NORMAL
(Moderate, Typical)",9.076816745858965,10.244512642980705,600,1400,0.05,1.0,0.0,0,0,0,3.3,2894.06816745859
6-car / 3.0 min,"NORMAL
(Moderate, Typical)",0.0,0.0,0,0,0.0,0.0,0.0,0,0,0,3.3,3.3
6-car / 3.0 min,"NORMAL
(Moderate, Typical)",0.0,0.0,0,0,0.0,0.0,0.0,0,0,0,3.3,3.3
6-car / 3.0 min,"NORMAL
(Moderate, Typical)",0.0,0.0,0,0,0.0,0.0,0.0,0,0,0,3.3,3.3
6-car / 3.0 min,"NORMAL
(Moderate, Typical)",14.742166119031765,15.8476633265878,600,1400,0.047619047619047616,1.0,0.0,0,0,0,3.3,2950.7216611903177
6-car / 3.0 min,"NORMAL
(Moderate, Typical)",23.339517723277766,24.512836414517736,600,1400,0.047619047619047616,1.0,0.0,0,0,0,3.3,3036.6951772327775
6-car / 3.0 min,"NORMAL
(Moderate, Typical)",0.0,0.0,0,0,0.0,0.0,0.0,0,0,0,3.3,3.3
6-car / 3.0 min,"NORMAL
(Moderate, Typical)",2.3104541999739627,3.443316765147538,600,1400,0.047619047619047616,1.0,0.0,0,0,0,3.3,2826.4045419997396
6-car / 3.0 min,"NORMAL
(Moderate, Typical)",11.58214661136477,12.752136463463886,600,1400,0.047619047619047616,1.0,0.0,0,0,0,3.3,2919.121466113648
6-car / 3.0 min,"NORMAL
(Moderate, Typical)",2.974232323598912,4.1145390453641335,600,1400,0.05,1.0,0.0,0,0,1,3.65,2833.3923232359894
6-car / 3.0 min,"NORMAL
(Moderate, Typical)",0.0,0.0,0,0,0.0,0.0,0.0,0,0,0,3.3,3.3
6-car / 3.0 min,"NORMAL
(Moderate, Typical)",15.986606238858489,17.10927484087622,600,1400,0.05,1.0,0.0,0,0,0,3.3,2963.166062388585
6-car / 3.0 min,"NORMAL
(Moderate, Typical)",15.270141977048533,16.39893175952304,600,1400,0.05555555555555555,1.0,0.0,0,0,2,4.0,2956.7014197704852
6-car / 3.0 min,"NORMAL
(Moderate, Typical)",0.6470328778005752,1.6710018360205263,478,0,0.037936507936507935,0.7966666666666666,0.0,0,0,0,3.3,8.454695259811249
6-car / 3.0 min,"NORMAL
(Moderate, Typical)",0.0,0.0,0,0,0.0,0.0,0.0,0,0,1,3.65,3.65
6-car / 3.0 min,"NORMAL
(Moderate, Typical)",0.0,0.0,0,0,0.0,0.0,0.0,0,0,0,3.3,3.3
6-car / 3.0 min,"NORMAL
(Moderate, Typical)",0.0,0.0,0,0,0.0,0.0,0.0,0,0,0,3.3,3.3
6-car / 3.0 min,"NORMAL
(Moderate, Typical)",33.5955449589524,34.667034855566584,600,1400,0.05,1.0,0.0,0,0,0,3.3,3139.255449589524
6-car / 3.0 min,"NORMAL
(Moderate, Typical)",0.0,0.0,0,0,0.0,0.0,0.0,0,0,1,3.65,3.65
6-car / 3.0 min,"NORMAL
(Moderate, Typical)",48.477793734905696,49.639055998993605,600,1400,0.047619047619047616,1.0,0.0,0,0,0,3.3,3288.077937349057
6-car / 3.0 min,"NORMAL
(Moderate, Typical)",58.57757761700906,59.697649854852536,600,1400,0.047619047619047616,1.0,0.0,0,0,0,3.3,3389.0757761700906
6-car / 3.0 min,"NORMAL
(Moderate, Typical)",0.0,0.0,0,0,0.0,0.0,0.0,0,0,0,3.3,3.3
6-car / 3.0 min,"NORMAL
(Moderate, Typical)",0.0,0.0,0,0,0.0,0.0,0.0,0,0,0,3.3,3.3
6-car / 3.0 min,"NORMAL
(Moderate, Typical)",0.0,0.0,0,0,0.0,0.0,0.0,0,0,0,3.3,3.3
6-car / 3.0 min,"NORMAL
(Moderate, Typical)",0.0,0.0,0,0,0.0,0.0,0.0,0,0,0,3.3,3.3
6-car / 3.0 min,"NORMAL
(Moderate, Typical)",0.0,0.0,0,0,0.0,0.0,0.0,0,0,0,3.3,3.3
6-car / 3.0 min,"NORMAL
(Moderate, Typical)",25.33973196791882,26.490262903273987,600,1400,0.05263157894736842,1.0,0.0,0,0,1,3.65,3057.047319679188
6-car / 3.0 min,"NORMAL
(Moderate, Typical)",0.0,0.0,0,0,0.0,0.0,0.0,0,0,0,3.3,3.3
6-car / 3.0 min,"NORMAL
(Moderate, Typical)",0.0,0.0,0,0,0.0,0.0,0.0,0,0,0,3.3,3.3
6-car / 3.0 min,"NORMAL
(Moderate, Typical)",3.389373629259793,4.580083148770338,600,1400,0.05555555555555555,1.0,0.0,0,0,2,4.0,2837.893736292598
6-car / 3.0 min,"NORMAL
(Moderate, Typical)",46.17926703481071,47.336285286595505,600,1400,0.047619047619047616,1.0,0.0,0,0,0,3.3,3265.0926703481073
6-car / 3.0 min,"NORMAL
(Moderate, Typical)",42.151461476811726,43.28916819926064,600,1400,0.05,1.0,0.0,0,0,1,3.65,3225.164614768117
6-car / 3.0 min,"NORMAL
(Moderate, Typical)",0.0,0.0,0,0,0.0,0.0,0.0,0,0,1,3.65,3.65
6-car / 3.0 min,"NORMAL
(Moderate, Typical)",0.0,0.0,0,0,0.0,0.0,0.0,0,0,0,3.3,3.3
6-car / 3.0 min,"NORMAL
(Moderate, Typical)",60.00412461359583,61.161780295188926,600,1400,0.047619047619047616,1.0,0.0,0,0,0,3.3,3403.341246135958
6-car / 3.0 min,"NORMAL
(Moderate, Typical)",3.5727889312330126,4.73577030920312,600,1400,0.047619047619047616,1.0,0.0,0,0,0,3.3,2839.02788931233
6-car / 3.0 min,"NORMAL
(Moderate, Typical)",2.903900312361732,4.052964862404639,600,1400,0.05,1.0,0.0,0,0,0,3.3,2832.339003123617
6-car / 3.0 min,"NORMAL
(Moderate, Typical)",0.0,0.0,0,0,0.0,0.0,0.0,0,0,0,3.3,3.3
6-car / 3.0 min,"NORMAL
(Moderate, Typical)",3.6415039239622358,4.737101155504121,600,1400,0.05,1.0,0.0,0,0,0,3.3,2839.7150392396225
6-car / 3.0 min,"NORMAL
(Moderate, Typical)",41.82188017172188,42.90413891721734,600,1400,0.047619047619047616,1.0,0.0,0,0,0,3.3,3221.5188017172186
6-car / 3.0 min,"NORMAL
(Moderate, Typical)",8.916161262308266,10.10961214209275,600,1400,0.05,1.0,0.0,0,0,1,3.65,2892.8116126230825
6-car / 3.0 min,"NORMAL
(Moderate, Typical)",0.0,0.0,0,0,0.0,0.0,0.0,0,0,0,3.3,3.3
6-car / 3.0 min,"NORMAL
(Moderate, Typical)",16.138021915391395,17.247114726682824,600,1400,0.047619047619047616,1.0,0.0,0,0,0,3.3,2964.680219153914
6-car / 3.0 min,"NORMAL
(Moderate, Typical)",41.56348883295127,42.66172719940058,600,1400,0.05,1.0,0.0,0,0,1,3.65,3219.284888329513
6-car / 3.0 min,"NORMAL
(Moderate, Typical)",0.0,0.0,0,0,0.0,0.0,0.0,0,0,1,3.65,3.65
6-car / 3.0 min,"NORMAL
(Moderate, Typical)",42.1546096334137,43.32655137508595,600,1400,0.058823529411764705,1.0,0.0,0,0,4,4.699999999999999,3226.246096334137
6-car / 3.0 min,"NORMAL
(Moderate, Typical)",12.244526909536857,13.375272718382579,600,1400,0.047619047619047616,1.0,0.0,0,0,0,3.3,2925.7452690953687
6-car / 3.0 min,"NORMAL
(Moderate, Typical)",0.0,0.0,0,0,0.0,0.0,0.0,0,0,1,3.65,3.65
6-car / 3.0 min,"NORMAL
(Moderate, Typical)",0.0,0.0,0,0,0.0,0.0,0.0,0,0,2,4.0,4.0
6-car / 3.0 min,"NORMAL
(Moderate, Typical)",4.862480817186916,6.058215450900806,600,1400,0.05,1.0,0.0,0,0,1,3.65,2852.274808171869
6-car / 3.0 min,"NORMAL
(Moderate, Typical)",0.0,0.0,0,0,0.0,0.0,0.0,0,0,3,4.35,4.35
6-car / 3.0 min,"NORMAL
(Moderate, Typical)",15.70837517145798,16.857209667936413,600,1400,0.047619047619047616,1.0,0.0,0,0,0,3.3,2960.38375171458
6-car / 3.0 min,"NORMAL
(Moderate, Typical)",0.0,0.0,0,0,0.0,0.0,0.0,0,0,1,3.65,3.65
6-car / 3.0 min,"NORMAL
(Moderate, Typical)",44.12298935173208,45.20971269220225,600,1400,0.047619047619047616,1.0,0.0,0,0,0,3.3,3244.529893517321
6-car / 3.0 min,"NORMAL
(Moderate, Typical)",0.0,0.0,0,0,0.0,0.0,0.0,0,0,0,3.3,3.3
6-car / 3.0 min,"NORMAL
(Moderate, Typical)",0.0,0.0,0,0,0.0,0.0,0.0,0,0,1,3.65,3.65
6-car / 3.0 min,"NORMAL
(Moderate, Typical)",52.72315677798522,53.91238213544714,600,1400,0.05,1.0,0.0,0,0,0,3.3,3330.531567779852
6-car / 3.0 min,"NORMAL
(Moderate, Typical)",227.77985957245448,228.94155208000035,600,1400,0.05555555555555555,1.0,0.0,0,0,3,4.35,5082.148595724545
6-car / 3.0 min,"NORMAL
(Moderate, Typical)",22.67324127022714,23.79210248924908,600,1400,0.05,1.0,0.0,0,0,1,3.65,3030.3824127022713
6-car / 3.0 min,"NORMAL
(Moderate, Typical)",0.0,0.0,0,0,0.0,0.0,0.0,0,0,0,3.3,3.3
6-car / 3.0 min,"NORMAL
(Moderate, Typical)",76.11150443243268,77.2686513076874,600,1400,0.047619047619047616,1.0,0.0,0,0,0,3.3,3564.4150443243266
6-car / 3.0 min,"NORMAL
(Moderate, Typical)",0.0,0.0,0,0,0.0,0.0,0.0,0,0,2,4.0,4.0
6-car / 3.0 min,"NORMAL
(Moderate, Typical)",5.375688259874877,6.4766293836857605,600,1400,0.05263157894736842,1.0,0.0,0,0,1,3.65,2857.406882598749
6-car / 3.0 min,"NORMAL
(Moderate, Typical)",40.549670875017924,41.67398328771206,600,1400,0.05263157894736842,1.0,0.0,0,0,1,3.65,3209.146708750179
6-car / 3.0 min,"NORMAL
(Moderate, Typical)",0.0,0.0,0,0,0.0,0.0,0.0,0,0,0,3.3,3.3
6-car / 3.0 min,"NORMAL
(Moderate, Typical)",3.847569683948058,5.009813941281103,600,1400,0.047619047619047616,1.0,0.0,0,0,0,3.3,2841.7756968394806
6-car / 3.0 min,"NORMAL
(Moderate, Typical)",19.869326845550034,21.02173629302962,600,1400,0.05,1.0,0.0,0,0,0,3.3,3001.9932684555006
6-car / 3.0 min,"PEAK
(High, Busy)",41.29649517166715,41.66412680157414,600,3400,0.05,1.0,0.0,0,0,0,3.3,7216.264951716672
6-car / 3.0 min,"PEAK
(High, Busy)",0.0,0.0,0,0,0.0,0.0,0.0,0,0,0,3.3,3.3
6-car / 3.0 min,"PEAK
(High, Busy)",35.414689533828444,35.80295705374632,600,3400,0.047619047619047616,1.0,0.0,0,0,0,3.3,7157.446895338285
6-car / 3.0 min,"PEAK
(High, Busy)",5.745001122544689,6.120066367696339,600,3400,0.047619047619047616,1.0,0.0,0,0,0,3.3,6860.7500112254465
6-car / 3.0 min,"PEAK
(High, Busy)",202.38109927704252,202.75607549294432,600,3400,0.05263157894736842,1.0,0.0,0,0,2,4.0,8827.810992770424
6-car / 3.0 min,"PEAK
(High, Busy)",0.0,0.0,0,0,0.0,0.0,0.0,0,0,0,3.3,3.3
6-car / 3.0 min,"PEAK
(High, Busy)",4.737757098293693,5.0998727749586275,600,3400,0.05,1.0,0.0,0,0,1,3.65,6851.027570982937
6-car / 3.0 min,"PEAK
(High, Busy)",13.222013569840797,13.581540900642617,600,3400,0.05263157894736842,1.0,0.0,0,0,1,3.65,6935.870135698408
6-car / 3.0 min,"PEAK
(High, Busy)",0.0,0.0,0,0,0.0,0.0,0.0,0,0,0,3.3,3.3
6-car / 3.0 min,"PEAK
(High, Busy)",0.0,0.0,0,0,0.0,0.0,0.0,0,0,0,3.3,3.3
6-car / 3.0 min,"PEAK
(High, Busy)",23.222820732891964,23.59403615966772,600,3400,0.047619047619047616,1.0,0.0,0,0,0,3.3,7035.52820732892
6-car / 3.0 min,"PEAK
(High, Busy)",0.0,0.0,0,0,0.0,0.0,0.0,0,0,3,4.35,4.35
6-car / 3.0 min,"PEAK
(High, Busy)",18.242787400624536,18.60326202787613,600,3400,0.05263157894736842,1.0,0.0,0,0,1,3.65,6986.077874006245
6-car / 3.0 min,"PEAK
(High, Busy)",0.0,0.0,0,0,0.0,0.0,0.0,0,0,0,3.3,3.3
6-car / 3.0 min,"PEAK
(High, Busy)",0.0,0.0,0,0,0.0,0.0,0.0,0,0,0,3.3,3.3
6-car / 3.0 min,"PEAK
(High, Busy)",33.609417512808164,33.96486616753145,600,3400,0.047619047619047616,1.0,0.0,0,0,0,3.3,7139.394175128082
6-car / 3.0 min,"PEAK
(High, Busy)",24.71622395184125,25.08808386263079,600,3400,0.05,1.0,0.0,0,0,0,3.3,7050.462239518412
6-car / 3.0 min,"PEAK
(High, Busy)",0.0,0.0,0,0,0.0,0.0,0.0,0,0,0,3.3,3.3
6-car / 3.0 min,"PEAK
(High, Busy)",0.0,0.0,0,0,0.0,0.0,0.0,0,0,1,3.65,3.65
6-car / 3.0 min,"PEAK
(High, Busy)",0.0,0.0,0,0,0.0,0.0,0.0,0,0,0,3.3,3.3
6-car / 3.0 min,"PEAK
(High, Busy)",0.0,0.0,0,0,0.0,0.0,0.0,0,0,3,4.35,4.35
6-car / 3.0 min,"PEAK
(High, Busy)",30.443692746661206,30.810755030002973,600,3400,0.05,1.0,0.0,0,0,0,3.3,7107.7369274666125
6-car / 3.0 min,"PEAK
(High, Busy)",0.0,0.0,0,0,0.0,0.0,0.0,0,0,0,3.3,3.3
6-car / 3.0 min,"PEAK
(High, Busy)",0.0,0.0,0,0,0.0,0.0,0.0,0,0,0,3.3,3.3
6-car / 3.0 min,"PEAK
(High, Busy)",2.315951464724466,2.675213362817082,600,3400,0.05,1.0,0.0,0,0,0,3.3,6826.459514647245
6-car / 3.0 min,"PEAK
(High, Busy)",3.1882089412961467,3.528599007289482,600,3400,0.047619047619047616,1.0,0.0,0,0,0,3.3,6835.182089412961
6-car / 3.0 min,"PEAK
(High, Busy)",44.724146277741696,45.108006058049845,600,3400,0.05263157894736842,1.0,0.0,0,0,1,3.65,7250.891462777417
6-car / 3.0 min,"PEAK
(High, Busy)",0.0,0.0,0,0,0.0,0.0,0.0,0,0,0,3.3,3.3
6-car / 3.0 min,"PEAK
(High, Busy)",16.87008914512419,17.25351063145703,600,3400,0.047619047619047616,1.0,0.0,0,0,0,3.3,6972.000891451242
6-car / 3.0 min,"PEAK
(High, Busy)",4.805132208179293,5.1824979278413625,600,3400,0.05263157894736842,1.0,0.0,0,0,1,3.65,6851.701322081793
6-car / 3.0 min,"PEAK
(High, Busy)",0.0,0.0,0,0,0.0,0.0,0.0,0,0,1,3.65,3.65
6-car / 3.0 min,"PEAK
(High, Busy)",23.501302418365672,23.86440133266902,600,3400,0.05,1.0,0.0,0,0,0,3.3,7038.313024183657
6-car / 3.0 min,"PEAK
(High, Busy)",0.0,0.0,0,0,0.0,0.0,0.0,0,0,0,3.3,3.3
6-car / 3.0 min,"PEAK
(High, Busy)",34.99462899206728,35.3657284292085,600,3400,0.05,1.0,0.0,0,0,0,3.3,7153.246289920673
6-car / 3.0 min,"PEAK
(High, Busy)",0.0,0.0,0,0,0.0,0.0,0.0,0,0,0,3.3,3.3
6-car / 3.0 min,"PEAK
(High, Busy)",7.309928566258798,7.685888335702248,600,3400,0.05,1.0,0.0,0,0,0,3.3,6876.399285662588
6-car / 3.0 min,"PEAK
(High, Busy)",23.346577904508443,23.733101383805643,600,3400,0.05,1.0,0.0,0,0,1,3.65,7037.115779045084
6-car / 3.0 min,"PEAK
(High, Busy)",67.95327023195557,68.29521003142115,600,3400,0.05263157894736842,1.0,0.0,0,0,1,3.65,7483.182702319556
6-car / 3.0 min,"PEAK
(High, Busy)",0.0,0.0,0,0,0.0,0.0,0.0,0,0,0,3.3,3.3
6-car / 3.0 min,"PEAK
(High, Busy)",27.87534755910104,28.25015220090174,600,3400,0.05,1.0,0.0,0,0,1,3.65,7082.403475591011
6-car / 3.0 min,"PEAK
(High, Busy)",9.423115306152072,9.791292579824008,600,3400,0.05263157894736842,1.0,0.0,0,0,1,3.65,6897.88115306152
6-car / 3.0 min,"PEAK
(High, Busy)",57.51506226703032,57.881827325287624,600,3400,0.05555555555555555,1.0,0.0,0,0,2,4.0,7379.150622670303
6-car / 3.0 min,"PEAK
(High, Busy)",0.0,0.0,0,0,0.0,0.0,0.0,0,0,1,3.65,3.65
6-car / 3.0 min,"PEAK
(High, Busy)",0.0,0.0,0,0,0.0,0.0,0.0,0,0,0,3.3,3.3
6-car / 3.0 min,"PEAK
(High, Busy)",45.156164693734425,45.51690638901948,600,3400,0.05,1.0,0.0,0,0,0,3.3,7254.861646937345
6-car / 3.0 min,"PEAK
(High, Busy)",0.0,0.0,0,0,0.0,0.0,0.0,0,0,1,3.65,3.65
6-car / 3.0 min,"PEAK
(High, Busy)",13.74195216057958,14.100174021602093,600,3400,0.047619047619047616,1.0,0.0,0,0,0,3.3,6940.719521605796
6-car / 3.0 min,"PEAK
(High, Busy)",35.78698091467175,36.167756092708075,600,3400,0.05263157894736842,1.0,0.0,0,0,2,4.0,7161.869809146718
6-car / 3.0 min,"PEAK
(High, Busy)",22.84567779222816,23.201949803606492,600,3400,0.05263157894736842,1.0,0.0,0,0,1,3.65,7032.106777922281
6-car / 3.0 min,"PEAK
(High, Busy)",6.490563598486721,6.85106962783879,600,3400,0.05,1.0,0.0,0,0,1,3.65,6868.555635984867
6-car / 3.0 min,"PEAK
(High, Busy)",15.786073082415223,16.13697447000922,600,3400,0.047619047619047616,1.0,0.0,0,0,0,3.3,6961.160730824152
6-car / 3.0 min,"PEAK
(High, Busy)",47.251891456912816,47.59658678937867,600,3400,0.05,1.0,0.0,0,0,1,3.65,7276.168914569128
6-car / 3.0 min,"PEAK
(High, Busy)",23.513858308080184,23.89315567616932,600,3400,0.05,1.0,0.0,0,0,1,3.65,7038.788583080802
6-car / 3.0 min,"PEAK
(High, Busy)",7.819486629685255,8.19061589130289,600,3400,0.05,1.0,0.0,0,0,1,3.65,6881.844866296852
6-car / 3.0 min,"PEAK
(High, Busy)",0.0,0.0,0,0,0.0,0.0,0.0,0,0,0,3.3,3.3
6-car / 3.0 min,"PEAK
(High, Busy)",0.0,0.0,0,0,0.0,0.0,0.0,0,0,0,3.3,3.3
6-car / 3.0 min,"PEAK
(High, Busy)",40.128886683551485,40.486599352650806,600,3400,0.05,1.0,0.0,0,0,1,3.65,7204.938866835515
6-car / 3.0 min,"PEAK
(High, Busy)",33.85313901694497,34.20908810940163,600,3400,0.047619047619047616,1.0,0.0,0,0,0,3.3,7141.83139016945
6-car / 3.0 min,"PEAK
(High, Busy)",0.0,0.0,0,0,0.0,0.0,0.0,0,0,1,3.65,3.65
6-car / 3.0 min,"PEAK
(High, Busy)",46.840569020967095,47.20228071557724,600,3400,0.05,1.0,0.0,0,0,0,3.3,7271.705690209671
6-car / 3.0 min,"PEAK
(High, Busy)",0.0,0.0,0,0,0.0,0.0,0.0,0,0,3,4.35,4.35
6-car / 3.0 min,"PEAK
(High, Busy)",0.0,0.0,0,0,0.0,0.0,0.0,0,0,1,3.65,3.65
6-car / 3.0 min,"PEAK
(High, Busy)",0.0,0.0,0,0,0.0,0.0,0.0,0,0,0,3.3,3.3
6-car / 3.0 min,"PEAK
(High, Busy)",0.0,0.0,0,0,0.0,0.0,0.0,0,0,0,3.3,3.3
6-car / 3.0 min,"PEAK
(High, Busy)",0.0,0.0,0,0,0.0,0.0,0.0,0,0,0,3.3,3.3
6-car / 3.0 min,"PEAK
(High, Busy)",0.0,0.0,0,0,0.0,0.0,0.0,0,0,0,3.3,3.3
6-car / 3.0 min,"PEAK
(High, Busy)",0.0,0.0,0,0,0.0,0.0,0.0,0,0,0,3.3,3.3
6-car / 3.0 min,"PEAK
(High, Busy)",2.1480103027927173,2.522206903705351,600,3400,0.05263157894736842,1.0,0.0,0,0,1,3.65,6825.130103027927
6-car / 3.0 min,"PEAK
(High, Busy)",0.0,0.0,0,0,0.0,0.0,0.0,0,0,1,3.65,3.65
6-car / 3.0 min,"PEAK
(High, Busy)",0.0,0.0,0,0,0.0,0.0,0.0,0,0,2,4.0,4.0
6-car / 3.0 min,"PEAK
(High, Busy)",41.521225089834495,41.897979171528135,600,3400,0.05,1.0,0.0,0,0,1,3.65,7218.862250898344
6-car / 3.0 min,"PEAK
(High, Busy)",18.523100668264657,18.90397425543656,600,3400,0.05,1.0,0.0,0,0,1,3.65,6988.881006682646
6-car / 3.0 min,"PEAK
(High, Busy)",9.73550196507027,10.118924740160725,600,3400,0.05263157894736842,1.0,0.0,0,0,1,3.65,6901.005019650703
6-car / 3.0 min,"PEAK
(High, Busy)",6.243553914411965,6.61854828063188,600,3400,0.05,1.0,0.0,0,0,1,3.65,6866.08553914412
6-car / 3.0 min,"PEAK
(High, Busy)",0.0,0.0,0,0,0.0,0.0,0.0,0,0,0,3.3,3.3
6-car / 3.0 min,"PEAK
(High, Busy)",44.51492871822954,44.894456333290144,600,3400,0.047619047619047616,1.0,0.0,0,0,0,3.3,7248.449287182296
6-car / 3.0 min,"PEAK
(High, Busy)",0.0,0.0,0,0,0.0,0.0,0.0,0,0,0,3.3,3.3
6-car / 3.0 min,"PEAK
(High, Busy)",0.0,0.0,0,0,0.0,0.0,0.0,0,0,1,3.65,3.65
6-car / 3.0 min,"PEAK
(High, Busy)",0.0,0.0,0,0,0.0,0.0,0.0,0,0,0,3.3,3.3
6-car / 3.0 min,"PEAK
(High, Busy)",38.366379942074154,38.7216621404998,600,3400,0.05263157894736842,1.0,0.0,0,0,1,3.65,7187.313799420742
6-car / 3.0 min,"PEAK
(High, Busy)",0.0,0.0,0,0,0.0,0.0,0.0,0,0,0,3.3,3.3
6-car / 3.0 min,"PEAK
(High, Busy)",0.0,0.0,0,0,0.0,0.0,0.0,0,0,1,3.65,3.65
6-car / 3.0 min,"PEAK
(High, Busy)",3.56033362651327,3.920888526579484,600,3400,0.05263157894736842,1.0,0.0,0,0,1,3.65,6839.253336265133
6-car / 3.0 min,"PEAK
(High, Busy)",4.551785179470588,4.9269734596449775,600,3400,0.047619047619047616,1.0,0.0,0,0,0,3.3,6848.817851794706
6-car / 3.0 min,"PEAK
(High, Busy)",31.832162815402942,32.18959583125707,600,3400,0.047619047619047616,1.0,0.0,0,0,0,3.3,7121.621628154029
6-car / 3.0 min,"PEAK
(High, Busy)",0.0,0.0,0,0,0.0,0.0,0.0,0,0,0,3.3,3.3
6-car / 3.0 min,"PEAK
(High, Busy)",0.0,0.0,0,0,0.0,0.0,0.0,0,0,0,3.3,3.3
6-car / 3.0 min,"PEAK
(High, Busy)",0.0,0.0,0,0,0.0,0.0,0.0,0,0,0,3.3,3.3
6-car / 3.0 min,"PEAK
(High, Busy)",0.0,0.0,0,0,0.0,0.0,0.0,0,0,1,3.65,3.65
6-car / 3.0 min,"PEAK
(High, Busy)",17.92646451118136,18.292699699334158,600,3400,0.05,1.0,0.0,0,0,1,3.65,6982.914645111814
6-car / 3.0 min,"PEAK
(High, Busy)",0.0,0.0,0,0,0.0,0.0,0.0,0,0,0,3.3,3.3
6-car / 3.0 min,"PEAK
(High, Busy)",0.0,0.0,0,0,0.0,0.0,0.0,0,0,3,4.35,4.35
6-car / 3.0 min,"PEAK
(High, Busy)",0.0,0.0,0,0,0.0,0.0,0.0,0,0,0,3.3,3.3
6-car / 3.0 min,"PEAK
(High, Busy)",0.0,0.0,0,0,0.0,0.0,0.0,0,0,1,3.65,3.65
6-car / 3.0 min,"PEAK
(High, Busy)",12.42472172018773,12.801890789931551,600,3400,0.05,1.0,0.0,0,0,1,3.65,6927.8972172018775
6-car / 3.0 min,"PEAK
(High, Busy)",0.0,0.0,0,0,0.0,0.0,0.0,0,0,0,3.3,3.3
6-car / 3.0 min,"PEAK
(High, Busy)",34.52092592850971,34.87312132717206,600,3400,0.047619047619047616,1.0,0.0,0,0,0,3.3,7148.509259285097
6-car / 3.0 min,"PEAK
(High, Busy)",0.0,0.0,0,0,0.0,0.0,0.0,0,0,0,3.3,3.3
6-car / 3.0 min,"PEAK
(High, Busy)",36.56336326859149,36.910498691689874,600,3400,0.05,1.0,0.0,0,0,0,3.3,7168.933632685915
6-car / 3.0 min,"PEAK
(High, Busy)",0.0,0.0,0,0,0.0,0.0,0.0,0,0,1,3.65,3.65
6-car / 3.0 min,"SURGE
(Very High)",15.77656001487243,15.967433732500208,600,5400,0.05263157894736842,1.0,0.0,0,0,2,4.0,10961.765600148725
6-car / 3.0 min,"SURGE
(Very High)",48.76330401728482,48.96179408438747,600,5400,0.05,1.0,0.0,0,0,0,3.3,11290.933040172848
6-car / 3.0 min,"SURGE
(Very High)",0.0,0.0,0,0,0.0,0.0,0.0,0,0,1,3.65,3.65
6-car / 3.0 min,"SURGE
(Very High)",0.0,0.0,0,0,0.0,0.0,0.0,0,0,1,3.65,3.65
6-car / 3.0 min,"SURGE
(Very High)",5.720725093064503,5.919013052603531,600,5400,0.05263157894736842,1.0,0.0,0,0,2,4.0,10861.207250930645
6-car / 3.0 min,"SURGE
(Very High)",0.0,0.0,0,0,0.0,0.0,0.0,0,0,1,3.65,3.65
6-car / 3.0 min,"SURGE
(Very High)",0.0,0.0,0,0,0.0,0.0,0.0,0,0,1,3.65,3.65
6-car / 3.0 min,"SURGE
(Very High)",0.0,0.0,0,0,0.0,0.0,0.0,0,0,0,3.3,3.3
6-car / 3.0 min,"SURGE
(Very High)",60.59778806852312,60.78125950972279,600,5400,0.05,1.0,0.0,0,0,0,3.3,11409.277880685231
6-car / 3.0 min,"SURGE
(Very High)",9.45789194294534,9.656876477300033,600,5400,0.05,1.0,0.0,0,0,0,3.3,10897.878919429453
6-car / 3.0 min,"SURGE
(Very High)",2.47894689093415,2.681552238431078,600,5400,0.05,1.0,0.0,0,0,0,3.3,10828.089468909342
6-car / 3.0 min,"SURGE
(Very High)",6.137690076625419,6.3230672254518785,600,5400,0.05263157894736842,1.0,0.0,0,0,1,3.65,10865.026900766254
6-car / 3.0 min,"SURGE
(Very High)",0.0,0.0,0,0,0.0,0.0,0.0,0,0,0,3.3,3.3
6-car / 3.0 min,"SURGE
(Very High)",0.0,0.0,0,0,0.0,0.0,0.0,0,0,0,3.3,3.3
6-car / 3.0 min,"SURGE
(Very High)",0.0,0.0,0,0,0.0,0.0,0.0,0,0,0,3.3,3.3
6-car / 3.0 min,"SURGE
(Very High)",46.652980983334785,46.85779821099587,600,5400,0.05,1.0,0.0,0,0,0,3.3,11269.829809833347
6-car / 3.0 min,"SURGE
(Very High)",50.78026979802107,50.97183687602534,600,5400,0.05263157894736842,1.0,0.0,0,0,1,3.65,11311.45269798021
6-car / 3.0 min,"SURGE
(Very High)",166.04723072111102,166.23927739333845,600,5400,0.05263157894736842,1.0,0.0,0,0,2,4.0,12464.47230721111
6-car / 3.0 min,"SURGE
(Very High)",0.8820851179551951,1.0689045180318135,600,5400,0.05263157894736842,1.0,0.0,0,0,1,3.65,10812.470851179552
6-car / 3.0 min,"SURGE
(Very High)",0.0,0.0,0,0,0.0,0.0,0.0,0,0,3,4.35,4.35
6-car / 3.0 min,"SURGE
(Very High)",10.623102604718602,10.818556030698101,600,5400,0.05,1.0,0.0,0,0,1,3.65,10909.881026047186
6-car / 3.0 min,"SURGE
(Very High)",13.964542787565914,14.159705061593305,600,5400,0.047619047619047616,1.0,0.0,0,0,0,3.3,10942.945427875658
6-car / 3.0 min,"SURGE
(Very High)",0.0,0.0,0,0,0.0,0.0,0.0,0,0,1,3.65,3.65
6-car / 3.0 min,"SURGE
(Very High)",0.0,0.0,0,0,0.0,0.0,0.0,0,0,1,3.65,3.65
6-car / 3.0 min,"SURGE
(Very High)",0.0,0.0,0,0,0.0,0.0,0.0,0,0,0,3.3,3.3
6-car / 3.0 min,"SURGE
(Very High)",48.78289301070511,48.98424094424101,600,5400,0.05263157894736842,1.0,0.0,0,0,1,3.65,11291.47893010705
6-car / 3.0 min,"SURGE
(Very High)",31.202402492093086,31.407373901955925,600,5400,0.05,1.0,0.0,0,0,0,3.3,11115.32402492093
6-car / 3.0 min,"SURGE
(Very High)",6.651410833778661,6.845182171933676,600,5400,0.05,1.0,0.0,0,0,0,3.3,10869.814108337787
6-car / 3.0 min,"SURGE
(Very High)",2.012550431506166,2.2007365204091713,600,5400,0.047619047619047616,1.0,0.0,0,0,0,3.3,10823.425504315062
6-car / 3.0 min,"SURGE
(Very High)",39.035024614745375,39.21721315188733,600,5400,0.047619047619047616,1.0,0.0,0,0,0,3.3,11193.650246147454
6-car / 3.0 min,"SURGE
(Very High)",0.0,0.0,0,0,0.0,0.0,0.0,0,0,0,3.3,3.3
6-car / 3.0 min,"SURGE
(Very High)",32.613359260975706,32.80157780840069,600,5400,0.05263157894736842,1.0,0.0,0,0,1,3.65,11129.783592609758
6-car / 3.0 min,"SURGE
(Very High)",37.56089447068261,37.74726932537863,600,5400,0.05555555555555555,1.0,0.0,0,0,3,4.35,11179.958944706827
6-car / 3.0 min,"SURGE
(Very High)",25.42272337789784,25.606256893091054,600,5400,0.05,1.0,0.0,0,0,1,3.65,11057.877233778978
6-car / 3.0 min,"SURGE
(Very High)",0.0,0.0,0,0,0.0,0.0,0.0,0,0,1,3.65,3.65
6-car / 3.0 min,"SURGE
(Very High)",17.028337981680092,17.215928301654877,600,5400,0.05,1.0,0.0,0,0,0,3.3,10973.5833798168
6-car / 3.0 min,"SURGE
(Very High)",33.694616498619894,33.892357794745735,600,5400,0.05,1.0,0.0,0,0,1,3.65,11140.596164986198
6-car / 3.0 min,"SURGE
(Very High)",16.652795296733508,16.846717458494116,600,5400,0.047619047619047616,1.0,0.0,0,0,0,3.3,10969.827952967335
6-car / 3.0 min,"SURGE
(Very High)",13.865282305529044,14.070624787424046,600,5400,0.05263157894736842,1.0,0.0,0,0,2,4.0,10942.65282305529
6-car / 3.0 min,"SURGE
(Very High)",24.13155978560397,24.33348008476594,600,5400,0.05,1.0,0.0,0,0,0,3.3,11044.61559785604
6-car / 3.0 min,"SURGE
(Very High)",28.3006825764577,28.496848147386824,600,5400,0.05263157894736842,1.0,0.0,0,0,1,3.65,11086.656825764578
6-car / 3.0 min,"SURGE
(Very High)",20.78089515179614,20.964389929301326,600,5400,0.047619047619047616,1.0,0.0,0,0,0,3.3,11011.108951517961
6-car / 3.0 min,"SURGE
(Very High)",0.0,0.0,0,0,0.0,0.0,0.0,0,0,0,3.3,3.3
6-car / 3.0 min,"SURGE
(Very High)",9.872857434446379,10.057217711043759,600,5400,0.05555555555555555,1.0,0.0,0,0,2,4.0,10902.728574344465
6-car / 3.0 min,"SURGE
(Very High)",20.016169674438817,20.2156921924723,600,5400,0.05263157894736842,1.0,0.0,0,0,2,4.0,11004.161696744388
6-car / 3.0 min,"SURGE
(Very High)",7.2078394758223885,7.411047018638446,600,5400,0.05263157894736842,1.0,0.0,0,0,1,3.65,10875.728394758224
6-car / 3.0 min,"SURGE
(Very High)",24.229907182407434,24.42803006738829,600,5400,0.05263157894736842,1.0,0.0,0,0,1,3.65,11045.949071824074
6-car / 3.0 min,"SURGE
(Very High)",29.306020397894013,29.49642312716174,600,5400,0.047619047619047616,1.0,0.0,0,0,0,3.3,11096.36020397894
6-car / 3.0 min,"SURGE
(Very High)",0.0,0.0,0,0,0.0,0.0,0.0,0,0,0,3.3,3.3
6-car / 3.0 min,"SURGE
(Very High)",0.0,0.0,0,0,0.0,0.0,0.0,0,0,0,3.3,3.3
6-car / 3.0 min,"SURGE
(Very High)",14.557126261780013,14.764211617239871,600,5400,0.05263157894736842,1.0,0.0,0,0,1,3.65,10949.2212626178
6-car / 3.0 min,"SURGE
(Very High)",0.0,0.0,0,0,0.0,0.0,0.0,0,0,0,3.3,3.3
6-car / 3.0 min,"SURGE
(Very High)",24.774677029631558,24.966873731854278,600,5400,0.058823529411764705,1.0,0.0,0,0,3,4.35,11052.096770296315
6-car / 3.0 min,"SURGE
(Very High)",0.0,0.0,0,0,0.0,0.0,0.0,0,0,1,3.65,3.65
6-car / 3.0 min,"SURGE
(Very High)",3.465659261653609,3.6681770623150403,600,5400,0.047619047619047616,1.0,0.0,0,0,0,3.3,10837.956592616536
6-car / 3.0 min,"SURGE
(Very High)",0.0,0.0,0,0,0.0,0.0,0.0,0,0,0,3.3,3.3
6-car / 3.0 min,"SURGE
(Very High)",0.0,0.0,0,0,0.0,0.0,0.0,0,0,2,4.0,4.0
6-car / 3.0 min,"SURGE
(Very High)",0.0,0.0,0,0,0.0,0.0,0.0,0,0,0,3.3,3.3
6-car / 3.0 min,"SURGE
(Very High)",0.0,0.0,0,0,0.0,0.0,0.0,0,0,1,3.65,3.65
6-car / 3.0 min,"SURGE
(Very High)",0.0,0.0,0,0,0.0,0.0,0.0,0,0,0,3.3,3.3
6-car / 3.0 min,"SURGE
(Very High)",0.0,0.0,0,0,0.0,0.0,0.0,0,0,0,3.3,3.3
6-car / 3.0 min,"SURGE
(Very High)",57.83017789222892,58.026255251832474,600,5400,0.047619047619047616,1.0,0.0,0,0,0,3.3,11381.60177892229
6-car / 3.0 min,"SURGE
(Very High)",12.84522646793863,13.039862773353084,600,5400,0.047619047619047616,1.0,0.0,0,0,0,3.3,10931.752264679386
6-car / 3.0 min,"SURGE
(Very High)",0.0,0.0,0,0,0.0,0.0,0.0,0,0,0,3.3,3.3
6-car / 3.0 min,"SURGE
(Very High)",0.0,0.0,0,0,0.0,0.0,0.0,0,0,0,3.3,3.3
6-car / 3.0 min,"SURGE
(Very High)",0.0,0.0,0,0,0.0,0.0,0.0,0,0,0,3.3,3.3
6-car / 3.0 min,"SURGE
(Very High)",0.0,0.0,0,0,0.0,0.0,0.0,0,0,1,3.65,3.65
6-car / 3.0 min,"SURGE
(Very High)",0.0,0.0,0,0,0.0,0.0,0.0,0,0,1,3.65,3.65
6-car / 3.0 min,"SURGE
(Very High)",10.452213531857824,10.651816505813619,600,5400,0.05263157894736842,1.0,0.0,0,0,1,3.65,10908.172135318579
6-car / 3.0 min,"SURGE
(Very High)",193.7419210395785,193.92841325707235,600,5400,0.05,1.0,0.0,0,0,1,3.65,12741.069210395784
6-car / 3.0 min,"SURGE
(Very High)",0.0,0.0,0,0,0.0,0.0,0.0,0,0,2,4.0,4.0
6-car / 3.0 min,"SURGE
(Very High)",0.0,0.0,0,0,0.0,0.0,0.0,0,0,1,3.65,3.65
6-car / 3.0 min,"SURGE
(Very High)",0.0,0.0,0,0,0.0,0.0,0.0,0,0,2,4.0,4.0
6-car / 3.0 min,"SURGE
(Very High)",0.0,0.0,0,0,0.0,0.0,0.0,0,0,0,3.3,3.3
6-car / 3.0 min,"SURGE
(Very High)",10.424566724264038,10.62760831061046,600,5400,0.047619047619047616,1.0,0.0,0,0,0,3.3,10907.54566724264
6-car / 3.0 min,"SURGE
(Very High)",172.62919488480247,172.81934122232664,600,5400,0.05263157894736842,1.0,0.0,0,0,2,4.0,12530.291948848026
6-car / 3.0 min,"SURGE
(Very High)",0.0,0.0,0,0,0.0,0.0,0.0,0,0,1,3.65,3.65
6-car / 3.0 min,"SURGE
(Very High)",15.358407861680583,15.547265780811838,600,5400,0.05555555555555555,1.0,0.0,0,0,2,4.0,10957.584078616806
6-car / 3.0 min,"SURGE
(Very High)",11.276629183469295,11.467484062000903,600,5400,0.05263157894736842,1.0,0.0,0,0,1,3.65,10916.416291834694
6-car / 3.0 min,"SURGE
(Very High)",0.0,0.0,0,0,0.0,0.0,0.0,0,0,0,3.3,3.3
6-car / 3.0 min,"SURGE
(Very High)",7.655388553503238,7.8442332190496185,600,5400,0.05,1.0,0.0,0,0,0,3.3,10879.853885535033
6-car / 3.0 min,"SURGE
(Very High)",0.0,0.0,0,0,0.0,0.0,0.0,0,0,1,3.65,3.65
6-car / 3.0 min,"SURGE
(Very High)",0.0,0.0,0,0,0.0,0.0,0.0,0,0,2,4.0,4.0
6-car / 3.0 min,"SURGE
(Very High)",32.90817419541043,33.086418335154214,600,5400,0.05263157894736842,1.0,0.0,0,0,1,3.65,11132.731741954105
6-car / 3.0 min,"SURGE
(Very High)",22.069182497755957,22.262954593038447,600,5400,0.05263157894736842,1.0,0.0,0,0,1,3.65,11024.34182497756
6-car / 3.0 min,"SURGE
(Very High)",21.873831994695948,22.074088999430813,600,5400,0.05,1.0,0.0,0,0,0,3.3,11022.03831994696
6-car / 3.0 min,"SURGE
(Very High)",0.0,0.0,0,0,0.0,0.0,0.0,0,0,0,3.3,3.3
6-car / 3.0 min,"SURGE
(Very High)",4.456684822262758,4.647157238394601,600,5400,0.047619047619047616,1.0,0.0,0,0,0,3.3,10847.866848222628
6-car / 3.0 min,"SURGE
(Very High)",5.37795570574763,5.566985107732024,600,5400,0.05,1.0,0.0,0,0,1,3.65,10857.429557057476
6-car / 3.0 min,"SURGE
(Very High)",0.0,0.0,0,0,0.0,0.0,0.0,0,0,1,3.65,3.65
6-car / 3.0 min,"SURGE
(Very High)",26.061821899254063,26.261661239264992,600,5400,0.05263157894736842,1.0,0.0,0,0,1,3.65,11064.26821899254
6-car / 3.0 min,"SURGE
(Very High)",0.0,0.0,0,0,0.0,0.0,0.0,0,0,1,3.65,3.65
6-car / 3.0 min,"SURGE
(Very High)",2.8832474154067778,3.0869346147838526,600,5400,0.05263157894736842,1.0,0.0,0,0,1,3.65,10832.482474154067
6-car / 3.0 min,"SURGE
(Very High)",0.0,0.0,0,0,0.0,0.0,0.0,0,0,1,3.65,3.65
6-car / 3.0 min,"SURGE
(Very High)",21.41385715448656,21.593294441799,600,5400,0.05,1.0,0.0,0,0,0,3.3,11017.438571544866
6-car / 3.0 min,"SURGE
(Very High)",8.476267738138349,8.675727176658738,600,5400,0.047619047619047616,1.0,0.0,0,0,0,3.3,10888.062677381384
6-car / 3.0 min,"SURGE
(Very High)",0.0,0.0,0,0,0.0,0.0,0.0,0,0,0,3.3,3.3
6-car / 3.0 min,"SURGE
(Very High)",0.0,0.0,0,0,0.0,0.0,0.0,0,0,3,4.35,4.35
6-car / 3.0 min,"SURGE
(Very High)",211.71656895966115,211.92272306487413,600,5400,0.05263157894736842,1.0,0.0,0,0,3,4.35,12921.51568959661
6-car / 3.0 min,"SURGE
(Very High)",0.0,0.0,0,0,0.0,0.0,0.0,0,0,1,3.65,3.65
6-car / 3.0 min,"DISRUPTION
(Delays + Surge)",13.840585193886346,14.109067230995041,600,4400,0.05,1.0,0.0,0,0,0,3.3,8941.705851938863
6-car / 3.0 min,"DISRUPTION
(Delays + Surge)",0.0,0.0,0,0,0.0,0.0,0.0,0,0,2,4.0,4.0
6-car / 3.0 min,"DISRUPTION
(Delays + Surge)",0.0,0.0,0,0,0.0,0.0,0.0,0,0,3,4.35,4.35
6-car / 3.0 min,"DISRUPTION
(Delays + Surge)",4.698669111867454,4.947619828626073,600,4400,0.05,1.0,0.0,0,0,0,3.3,8850.286691118674
6-car / 3.0 min,"DISRUPTION
(Delays + Surge)",0.0,0.0,0,0,0.0,0.0,0.0,0,0,0,3.3,3.3
6-car / 3.0 min,"DISRUPTION
(Delays + Surge)",20.265779069681006,20.516713736945892,600,4400,0.047619047619047616,1.0,0.0,0,0,0,3.3,9005.95779069681
6-car / 3.0 min,"DISRUPTION
(Delays + Surge)",58.55343167808445,58.82042812738976,600,4400,0.05,1.0,0.0,0,0,1,3.65,9389.184316780844
6-car / 3.0 min,"DISRUPTION
(Delays + Surge)",0.3329425107797444,0.5803975457996987,600,4400,0.047619047619047616,1.0,0.0,0,0,0,3.3,8806.629425107798
6-car / 3.0 min,"DISRUPTION
(Delays + Surge)",164.43112277547473,164.68811897385456,600,4400,0.05263157894736842,1.0,0.0,0,0,2,4.0,10448.311227754748
6-car / 3.0 min,"DISRUPTION
(Delays + Surge)",0.0,0.0,0,0,0.0,0.0,0.0,0,0,0,3.3,3.3
6-car / 3.0 min,"DISRUPTION
(Delays + Surge)",144.11642759596774,144.38273871771514,600,4400,0.05263157894736842,1.0,0.0,0,0,2,4.0,10245.164275959678
6-car / 3.0 min,"DISRUPTION
(Delays + Surge)",0.0,0.0,0,0,0.0,0.0,0.0,0,0,0,3.3,3.3
6-car / 3.0 min,"DISRUPTION
(Delays + Surge)",192.5240876827927,192.79896025003745,600,4400,0.05,1.0,0.0,0,0,1,3.65,10728.890876827927
6-car / 3.0 min,"DISRUPTION
(Delays + Surge)",17.50252760954594,17.78273636169335,600,4400,0.047619047619047616,1.0,0.0,0,0,0,3.3,8978.32527609546
6-car / 3.0 min,"DISRUPTION
(Delays + Surge)",23.431462770097177,23.68883598094706,600,4400,0.05555555555555555,1.0,0.0,0,0,3,4.35,9038.664627700971
6-car / 3.0 min,"DISRUPTION
(Delays + Surge)",57.80329140148943,58.07266353621475,600,4400,0.05,1.0,0.0,0,0,0,3.3,9381.332914014894
6-car / 3.0 min,"DISRUPTION
(Delays + Surge)",0.0,0.0,0,0,0.0,0.0,0.0,0,0,3,4.35,4.35
6-car / 3.0 min,"DISRUPTION
(Delays + Surge)",0.0,0.0,0,0,0.0,0.0,0.0,0,0,0,3.3,3.3
6-car / 3.0 min,"DISRUPTION
(Delays + Surge)",60.24572256968298,60.50995834190597,600,4400,0.05263157894736842,1.0,0.0,0,0,2,4.0,9406.45722569683
6-car / 3.0 min,"DISRUPTION
(Delays + Surge)",0.0,0.0,0,0,0.0,0.0,0.0,0,0,0,3.3,3.3
6-car / 3.0 min,"DISRUPTION
(Delays + Surge)",30.02241232527241,30.275653652269515,600,4400,0.05,1.0,0.0,0,0,1,3.65,9103.874123252725
6-car / 3.0 min,"DISRUPTION
(Delays + Surge)",0.0,0.0,0,0,0.0,0.0,0.0,0,0,3,4.35,4.35
6-car / 3.0 min,"DISRUPTION
(Delays + Surge)",14.390605282139864,14.631569347237344,600,4400,0.05263157894736842,1.0,0.0,0,0,1,3.65,8947.5560528214
6-car / 3.0 min,"DISRUPTION
(Delays + Surge)",34.084539650375675,34.32974894099767,600,4400,0.05,1.0,0.0,0,0,1,3.65,9144.495396503757
6-car / 3.0 min,"DISRUPTION
(Delays + Surge)",0.0,0.0,0,0,0.0,0.0,0.0,0,0,0,3.3,3.3
6-car / 3.0 min,"DISRUPTION
(Delays + Surge)",2.392543588825306,2.6466608670367777,600,4400,0.05,1.0,0.0,0,0,0,3.3,8827.225435888253
6-car / 3.0 min,"DISRUPTION
(Delays + Surge)",0.0,0.0,0,0,0.0,0.0,0.0,0,0,1,3.65,3.65
6-car / 3.0 min,"DISRUPTION
(Delays + Surge)",0.0,0.0,0,0,0.0,0.0,0.0,0,0,2,4.0,4.0
6-car / 3.0 min,"DISRUPTION
(Delays + Surge)",0.0,0.0,0,0,0.0,0.0,0.0,0,0,0,3.3,3.3
6-car / 3.0 min,"DISRUPTION
(Delays + Surge)",28.86926268973537,29.140376502018743,600,4400,0.05,1.0,0.0,0,0,1,3.65,9092.342626897354
6-car / 3.0 min,"DISRUPTION
(Delays + Surge)",23.579120497699222,23.842091858890676,600,4400,0.05263157894736842,1.0,0.0,0,0,1,3.65,9039.441204976993
6-car / 3.0 min,"DISRUPTION
(Delays + Surge)",0.0,0.0,0,0,0.0,0.0,0.0,0,0,0,3.3,3.3
6-car / 3.0 min,"DISRUPTION
(Delays + Surge)",0.7178579979060558,0.9816034551314314,600,4400,0.058823529411764705,1.0,0.0,0,0,3,4.35,8811.52857997906
6-car / 3.0 min,"DISRUPTION
(Delays + Surge)",68.23199917326791,68.50478002344225,600,4400,0.05263157894736842,1.0,0.0,0,0,3,4.35,9486.669991732679
6-car / 3.0 min,"DISRUPTION
(Delays + Surge)",19.731176279760508,19.98945679837977,600,4400,0.05263157894736842,1.0,0.0,0,0,2,4.0,9001.311762797604
6-car / 3.0 min,"DISRUPTION
(Delays + Surge)",14.10160167985303,14.364003626500075,600,4400,0.05555555555555555,1.0,0.0,0,0,3,4.35,8945.36601679853
6-car / 3.0 min,"DISRUPTION
(Delays + Surge)",21.12396361733557,21.394843328489245,600,4400,0.047619047619047616,1.0,0.0,0,0,0,3.3,9014.539636173356
6-car / 3.0 min,"DISRUPTION
(Delays + Surge)",0.0,0.0,0,0,0.0,0.0,0.0,0,0,3,4.35,4.35
6-car / 3.0 min,"DISRUPTION
(Delays + Surge)",2.3649295987778216,2.616841213721219,600,4400,0.047619047619047616,1.0,0.0,0,0,0,3.3,8826.949295987779
6-car / 3.0 min,"DISRUPTION
(Delays + Surge)",0.0,0.0,0,0,0.0,0.0,0.0,0,0,2,4.0,4.0
6-car / 3.0 min,"DISRUPTION
(Delays + Surge)",18.995012901320646,19.26457639257903,600,4400,0.058823529411764705,1.0,0.0,0,0,3,4.35,8994.300129013207
6-car / 3.0 min,"DISRUPTION
(Delays + Surge)",155.62586943155577,155.9012409203285,600,4400,0.05555555555555555,1.0,0.0,0,0,3,4.35,10360.608694315557
6-car / 3.0 min,"DISRUPTION
(Delays + Surge)",11.721653755349283,11.971410868483163,600,4400,0.05263157894736842,1.0,0.0,0,0,2,4.0,8921.216537553493
6-car / 3.0 min,"DISRUPTION
(Delays + Surge)",13.837566179494134,14.080589486941198,600,4400,0.05263157894736842,1.0,0.0,0,0,2,4.0,8942.375661794942
6-car / 3.0 min,"DISRUPTION
(Delays + Surge)",28.555087904243784,28.800315037382813,600,4400,0.05,1.0,0.0,0,0,0,3.3,9088.850879042438
6-car / 3.0 min,"DISRUPTION
(Delays + Surge)",0.0,0.0,0,0,0.0,0.0,0.0,0,0,1,3.65,3.65
6-car / 3.0 min,"DISRUPTION
(Delays + Surge)",0.0,0.0,0,0,0.0,0.0,0.0,0,0,1,3.65,3.65
6-car / 3.0 min,"DISRUPTION
(Delays + Surge)",40.11623411745743,40.36428308172092,600,4400,0.05555555555555555,1.0,0.0,0,0,3,4.35,9205.512341174574
6-car / 3.0 min,"DISRUPTION
(Delays + Surge)",9.112579115985875,9.386720342455053,600,4400,0.05263157894736842,1.0,0.0,0,0,1,3.65,8894.775791159858
6-car / 3.0 min,"DISRUPTION
(Delays + Surge)",201.34114002376046,201.59715149241373,600,4400,0.05263157894736842,1.0,0.0,0,0,3,4.35,10817.761400237605
6-car / 3.0 min,"DISRUPTION
(Delays + Surge)",0.0,0.0,0,0,0.0,0.0,0.0,0,0,2,4.0,4.0
6-car / 3.0 min,"DISRUPTION
(Delays + Surge)",0.0,0.0,0,0,0.0,0.0,0.0,0,0,1,3.65,3.65
6-car / 3.0 min,"DISRUPTION
(Delays + Surge)",29.401767720812163,29.67240098810175,600,4400,0.05263157894736842,1.0,0.0,0,0,2,4.0,9098.017677208121
6-car / 3.0 min,"DISRUPTION
(Delays + Surge)",0.0,0.0,0,0,0.0,0.0,0.0,0,0,2,4.0,4.0
6-car / 3.0 min,"DISRUPTION
(Delays + Surge)",0.0,0.0,0,0,0.0,0.0,0.0,0,0,1,3.65,3.65
6-car / 3.0 min,"DISRUPTION
(Delays + Surge)",14.708514070331688,14.946998575567394,600,4400,0.05,1.0,0.0,0,0,1,3.65,8950.735140703317
6-car / 3.0 min,"DISRUPTION
(Delays + Surge)",19.764126733737594,20.039651823587235,600,4400,0.058823529411764705,1.0,0.0,0,0,3,4.35,9001.991267337376
6-car / 3.0 min,"DISRUPTION
(Delays + Surge)",0.0,0.0,0,0,0.0,0.0,0.0,0,0,2,4.0,4.0
6-car / 3.0 min,"DISRUPTION
(Delays + Surge)",2.8465385464614057,3.1031553847190327,600,4400,0.05263157894736842,1.0,0.0,0,0,2,4.0,8832.465385464615
6-car / 3.0 min,"DISRUPTION
(Delays + Surge)",0.0,0.0,0,0,0.0,0.0,0.0,0,0,0,3.3,3.3
6-car / 3.0 min,"DISRUPTION
(Delays + Surge)",0.0,0.0,0,0,0.0,0.0,0.0,0,0,3,4.35,4.35
6-car / 3.0 min,"DISRUPTION
(Delays + Surge)",0.0,0.0,0,0,0.0,0.0,0.0,0,0,1,3.65,3.65
6-car / 3.0 min,"DISRUPTION
(Delays + Surge)",9.828241130262247,10.091120852845346,600,4400,0.05,1.0,0.0,0,0,0,3.3,8901.582411302623
6-car / 3.0 min,"DISRUPTION
(Delays + Surge)",0.0,0.0,0,0,0.0,0.0,0.0,0,0,1,3.65,3.65
6-car / 3.0 min,"DISRUPTION
(Delays + Surge)",20.76755225754051,21.038258407466785,600,4400,0.047619047619047616,1.0,0.0,0,0,0,3.3,9010.975522575405
6-car / 3.0 min,"DISRUPTION
(Delays + Surge)",0.0,0.0,0,0,0.0,0.0,0.0,0,0,1,3.65,3.65
6-car / 3.0 min,"DISRUPTION
(Delays + Surge)",0.0,0.0,0,0,0.0,0.0,0.0,0,0,1,3.65,3.65
6-car / 3.0 min,"DISRUPTION
(Delays + Surge)",18.79538899804533,19.07033968712315,600,4400,0.05,1.0,0.0,0,0,1,3.65,8991.603889980453
6-car / 3.0 min,"DISRUPTION
(Delays + Surge)",29.496901819739335,29.755061804012154,600,4400,0.05,1.0,0.0,0,0,1,3.65,9098.619018197393
6-car / 3.0 min,"DISRUPTION
(Delays + Surge)",0.0,0.0,0,0,0.0,0.0,0.0,0,0,1,3.65,3.65
6-car / 3.0 min,"DISRUPTION
(Delays + Surge)",21.760055243437346,22.02773291077957,600,4400,0.05,1.0,0.0,0,0,1,3.65,9021.250552434374
6-car / 3.0 min,"DISRUPTION
(Delays + Surge)",79.36532512910316,79.62295887135907,600,4400,0.047619047619047616,1.0,0.0,0,0,0,3.3,9596.953251291032
6-car / 3.0 min,"DISRUPTION
(Delays + Surge)",13.906764099096035,14.151605006309845,600,4400,0.05263157894736842,1.0,0.0,0,0,1,3.65,8942.71764099096
6-car / 3.0 min,"DISRUPTION
(Delays + Surge)",10.758222107159714,11.019245500059895,600,4400,0.05263157894736842,1.0,0.0,0,0,1,3.65,8911.232221071597
6-car / 3.0 min,"DISRUPTION
(Delays + Surge)",0.0,0.0,0,0,0.0,0.0,0.0,0,0,4,4.699999999999999,4.699999999999999
6-car / 3.0 min,"DISRUPTION
(Delays + Surge)",0.0,0.0,0,0,0.0,0.0,0.0,0,0,1,3.65,3.65
6-car / 3.0 min,"DISRUPTION
(Delays + Surge)",193.2167010278494,193.47472177441912,600,4400,0.05263157894736842,1.0,0.0,0,0,2,4.0,10736.167010278494
6-car / 3.0 min,"DISRUPTION
(Delays + Surge)",51.057026890562454,51.328003485810385,600,4400,0.05555555555555555,1.0,0.0,0,0,2,4.0,9314.570268905625
6-car / 3.0 min,"DISRUPTION
(Delays + Surge)",11.388556319519596,11.64943580220738,600,4400,0.047619047619047616,1.0,0.0,0,0,0,3.3,8917.185563195197
6-car / 3.0 min,"DISRUPTION
(Delays + Surge)",0.0,0.0,0,0,0.0,0.0,0.0,0,0,1,3.65,3.65
6-car / 3.0 min,"DISRUPTION
(Delays + Surge)",0.0,0.0,0,0,0.0,0.0,0.0,0,0,2,4.0,4.0
6-car / 3.0 min,"DISRUPTION
(Delays + Surge)",14.904458439907254,15.165113568810442,600,4400,0.05263157894736842,1.0,0.0,0,0,2,4.0,8953.044584399073
6-car / 3.0 min,"DISRUPTION
(Delays + Surge)",0.0,0.0,0,0,0.0,0.0,0.0,0,0,2,4.0,4.0
6-car / 3.0 min,"DISRUPTION
(Delays + Surge)",11.284762066950185,11.549154226098997,600,4400,0.05555555555555555,1.0,0.0,0,0,3,4.35,8917.197620669502
6-car / 3.0 min,"DISRUPTION
(Delays + Surge)",0.0,0.0,0,0,0.0,0.0,0.0,0,0,2,4.0,4.0
6-car / 3.0 min,"DISRUPTION
(Delays + Surge)",11.867501544506974,12.117097270751266,600,4400,0.058823529411764705,1.0,0.0,0,0,3,4.35,8923.02501544507
6-car / 3.0 min,"DISRUPTION
(Delays + Surge)",0.0,0.0,0,0,0.0,0.0,0.0,0,0,1,3.65,3.65
6-car / 3.0 min,"DISRUPTION
(Delays + Surge)",2.269261881929025,2.5287598084520018,600,4400,0.05,1.0,0.0,0,0,1,3.65,8826.34261881929
6-car / 3.0 min,"DISRUPTION
(Delays + Surge)",27.81123976109079,28.081864950935206,600,4400,0.047619047619047616,1.0,0.0,0,0,0,3.3,9081.412397610908
6-car / 3.0 min,"DISRUPTION
(Delays + Surge)",8.42689588522054,8.688036756907575,600,4400,0.05,1.0,0.0,0,0,1,3.65,8887.918958852206
6-car / 3.0 min,"DISRUPTION
(Delays + Surge)",0.0,0.0,0,0,0.0,0.0,0.0,0,0,1,3.65,3.65
6-car / 3.0 min,"DISRUPTION
(Delays + Surge)",0.0,0.0,0,0,0.0,0.0,0.0,0,0,1,3.65,3.65
6-car / 3.0 min,"DISRUPTION
(Delays + Surge)",0.0,0.0,0,0,0.0,0.0,0.0,0,0,0,3.3,3.3
6-car / 3.0 min,"DISRUPTION
(Delays + Surge)",0.0,0.0,0,0,0.0,0.0,0.0,0,0,0,3.3,3.3
6-car / 3.0 min,"DISRUPTION
(Delays + Surge)",0.0,0.0,0,0,0.0,0.0,0.0,0,0,2,4.0,4.0
6-car / 3.0 min,"DISRUPTION
(Delays + Surge)",330.3095027870495,330.57973587744283,600,4400,0.05555555555555555,1.0,0.0,0,0,2,4.0,12107.095027870495
6-car / 3.0 min,"DISRUPTION
(Delays + Surge)",0.0,0.0,0,0,0.0,0.0,0.0,0,0,4,4.699999999999999,4.699999999999999
6-car / 3.0 min,"DISRUPTION
(Delays + Surge)",30.40295547885534,30.634220928753678,600,4400,0.05,1.0,0.0,0,0,1,3.65,9107.679554788554
6-car / 3.0 min,"DISRUPTION
(Delays + Surge)",222.95772217338885,223.20703356684123,600,4400,0.05,1.0,0.0,0,0,1,3.65,11033.227221733889
6-car / 3.0 min,"DISRUPTION
(Delays + Surge)",38.176515771010564,38.43238819261399,600,4400,0.05263157894736842,1.0,0.0,0,0,1,3.65,9185.415157710106
6-car / 3.0 min,"CASCADING
(Failures + Delays)",0.0,0.0,0,0,0.0,0.0,0.0,0,0,2,4.0,4.0
6-car / 3.0 min,"CASCADING
(Failures + Delays)",0.0,0.0,0,0,0.0,0.0,0.0,0,0,0,3.3,3.3
6-car / 3.0 min,"CASCADING
(Failures + Delays)",9.083024386861062,9.210205037721718,600,2400,0.05,1.0,0.0,0,0,1,3.65,4894.480243868611
6-car / 3.0 min,"CASCADING
(Failures + Delays)",141.69938040295438,141.82421100409118,600,2400,0.0625,1.0,0.0,0,0,4,4.699999999999999,6221.693804029544
6-car / 3.0 min,"CASCADING
(Failures + Delays)",0.02514156601294464,0.049014490879708446,115,0,0.009583333333333334,0.19166666666666668,0.0,0,0,0,3.3,3.3481880015248104
6-car / 3.0 min,"CASCADING
(Failures + Delays)",0.0,0.0,0,0,0.0,0.0,0.0,0,0,2,4.0,4.0
6-car / 3.0 min,"CASCADING
(Failures + Delays)",0.0,0.0,0,0,0.0,0.0,0.0,0,0,2,4.0,4.0
6-car / 3.0 min,"CASCADING
(Failures + Delays)",34.301036678602614,34.432468023503056,600,2400,0.047619047619047616,1.0,0.0,0,0,0,3.3,5146.310366786026
6-car / 3.0 min,"CASCADING
(Failures + Delays)",13.245226169860254,13.373124468823596,600,2400,0.05263157894736842,1.0,0.0,0,0,2,4.0,4936.452261698602
6-car / 3.0 min,"CASCADING
(Failures + Delays)",6.178778716837263,6.311854556295754,600,2400,0.047619047619047616,1.0,0.0,0,0,0,3.3,4865.087787168372
6-car / 3.0 min,"CASCADING
(Failures + Delays)",21.38229773114432,21.50968495883518,600,2400,0.047619047619047616,1.0,0.0,0,0,0,3.3,5017.122977311443
6-car / 3.0 min,"CASCADING
(Failures + Delays)",0.0,0.0,0,0,0.0,0.0,0.0,0,0,4,4.699999999999999,4.699999999999999
6-car / 3.0 min,"CASCADING
(Failures + Delays)",16.5319626566419,16.654973411156238,600,2400,0.05263157894736842,1.0,0.0,0,0,2,4.0,4969.319626566419
6-car / 3.0 min,"CASCADING
(Failures + Delays)",33.29293994290132,33.407058992319776,600,2400,0.047619047619047616,1.0,0.0,0,0,0,3.3,5136.229399429013
6-car / 3.0 min,"CASCADING
(Failures + Delays)",0.0,0.0,0,0,0.0,0.0,0.0,0,0,3,4.35,4.35
6-car / 3.0 min,"CASCADING
(Failures + Delays)",6.605672182825997,6.736464201393895,600,2400,0.058823529411764705,1.0,0.0,0,0,4,4.699999999999999,4870.75672182826
6-car / 3.0 min,"CASCADING
(Failures + Delays)",0.0,0.0,0,0,0.0,0.0,0.0,0,0,3,4.35,4.35
6-car / 3.0 min,"CASCADING
(Failures + Delays)",18.718119720367266,18.85136938939106,600,2400,0.047619047619047616,1.0,0.0,0,0,0,3.3,4990.481197203672
6-car / 3.0 min,"CASCADING
(Failures + Delays)",0.0,0.0,0,0,0.0,0.0,0.0,0,0,1,3.65,3.65
6-car / 3.0 min,"CASCADING
(Failures + Delays)",0.0,0.0,0,0,0.0,0.0,0.0,0,0,1,3.65,3.65
6-car / 3.0 min,"CASCADING
(Failures + Delays)",0.0,0.0,0,0,0.0,0.0,0.0,0,0,1,3.65,3.65
6-car / 3.0 min,"CASCADING
(Failures + Delays)",7.285148206224309,7.414472896099729,600,2400,0.05,1.0,0.0,0,0,1,3.65,4876.501482062243
6-car / 3.0 min,"CASCADING
(Failures + Delays)",33.15726560294603,33.285759410250115,600,2400,0.05555555555555555,1.0,0.0,0,0,2,4.0,5135.572656029461
6-car / 3.0 min,"CASCADING
(Failures + Delays)",5.817213029691994,5.952277052939702,600,2400,0.058823529411764705,1.0,0.0,0,0,3,4.35,4862.52213029692
6-car / 3.0 min,"CASCADING
(Failures + Delays)",16.811959955186524,16.955628076506407,600,2400,0.05,1.0,0.0,0,0,1,3.65,4971.769599551865
6-car / 3.0 min,"CASCADING
(Failures + Delays)",0.0,0.0,0,0,0.0,0.0,0.0,0,0,3,4.35,4.35
6-car / 3.0 min,"CASCADING
(Failures + Delays)",0.0,0.0,0,0,0.0,0.0,0.0,0,0,2,4.0,4.0
6-car / 3.0 min,"CASCADING
(Failures + Delays)",0.0,0.0,0,0,0.0,0.0,0.0,0,0,1,3.65,3.65
6-car / 3.0 min,"CASCADING
(Failures + Delays)",79.01823751837712,79.14394776800194,600,2400,0.05,1.0,0.0,0,0,1,3.65,5593.832375183772
6-car / 3.0 min,"CASCADING
(Failures + Delays)",0.0,0.0,0,0,0.0,0.0,0.0,0,0,3,4.35,4.35
6-car / 3.0 min,"CASCADING
(Failures + Delays)",0.0,0.0,0,0,0.0,0.0,0.0,0,0,1,3.65,3.65
6-car / 3.0 min,"CASCADING
(Failures + Delays)",227.59036849491085,227.72287288220974,600,2400,0.05,1.0,0.0,0,0,1,3.65,7079.553684949109
6-car / 3.0 min,"CASCADING
(Failures + Delays)",22.400957612898903,22.53420427998447,600,2400,0.05555555555555555,1.0,0.0,0,0,3,4.35,5028.359576128989
6-car / 3.0 min,"CASCADING
(Failures + Delays)",37.348807622547504,37.478988341901754,600,2400,0.05263157894736842,1.0,0.0,0,0,2,4.0,5177.488076225475
6-car / 3.0 min,"CASCADING
(Failures + Delays)",0.0,0.0,0,0,0.0,0.0,0.0,0,0,2,4.0,4.0
6-car / 3.0 min,"CASCADING
(Failures + Delays)",22.55083483372701,22.689855623648125,600,2400,0.05,1.0,0.0,0,0,1,3.65,5029.15834833727
6-car / 3.0 min,"CASCADING
(Failures + Delays)",0.0,0.0,0,0,0.0,0.0,0.0,0,0,2,4.0,4.0
6-car / 3.0 min,"CASCADING
(Failures + Delays)",0.0,0.0,0,0,0.0,0.0,0.0,0,0,0,3.3,3.3
6-car / 3.0 min,"CASCADING
(Failures + Delays)",11.487303030430448,11.621359429298652,600,2400,0.05263157894736842,1.0,0.0,0,0,1,3.65,4918.5230303043045
6-car / 3.0 min,"CASCADING
(Failures + Delays)",0.0,0.0,0,0,0.0,0.0,0.0,0,0,0,3.3,3.3
6-car / 3.0 min,"CASCADING
(Failures + Delays)",22.58066850560171,22.713961449755182,600,2400,0.05,1.0,0.0,0,0,0,3.3,5029.106685056017
6-car / 3.0 min,"CASCADING
(Failures + Delays)",8.879639416505043,9.00739663661221,600,2400,0.05,1.0,0.0,0,0,0,3.3,4892.096394165051
6-car / 3.0 min,"CASCADING
(Failures + Delays)",0.0,0.0,0,0,0.0,0.0,0.0,0,0,0,3.3,3.3
6-car / 3.0 min,"CASCADING
(Failures + Delays)",0.0,0.0,0,0,0.0,0.0,0.0,0,0,1,3.65,3.65
6-car / 3.0 min,"CASCADING
(Failures + Delays)",0.0,0.0,0,0,0.0,0.0,0.0,0,0,2,4.0,4.0
6-car / 3.0 min,"CASCADING
(Failures + Delays)",0.0,0.0,0,0,0.0,0.0,0.0,0,0,4,4.699999999999999,4.699999999999999
6-car / 3.0 min,"CASCADING
(Failures + Delays)",0.0,0.0,0,0,0.0,0.0,0.0,0,0,1,3.65,3.65
6-car / 3.0 min,"CASCADING
(Failures + Delays)",0.0,0.0,0,0,0.0,0.0,0.0,0,0,4,4.699999999999999,4.699999999999999
6-car / 3.0 min,"CASCADING
(Failures + Delays)",0.0,0.0,0,0,0.0,0.0,0.0,0,0,2,4.0,4.0
6-car / 3.0 min,"CASCADING
(Failures + Delays)",15.682909402670882,15.82273332423698,600,2400,0.05,1.0,0.0,0,0,1,3.65,4960.4790940267085
6-car / 3.0 min,"CASCADING
(Failures + Delays)",0.0,0.0,0,0,0.0,0.0,0.0,0,0,2,4.0,4.0
6-car / 3.0 min,"CASCADING
(Failures + Delays)",0.0,0.0,0,0,0.0,0.0,0.0,0,0,2,4.0,4.0
6-car / 3.0 min,"CASCADING
(Failures + Delays)",0.0,0.0,0,0,0.0,0.0,0.0,0,0,1,3.65,3.65
6-car / 3.0 min,"CASCADING
(Failures + Delays)",0.0,0.0,0,0,0.0,0.0,0.0,0,0,1,3.65,3.65
6-car / 3.0 min,"CASCADING
(Failures + Delays)",0.0,0.0,0,0,0.0,0.0,0.0,0,0,2,4.0,4.0
6-car / 3.0 min,"CASCADING
(Failures + Delays)",4.711094398695805,4.839809867505204,600,2400,0.05,1.0,0.0,0,0,2,4.0,4851.110943986958
6-car / 3.0 min,"CASCADING
(Failures + Delays)",22.980168879045298,23.117970041629132,600,2400,0.05,1.0,0.0,0,0,0,3.3,5033.101688790453
6-car / 3.0 min,"CASCADING
(Failures + Delays)",2.1475713755695565,2.278324882347265,600,2400,0.047619047619047616,1.0,0.0,0,0,0,3.3,4824.7757137556955
6-car / 3.0 min,"CASCADING
(Failures + Delays)",46.54029620301516,46.67639998650879,600,2400,0.05,1.0,0.0,0,0,0,3.3,5268.702962030152
6-car / 3.0 min,"CASCADING
(Failures + Delays)",26.933334760845394,27.06897756999402,600,2400,0.058823529411764705,1.0,0.0,0,0,4,4.699999999999999,5074.033347608454
6-car / 3.0 min,"CASCADING
(Failures + Delays)",0.0,0.0,0,0,0.0,0.0,0.0,0,0,1,3.65,3.65
6-car / 3.0 min,"CASCADING
(Failures + Delays)",0.0,0.0,0,0,0.0,0.0,0.0,0,0,2,4.0,4.0
6-car / 3.0 min,"CASCADING
(Failures + Delays)",0.0,0.0,0,0,0.0,0.0,0.0,0,0,1,3.65,3.65
6-car / 3.0 min,"CASCADING
(Failures + Delays)",66.36687430688485,66.50135897297734,600,2400,0.05263157894736842,1.0,0.0,0,0,1,3.65,5467.318743068849
6-car / 3.0 min,"CASCADING
(Failures + Delays)",0.0,0.0,0,0,0.0,0.0,0.0,0,0,4,4.699999999999999,4.699999999999999
6-car / 3.0 min,"CASCADING
(Failures + Delays)",15.99834396942421,16.12848913133678,600,2400,0.05,1.0,0.0,0,0,1,3.65,4963.633439694242
6-car / 3.0 min,"CASCADING
(Failures + Delays)",3.4016824267492396,3.525186340049018,600,2400,0.05263157894736842,1.0,0.0,0,0,1,3.65,4837.666824267492
6-car / 3.0 min,"CASCADING
(Failures + Delays)",163.53879462458283,163.66908181329757,600,2400,0.05263157894736842,1.0,0.0,0,0,1,3.65,6439.037946245829
6-car / 3.0 min,"CASCADING
(Failures + Delays)",0.0,0.0,0,0,0.0,0.0,0.0,0,0,1,3.65,3.65
6-car / 3.0 min,"CASCADING
(Failures + Delays)",0.0,0.0,0,0,0.0,0.0,0.0,0,0,2,4.0,4.0
6-car / 3.0 min,"CASCADING
(Failures + Delays)",12.696908328264515,12.826435575621067,600,2400,0.05263157894736842,1.0,0.0,0,0,2,4.0,4930.969083282645
6-car / 3.0 min,"CASCADING
(Failures + Delays)",0.0,0.0,0,0,0.0,0.0,0.0,0,0,0,3.3,3.3
6-car / 3.0 min,"CASCADING
(Failures + Delays)",15.130706292716974,15.261935428557265,600,2400,0.05263157894736842,1.0,0.0,0,0,1,3.65,4954.957062927169
6-car / 3.0 min,"CASCADING
(Failures + Delays)",31.22198228564556,31.35330415367439,600,2400,0.05555555555555555,1.0,0.0,0,0,4,4.699999999999999,5116.9198228564555
6-car / 3.0 min,"CASCADING
(Failures + Delays)",44.23509244184014,44.37042526241753,600,2400,0.05263157894736842,1.0,0.0,0,0,2,4.0,5246.3509244184015
6-car / 3.0 min,"CASCADING
(Failures + Delays)",11.65619808383276,11.78811235034241,600,2400,0.05555555555555555,1.0,0.0,0,0,2,4.0,4920.561980838327
6-car / 3.0 min,"CASCADING
(Failures + Delays)",0.0,0.0,0,0,0.0,0.0,0.0,0,0,5,5.05,5.05
6-car / 3.0 min,"CASCADING
(Failures + Delays)",3.9034922607550415,4.044293872570864,600,2400,0.05263157894736842,1.0,0.0,0,0,1,3.65,4842.68492260755
6-car / 3.0 min,"CASCADING
(Failures + Delays)",229.85331469758336,229.98200746737226,600,2400,0.05555555555555555,1.0,0.0,0,0,2,4.0,7102.533146975833
6-car / 3.0 min,"CASCADING
(Failures + Delays)",0.0,0.0,0,0,0.0,0.0,0.0,0,0,0,3.3,3.3
6-car / 3.0 min,"CASCADING
(Failures + Delays)",4.869791860175312,5.002579283457017,600,2400,0.058823529411764705,1.0,0.0,0,0,3,4.35,4853.047918601753
6-car / 3.0 min,"CASCADING
(Failures + Delays)",51.55790889577558,51.68929597364638,600,2400,0.0625,1.0,0.0,0,0,4,4.699999999999999,5320.279088957755
6-car / 3.0 min,"CASCADING
(Failures + Delays)",6.68252807021801,6.810032484727151,600,2400,0.05555555555555555,1.0,0.0,0,0,2,4.0,4870.82528070218
6-car / 3.0 min,"CASCADING
(Failures + Delays)",22.62609414532861,22.744384393208684,600,2400,0.05555555555555555,1.0,0.0,0,0,2,4.0,5030.260941453286
6-car / 3.0 min,"CASCADING
(Failures + Delays)",0.0,0.0,0,0,0.0,0.0,0.0,0,0,2,4.0,4.0
6-car / 3.0 min,"CASCADING
(Failures + Delays)",136.1904245094091,136.32392143463778,600,2400,0.05,1.0,0.0,0,0,1,3.65,6165.554245094091
6-car / 3.0 min,"CASCADING
(Failures + Delays)",3.860445954578957,3.9903670078675937,600,2400,0.047619047619047616,1.0,0.0,0,0,0,3.3,4841.90445954579
6-car / 3.0 min,"CASCADING
(Failures + Delays)",206.51371179670272,206.633834973185,600,2400,0.05555555555555555,1.0,0.0,0,0,2,4.0,6869.137117967028
6-car / 3.0 min,"CASCADING
(Failures + Delays)",22.520470903425338,22.644499982609226,600,2400,0.05,1.0,0.0,0,0,1,3.65,5028.854709034254
6-car / 3.0 min,"CASCADING
(Failures + Delays)",6.923322304238856,7.048860531695757,600,2400,0.058823529411764705,1.0,0.0,0,0,3,4.35,4873.583223042388
6-car / 3.0 min,"CASCADING
(Failures + Delays)",43.729959331775945,43.85467183439327,600,2400,0.05,1.0,0.0,0,0,1,3.65,5240.9495933177595
6-car / 3.0 min,"CASCADING
(Failures + Delays)",0.0,0.0,0,0,0.0,0.0,0.0,0,0,3,4.35,4.35
6-car / 3.0 min,"CASCADING
(Failures + Delays)",0.0,0.0,0,0,0.0,0.0,0.0,0,0,1,3.65,3.65
6-car / 3.0 min,"CASCADING
(Failures + Delays)",63.81887331833937,63.952529959949665,600,2400,0.047619047619047616,1.0,0.0,0,0,0,3.3,5441.488733183393
6-car / 3.0 min,"CASCADING
(Failures + Delays)",0.0,0.0,0,0,0.0,0.0,0.0,0,0,2,4.0,4.0
6-car / 3.0 min,"CASCADING
(Failures + Delays)",0.5067883515371571,0.6380459685293406,600,2400,0.05263157894736842,1.0,0.0,0,0,2,4.0,4809.067883515371
6-car / 3.0 min,"CASCADING
(Failures + Delays)",0.0,0.0,0,0,0.0,0.0,0.0,0,0,0,3.3,3.3
6-car / 3.0 min,"CASCADING
(Failures + Delays)",44.84968450915588,44.988992820346034,600,2400,0.05263157894736842,1.0,0.0,0,0,2,4.0,5252.4968450915585
6-car / 3.0 min,"CASCADING
(Failures + Delays)",39.33643955636711,39.46649473659227,600,2400,0.05,1.0,0.0,0,0,1,3.65,5197.014395563671
6-car / 3.0 min,"CASCADING
(Failures + Delays)",0.0,0.0,0,0,0.0,0.0,0.0,0,0,2,4.0,4.0
6-car / 2.5 min,"OFF-PEAK
(Low, Stable)",19.531210100409616,25.901121800067983,487,0,0.033819444444444444,0.8116666666666666,0.0,0,0,1,4.25,162.77832198165805
6-car / 2.5 min,"OFF-PEAK
(Low, Stable)",133.40903010554055,138.03025336188438,14,0,0.0009333333333333333,0.023333333333333334,0.0,0,0,0,3.9,35.0287736912928
6-car / 2.5 min,"OFF-PEAK
(Low, Stable)",156.36580985835235,159.79354591413613,6,0,0.0004166666666666667,0.01,0.0,0,0,0,3.9,19.536580985835233
6-car / 2.5 min,"OFF-PEAK
(Low, Stable)",4.0705051679598965,82.52193406689514,300,0,0.02,0.49666666666666665,0.0,0,0,0,3.9,24.25252583979948
6-car / 2.5 min,"OFF-PEAK
(Low, Stable)",129.2409476003499,133.41458743072843,15,0,0.0010416666666666667,0.025,0.0,0,0,0,3.9,36.21023690008747
6-car / 2.5 min,"OFF-PEAK
(Low, Stable)",4.210970220423533,103.97089799565693,170,0,0.011333333333333336,0.275,0.0,0,0,0,3.9,15.83108229120001
6-car / 2.5 min,"OFF-PEAK
(Low, Stable)",128.26399578160692,133.49303259736286,9,0,0.000625,0.015,0.0,0,0,0,3.9,23.139599367241036
6-car / 2.5 min,"OFF-PEAK
(Low, Stable)",90.40057588392557,99.11227435362416,9,0,0.000625,0.015,0.0,0,0,0,3.9,17.460086382588834
6-car / 2.5 min,"OFF-PEAK
(Low, Stable)",11.381354822121786,107.1529314603352,86,0,0.0062318840579710134,0.12833333333333333,0.0,0,0,2,4.6,20.913275245041227
6-car / 2.5 min,"OFF-PEAK
(Low, Stable)",111.60990902110943,117.73764699423558,11,0,0.0007333333333333333,0.018333333333333333,0.0,0,0,0,3.9,24.36181665387006
6-car / 2.5 min,"OFF-PEAK
(Low, Stable)",118.11594025325697,127.46059422354652,3,0,0.00020833333333333335,0.005,0.0,0,0,0,3.9,9.805797012662849
6-car / 2.5 min,"OFF-PEAK
(Low, Stable)",6.158993975323155,137.27474819184505,172,0,0.011466666666666667,0.27666666666666667,0.0,0,0,0,3.9,21.55578272925971
6-car / 2.5 min,"OFF-PEAK
(Low, Stable)",96.91705243138615,113.74845318887287,6,0,0.0004166666666666667,0.01,0.0,0,0,1,4.25,13.941705243138616
6-car / 2.5 min,"OFF-PEAK
(Low, Stable)",112.35473096453765,118.76251743217819,7,0,0.0005303030303030304,0.011666666666666667,0.0,0,0,2,4.6,17.708051945862724
6-car / 2.5 min,"OFF-PEAK
(Low, Stable)",90.24250193581813,96.74834714498148,10,0,0.0006944444444444445,0.016666666666666666,0.0,0,0,0,3.9,18.94041698930302
6-car / 2.5 min,"OFF-PEAK
(Low, Stable)",100.92308990279531,111.86549265538915,4,0,0.0002777777777777778,0.006666666666666667,0.0,0,0,0,3.9,10.628205993519687
6-car / 2.5 min,"OFF-PEAK
(Low, Stable)",82.3111645286546,91.5601349137992,12,0,0.0008333333333333334,0.02,0.0,0,0,0,3.9,20.362232905730917
6-car / 2.5 min,"OFF-PEAK
(Low, Stable)",61.12981762620237,67.58463117429358,8,0,0.0005555555555555556,0.013333333333333334,0.0,0,0,0,3.9,12.050642350160317
6-car / 2.5 min,"OFF-PEAK
(Low, Stable)",58.15817086462968,66.41890064291445,9,0,0.0006,0.015,0.0,0,0,0,3.9,12.623725629694453
6-car / 2.5 min,"OFF-PEAK
(Low, Stable)",31.673431542047886,39.105770880760275,499,0,0.03326666666666667,0.8316666666666667,0.0,0,0,0,3.9,267.3173723246982
6-car / 2.5 min,"OFF-PEAK
(Low, Stable)",103.88753984440397,107.05112821376144,5,0,0.0003333333333333333,0.008333333333333333,0.0,0,0,0,3.9,12.557294987033664
6-car / 2.5 min,"OFF-PEAK
(Low, Stable)",104.78408560914687,108.74503352812496,6,0,0.0004166666666666667,0.01,0.0,0,0,0,3.9,14.378408560914687
6-car / 2.5 min,"OFF-PEAK
(Low, Stable)",11.440267490715396,112.45278272724363,455,0,0.03297101449275363,0.7566666666666667,0.0,0,0,1,4.25,91.00536180459176
6-car / 2.5 min,"OFF-PEAK
(Low, Stable)",109.78196185582152,115.01272985145809,4,0,0.0002777777777777778,0.006666666666666667,0.0,0,0,0,3.9,11.218797457054768
6-car / 2.5 min,"OFF-PEAK
(Low, Stable)",6.919627355423742,71.4138361065634,67,0,0.004466666666666667,0.1,0.0,0,0,0,3.9,11.626917213556512
6-car / 2.5 min,"OFF-PEAK
(Low, Stable)",144.88605303397864,153.55143086692408,4,0,0.0002666666666666667,0.006666666666666667,0.0,0,0,0,3.9,13.559070202265243
6-car / 2.5 min,"OFF-PEAK
(Low, Stable)",15.901440605237655,22.250127515318706,486,0,0.035217391304347825,0.81,0.0,0,0,1,4.25,133.051668902425
6-car / 2.5 min,"OFF-PEAK
(Low, Stable)",15.668151975448446,21.947409706389315,469,0,0.03256944444444444,0.7816666666666666,0.0,0,0,0,3.9,126.37272127475535
6-car / 2.5 min,"OFF-PEAK
(Low, Stable)",17.765861419463818,23.72169578160955,487,0,0.032466666666666665,0.8116666666666666,0.0,0,0,0,3.9,148.09957518798132
6-car / 2.5 min,"OFF-PEAK
(Low, Stable)",15.885505732885093,22.04747865513191,472,0,0.032777777777777774,0.7866666666666666,0.0,0,0,0,3.9,128.8659784320294
6-car / 2.5 min,"OFF-PEAK
(Low, Stable)",126.01721739101318,132.6291206796672,5,0,0.0003333333333333333,0.008333333333333333,0.0,0,0,0,3.9,14.401434782584431
6-car / 2.5 min,"OFF-PEAK
(Low, Stable)",208.98280422333963,216.68659706611032,500,0,0.036231884057971016,0.8333333333333334,0.0,0,0,2,4.6,1746.12336852783
6-car / 2.5 min,"OFF-PEAK
(Low, Stable)",162.05149024519073,169.6449127559886,10,0,0.0006666666666666666,0.016666666666666666,0.0,0,0,1,4.25,31.25858170753179
6-car / 2.5 min,"OFF-PEAK
(Low, Stable)",7.12694138968095,108.48364354287624,63,0,0.0043749999999999995,0.09833333333333333,0.0,0,0,0,3.9,11.383288459164998
6-car / 2.5 min,"OFF-PEAK
(Low, Stable)",138.0755313119062,143.78775952780663,13,0,0.0009027777777777778,0.021666666666666667,0.0,0,0,0,3.9,33.81636511757968
6-car / 2.5 min,"OFF-PEAK
(Low, Stable)",6.619470527458578,160.30378686917953,307,0,0.021319444444444443,0.5033333333333333,0.0,0,0,0,3.9,37.769624198829725
6-car / 2.5 min,"OFF-PEAK
(Low, Stable)",137.1143308360946,145.22036951881572,9,0,0.0006,0.015,0.0,0,0,0,3.9,24.46714962541419
6-car / 2.5 min,"OFF-PEAK
(Low, Stable)",9.824521606106918,29.06787875724627,435,0,0.030208333333333334,0.72,0.0,0,0,0,3.9,75.12778164427516
6-car / 2.5 min,"OFF-PEAK
(Low, Stable)",70.47696629367442,74.17871127222772,5,0,0.0003333333333333333,0.008333333333333333,0.0,0,0,0,3.9,9.773080524472869
6-car / 2.5 min,"OFF-PEAK
(Low, Stable)",61.03360409113938,67.61864169036362,500,0,0.034722222222222224,0.8333333333333334,0.0,0,0,0,3.9,512.5133674261615
6-car / 2.5 min,"OFF-PEAK
(Low, Stable)",48.66654703105227,56.006073645741516,500,0,0.034722222222222224,0.8333333333333334,0.0,0,0,0,3.9,409.45455859210216
6-car / 2.5 min,"OFF-PEAK
(Low, Stable)",99.83859494446872,103.35865098409485,7,0,0.00048611111111111115,0.011666666666666667,0.0,0,0,1,4.25,15.897836076854684
6-car / 2.5 min,"OFF-PEAK
(Low, Stable)",131.8787717203025,136.3746899816979,13,0,0.0009027777777777778,0.021666666666666667,0.0,0,0,0,3.9,32.473733872732204
6-car / 2.5 min,"OFF-PEAK
(Low, Stable)",8.287143110508698,78.56786895422044,412,0,0.029855072463768114,0.6833333333333333,0.0,0,0,2,4.6,61.50504935882639
6-car / 2.5 min,"OFF-PEAK
(Low, Stable)",115.91705757516905,129.48185206789225,8,0,0.0005555555555555556,0.013333333333333334,0.0,0,0,1,4.25,19.705607676689205
6-car / 2.5 min,"OFF-PEAK
(Low, Stable)",127.83799546054465,131.9651969141018,8,0,0.0005333333333333334,0.013333333333333334,0.0,0,0,0,3.9,20.945066061405953
6-car / 2.5 min,"OFF-PEAK
(Low, Stable)",132.69280756148152,134.4127818930697,5,0,0.00036231884057971015,0.008333333333333333,0.0,0,0,1,4.25,15.307733963456794
6-car / 2.5 min,"OFF-PEAK
(Low, Stable)",126.06979861499711,131.95342698565116,12,0,0.0008333333333333334,0.02,0.0,0,0,0,3.9,29.11395972299942
6-car / 2.5 min,"OFF-PEAK
(Low, Stable)",119.51735792351853,125.2589227666567,9,0,0.0006,0.015,0.0,0,0,0,3.9,21.827603688527777
6-car / 2.5 min,"OFF-PEAK
(Low, Stable)",127.94109592400983,127.94109592400983,1,0,7.246376811594203e-05,0.0016666666666666668,0.0,0,0,2,4.6,6.732351598733497
6-car / 2.5 min,"OFF-PEAK
(Low, Stable)",113.17691853355987,124.8743221673875,5,0,0.0003333333333333333,0.008333333333333333,0.0,0,0,0,3.9,13.331409877796656
6-car / 2.5 min,"OFF-PEAK
(Low, Stable)",14.251693229090892,19.869415584399682,472,0,0.032777777777777774,0.7866666666666666,0.0,0,0,1,4.25,116.36332006884835
6-car / 2.5 min,"OFF-PEAK
(Low, Stable)",129.5149146077613,136.1643023594974,6,0,0.0004166666666666667,0.01,0.0,0,0,0,3.9,16.85149146077613
6-car / 2.5 min,"OFF-PEAK
(Low, Stable)",8.202712765590176,73.43503685323213,415,0,0.028819444444444443,0.69,0.0,0,0,1,4.25,60.98542996199872
6-car / 2.5 min,"OFF-PEAK
(Low, Stable)",58.13939057322394,64.96457909563982,500,0,0.034722222222222224,0.8333333333333334,0.0,0,0,0,3.9,488.39492144353284
6-car / 2.5 min,"OFF-PEAK
(Low, Stable)",36.0474447291296,39.2626438136005,3,0,0.00020833333333333335,0.005,0.0,0,0,0,3.9,5.70237223645648
6-car / 2.5 min,"OFF-PEAK
(Low, Stable)",99.52218176391595,106.12634337905624,5,0,0.0003333333333333333,0.008333333333333333,0.0,0,0,0,3.9,12.193515146992997
6-car / 2.5 min,"OFF-PEAK
(Low, Stable)",256.7846976810805,258.981677136608,5,0,0.00034722222222222224,0.008333333333333333,0.0,0,0,1,4.25,25.648724806756707
6-car / 2.5 min,"OFF-PEAK
(Low, Stable)",38.11953537257739,45.187582245875355,500,0,0.034722222222222224,0.8333333333333334,0.0,0,0,0,3.9,321.5627947714782
6-car / 2.5 min,"OFF-PEAK
(Low, Stable)",117.9187689850145,125.89936723936259,8,0,0.0005797101449275362,0.013333333333333334,0.0,0,0,2,4.6,20.322502531335267
6-car / 2.5 min,"OFF-PEAK
(Low, Stable)",149.71945162620088,156.29987887062958,7,0,0.00048611111111111115,0.011666666666666667,0.0,0,0,1,4.25,21.7172693563901
6-car / 2.5 min,"OFF-PEAK
(Low, Stable)",76.90772099886223,84.24421313739846,8,0,0.0005333333333333334,0.013333333333333334,0.0,0,0,0,3.9,14.154362799848299
6-car / 2.5 min,"OFF-PEAK
(Low, Stable)",22.645301013122314,29.170840703403897,494,0,0.034305555555555554,0.8233333333333334,0.0,0,0,0,3.9,190.34631167470704
6-car / 2.5 min,"OFF-PEAK
(Low, Stable)",6.67974000839748,81.33815357618674,388,0,0.026944444444444448,0.645,0.0,0,0,1,4.25,47.4456520543037
6-car / 2.5 min,"OFF-PEAK
(Low, Stable)",52.98104949419416,59.85434899222639,500,0,0.034722222222222224,0.8333333333333334,0.0,0,0,0,3.9,445.4087457849513
6-car / 2.5 min,"OFF-PEAK
(Low, Stable)",91.67301482728351,95.35138904020134,6,0,0.0004166666666666667,0.01,0.0,0,0,0,3.9,13.067301482728352
6-car / 2.5 min,"OFF-PEAK
(Low, Stable)",90.83837684408962,95.9048866501886,11,0,0.0007638888888888889,0.018333333333333333,0.0,0,0,0,3.9,20.55370242141643
6-car / 2.5 min,"OFF-PEAK
(Low, Stable)",105.65885980731275,113.86852571202259,10,0,0.0006944444444444445,0.016666666666666666,0.0,0,0,0,3.9,21.509809967885456
6-car / 2.5 min,"OFF-PEAK
(Low, Stable)",88.57186780629209,96.5998176032243,5,0,0.00036231884057971015,0.008333333333333333,0.0,0,0,1,4.25,11.630988983857673
6-car / 2.5 min,"OFF-PEAK
(Low, Stable)",59.92472681814691,64.01266983253736,5,0,0.00034722222222222224,0.008333333333333333,0.0,0,0,1,4.25,9.243727234845576
6-car / 2.5 min,"OFF-PEAK
(Low, Stable)",97.33526341746729,105.97490810377866,9,0,0.000625,0.015,0.0,0,0,0,3.9,18.500289512620093
6-car / 2.5 min,"OFF-PEAK
(Low, Stable)",21.297964681818666,28.145778683068702,491,0,0.032733333333333337,0.8183333333333334,0.0,0,0,0,3.9,178.18834431288275
6-car / 2.5 min,"OFF-PEAK
(Low, Stable)",9.440064174433868,14.266463136140738,434,0,0.030138888888888892,0.7233333333333334,0.0,0,0,0,3.9,72.18313086173832
6-car / 2.5 min,"OFF-PEAK
(Low, Stable)",93.78580451806437,99.99659686942536,6,0,0.0004347826086956522,0.01,0.0,0,0,1,4.25,13.628580451806437
6-car / 2.5 min,"OFF-PEAK
(Low, Stable)",130.55864723757156,136.4173362184119,9,0,0.000625,0.015,0.0,0,0,1,4.25,23.833797085635734
6-car / 2.5 min,"OFF-PEAK
(Low, Stable)",90.4095455984451,96.6478270884049,9,0,0.000625,0.015,0.0,0,0,0,3.9,17.461431839766764
6-car / 2.5 min,"OFF-PEAK
(Low, Stable)",15.935605069981026,98.34019320483617,467,0,0.033840579710144925,0.7766666666666666,0.0,0,0,1,4.25,128.282126128019
6-car / 2.5 min,"OFF-PEAK
(Low, Stable)",59.25575488409411,66.11810822086704,500,0,0.03333333333333333,0.8333333333333334,0.0,0,0,0,3.9,497.6979573674509
6-car / 2.5 min,"OFF-PEAK
(Low, Stable)",8.358047223427851,157.56191687773958,102,0,0.0068,0.16166666666666665,0.0,0,0,0,3.9,18.108680279827347
6-car / 2.5 min,"OFF-PEAK
(Low, Stable)",29.26550038328528,36.53293002198424,496,0,0.03306666666666667,0.8266666666666667,0.0,0,0,0,3.9,245.82813650182499
6-car / 2.5 min,"OFF-PEAK
(Low, Stable)",18.49885189269793,25.16421188206547,487,0,0.032466666666666665,0.8116666666666666,0.0,0,0,0,3.9,154.0490145290649
6-car / 2.5 min,"OFF-PEAK
(Low, Stable)",11.9807146214814,68.2499421592681,455,0,0.03159722222222223,0.7566666666666667,0.0,0,0,0,3.9,94.75375254623395
6-car / 2.5 min,"OFF-PEAK
(Low, Stable)",34.44275361188572,40.95528053318862,500,0,0.034722222222222224,0.8333333333333334,0.0,0,0,0,3.9,290.9229467657143
6-car / 2.5 min,"OFF-PEAK
(Low, Stable)",35.12253315038771,42.537907914663215,499,0,0.03326666666666667,0.8316666666666667,0.0,0,0,0,3.9,296.0024007007244
6-car / 2.5 min,"OFF-PEAK
(Low, Stable)",4.423205468488088,131.44878527040015,318,0,0.0212,0.5283333333333333,0.0,0,0,0,3.9,27.342988982986867
6-car / 2.5 min,"OFF-PEAK
(Low, Stable)",108.32445075377274,108.32445075377274,1,0,6.944444444444444e-05,0.0016666666666666668,0.0,0,0,0,3.9,5.7054075125628785
6-car / 2.5 min,"OFF-PEAK
(Low, Stable)",88.66551904493265,96.16413869547952,5,0,0.0003333333333333333,0.008333333333333333,0.0,0,0,0,3.9,11.288793253744387
6-car / 2.5 min,"OFF-PEAK
(Low, Stable)",14.486187694246771,20.62131861358268,471,0,0.03270833333333333,0.785,0.0,0,0,1,4.25,117.96657339983716
6-car / 2.5 min,"OFF-PEAK
(Low, Stable)",317.82443482503254,321.5073761254429,9,0,0.0006521739130434782,0.015,0.0,0,0,1,4.25,51.923665223754874
6-car / 2.5 min,"OFF-PEAK
(Low, Stable)",100.50761115433737,105.01629689240927,6,0,0.0004166666666666667,0.01,0.0,0,0,1,4.25,14.300761115433737
6-car / 2.5 min,"OFF-PEAK
(Low, Stable)",149.2862835449949,156.67593924517874,500,0,0.034722222222222224,0.8333333333333334,0.0,0,0,1,4.25,1248.3023628749575
6-car / 2.5 min,"OFF-PEAK
(Low, Stable)",33.646921688255055,40.80808496907158,500,0,0.03333333333333333,0.8333333333333334,0.0,0,0,0,3.9,284.2910140687921
6-car / 2.5 min,"OFF-PEAK
(Low, Stable)",23.071899165415054,29.68674390706173,486,0,0.032400000000000005,0.81,0.0,0,0,0,3.9,190.78238323986196
6-car / 2.5 min,"OFF-PEAK
(Low, Stable)",86.87725906236706,93.47926258472638,9,0,0.0006,0.015,0.0,0,0,0,3.9,16.93158885935506
6-car / 2.5 min,"OFF-PEAK
(Low, Stable)",29.497110132708535,36.48018980159396,495,0,0.0375,0.825,0.0,0,0,2,4.6,247.9511585948454
6-car / 2.5 min,"OFF-PEAK
(Low, Stable)",136.0302910518564,142.02742939244368,10,0,0.0006944444444444445,0.016666666666666666,0.0,0,0,1,4.25,26.921715175309405
6-car / 2.5 min,"OFF-PEAK
(Low, Stable)",26.58563887005282,33.090648574578104,493,0,0.03286666666666667,0.8216666666666667,0.0,0,0,0,3.9,222.34533271560068
6-car / 2.5 min,"OFF-PEAK
(Low, Stable)",138.3954295192382,149.59721403297684,7,0,0.00048611111111111115,0.011666666666666667,0.0,0,0,0,3.9,20.046133443911124
6-car / 2.5 min,"OFF-PEAK
(Low, Stable)",6.4787576143522,135.6971305493796,332,0,0.023055555555555555,0.545,0.0,0,0,0,3.9,39.74912546608218
6-car / 2.5 min,"OFF-PEAK
(Low, Stable)",115.0947390032838,119.5915135809792,3,0,0.00020833333333333335,0.005,0.0,0,0,0,3.9,9.65473695016419
6-car / 2.5 min,"NORMAL
(Moderate, Typical)",3.0454083964173506,4.175679077469512,600,1400,0.041666666666666664,1.0,0.0,0,0,0,3.9,2834.3540839641737
6-car / 2.5 min,"NORMAL
(Moderate, Typical)",42.763415889582845,43.878367371185185,600,1400,0.043478260869565216,1.0,0.0,0,0,1,4.25,3231.8841588958285
6-car / 2.5 min,"NORMAL
(Moderate, Typical)",0.0,0.0,0,0,0.0,0.0,0.0,0,0,1,4.25,4.25
6-car / 2.5 min,"NORMAL
(Moderate, Typical)",63.180552550831635,64.33228735132425,600,1400,0.04,1.0,0.0,0,0,0,3.9,3435.7055255083164
6-car / 2.5 min,"NORMAL
(Moderate, Typical)",0.0,0.0,0,0,0.0,0.0,0.0,0,0,0,3.9,3.9
6-car / 2.5 min,"NORMAL
(Moderate, Typical)",1.8812493830874262,3.048931287108952,600,1400,0.045454545454545456,1.0,0.0,0,0,2,4.6,2823.412493830874
6-car / 2.5 min,"NORMAL
(Moderate, Typical)",70.02669154642447,71.10443574952136,600,1400,0.04,1.0,0.0,0,0,0,3.9,3504.1669154642445
6-car / 2.5 min,"NORMAL
(Moderate, Typical)",3.1500953953135893,4.3705570737926,600,1400,0.04,1.0,0.0,0,0,0,3.9,2835.4009539531357
6-car / 2.5 min,"NORMAL
(Moderate, Typical)",0.0,0.0,0,0,0.0,0.0,0.0,0,0,1,4.25,4.25
6-car / 2.5 min,"NORMAL
(Moderate, Typical)",0.0,0.0,0,0,0.0,0.0,0.0,0,0,0,3.9,3.9
6-car / 2.5 min,"NORMAL
(Moderate, Typical)",0.0,0.0,0,0,0.0,0.0,0.0,0,0,0,3.9,3.9
6-car / 2.5 min,"NORMAL
(Moderate, Typical)",0.0,0.0,0,0,0.0,0.0,0.0,0,0,0,3.9,3.9
6-car / 2.5 min,"NORMAL
(Moderate, Typical)",0.0,0.0,0,0,0.0,0.0,0.0,0,0,0,3.9,3.9
6-car / 2.5 min,"NORMAL
(Moderate, Typical)",12.279996641057075,13.4277559520397,600,1400,0.041666666666666664,1.0,0.0,0,0,0,3.9,2926.6999664105706
6-car / 2.5 min,"NORMAL
(Moderate, Typical)",0.0,0.0,0,0,0.0,0.0,0.0,0,0,0,3.9,3.9
6-car / 2.5 min,"NORMAL
(Moderate, Typical)",19.480321240075362,20.57460484029487,600,1400,0.04,1.0,0.0,0,0,0,3.9,2998.7032124007537
6-car / 2.5 min,"NORMAL
(Moderate, Typical)",44.19553073664311,45.33689862741203,600,1400,0.043478260869565216,1.0,0.0,0,0,2,4.6,3246.555307366431
6-car / 2.5 min,"NORMAL
(Moderate, Typical)",22.691722986602393,23.816186379432736,600,1400,0.041666666666666664,1.0,0.0,0,0,0,3.9,3030.817229866024
6-car / 2.5 min,"NORMAL
(Moderate, Typical)",31.950301394015096,33.10030793218141,600,1400,0.041666666666666664,1.0,0.0,0,0,1,4.25,3123.753013940151
6-car / 2.5 min,"NORMAL
(Moderate, Typical)",30.031216826709528,31.14403443554007,600,1400,0.043478260869565216,1.0,0.0,0,0,2,4.6,3104.9121682670952
6-car / 2.5 min,"NORMAL
(Moderate, Typical)",95.91316840716252,97.02135742228005,600,1400,0.041666666666666664,1.0,0.0,0,0,0,3.9,3763.031684071625
6-car / 2.5 min,"NORMAL
(Moderate, Typical)",0.0,0.0,0,0,0.0,0.0,0.0,0,0,0,3.9,3.9
6-car / 2.5 min,"NORMAL
(Moderate, Typical)",0.0,0.0,0,0,0.0,0.0,0.0,0,0,2,4.6,4.6
6-car / 2.5 min,"NORMAL
(Moderate, Typical)",12.94016400235604,14.090346011073931,600,1400,0.04,1.0,0.0,0,0,0,3.9,2933.3016400235606
6-car / 2.5 min,"NORMAL
(Moderate, Typical)",8.210901833535974,9.328854204444541,600,1400,0.04,1.0,0.0,0,0,0,3.9,2886.0090183353595
6-car / 2.5 min,"NORMAL
(Moderate, Typical)",0.0,0.0,0,0,0.0,0.0,0.0,0,0,2,4.6,4.6
6-car / 2.5 min,"NORMAL
(Moderate, Typical)",10.392251412458396,11.528525655326662,600,1400,0.04,1.0,0.0,0,0,0,3.9,2907.822514124584
6-car / 2.5 min,"NORMAL
(Moderate, Typical)",0.0,0.0,0,0,0.0,0.0,0.0,0,0,1,4.25,4.25
6-car / 2.5 min,"NORMAL
(Moderate, Typical)",0.0,0.0,0,0,0.0,0.0,0.0,0,0,1,4.25,4.25
6-car / 2.5 min,"NORMAL
(Moderate, Typical)",0.0,0.0,0,0,0.0,0.0,0.0,0,0,1,4.25,4.25
6-car / 2.5 min,"NORMAL
(Moderate, Typical)",0.0,0.0,0,0,0.0,0.0,0.0,0,0,1,4.25,4.25
6-car / 2.5 min,"NORMAL
(Moderate, Typical)",0.0,0.0,0,0,0.0,0.0,0.0,0,0,1,4.25,4.25
6-car / 2.5 min,"NORMAL
(Moderate, Typical)",3.5043543031297473,4.691815479010315,600,1400,0.041666666666666664,1.0,0.0,0,0,1,4.25,2839.2935430312973
6-car / 2.5 min,"NORMAL
(Moderate, Typical)",4.06610300268471,5.217772701377945,600,1400,0.041666666666666664,1.0,0.0,0,0,0,3.9,2844.561030026847
6-car / 2.5 min,"NORMAL
(Moderate, Typical)",45.11081498225926,46.23289237623018,600,1400,0.04,1.0,0.0,0,0,0,3.9,3255.0081498225927
6-car / 2.5 min,"NORMAL
(Moderate, Typical)",78.02767327760336,79.16757155334346,600,1400,0.04,1.0,0.0,0,0,0,3.9,3584.1767327760335
6-car / 2.5 min,"NORMAL
(Moderate, Typical)",43.164077178784645,44.298662623768124,600,1400,0.041666666666666664,1.0,0.0,0,0,0,3.9,3235.5407717878466
6-car / 2.5 min,"NORMAL
(Moderate, Typical)",10.537816719652199,11.698393868277112,600,1400,0.041666666666666664,1.0,0.0,0,0,1,4.25,2909.628167196522
6-car / 2.5 min,"NORMAL
(Moderate, Typical)",1.9166330064500354,3.0533839686519357,600,1400,0.043478260869565216,1.0,0.0,0,0,2,4.6,2823.7663300645004
6-car / 2.5 min,"NORMAL
(Moderate, Typical)",172.7432069298081,173.86205026647562,600,1400,0.043478260869565216,1.0,0.0,0,0,1,4.25,4531.682069298081
6-car / 2.5 min,"NORMAL
(Moderate, Typical)",5.998244871461047,7.167266866051783,600,1400,0.043478260869565216,1.0,0.0,0,0,1,4.25,2864.2324487146107
6-car / 2.5 min,"NORMAL
(Moderate, Typical)",45.5267764769016,46.61265322209409,600,1400,0.043478260869565216,1.0,0.0,0,0,1,4.25,3259.517764769016
6-car / 2.5 min,"NORMAL
(Moderate, Typical)",0.0,0.0,0,0,0.0,0.0,0.0,0,0,1,4.25,4.25
6-car / 2.5 min,"NORMAL
(Moderate, Typical)",6.622438270393072,7.779787168398501,600,1400,0.045454545454545456,1.0,0.0,0,0,2,4.6,2870.8243827039305
6-car / 2.5 min,"NORMAL
(Moderate, Typical)",0.0,0.0,0,0,0.0,0.0,0.0,0,0,0,3.9,3.9
6-car / 2.5 min,"NORMAL
(Moderate, Typical)",9.033598379998645,10.128494665578106,600,1400,0.041666666666666664,1.0,0.0,0,0,0,3.9,2894.2359837999866
6-car / 2.5 min,"NORMAL
(Moderate, Typical)",0.0,0.0,0,0,0.0,0.0,0.0,0,0,0,3.9,3.9
6-car / 2.5 min,"NORMAL
(Moderate, Typical)",10.416972094863361,11.577873637338046,600,1400,0.041666666666666664,1.0,0.0,0,0,1,4.25,2908.4197209486338
6-car / 2.5 min,"NORMAL
(Moderate, Typical)",6.721444408144988,7.840039239298064,600,1400,0.041666666666666664,1.0,0.0,0,0,1,4.25,2871.46444408145
6-car / 2.5 min,"NORMAL
(Moderate, Typical)",22.078677623924087,23.233548300475878,600,1400,0.04,1.0,0.0,0,0,0,3.9,3024.6867762392408
6-car / 2.5 min,"NORMAL
(Moderate, Typical)",30.172094962512194,31.29659268642588,600,1400,0.04,1.0,0.0,0,0,0,3.9,3105.6209496251217
6-car / 2.5 min,"NORMAL
(Moderate, Typical)",0.0,0.0,0,0,0.0,0.0,0.0,0,0,1,4.25,4.25
6-car / 2.5 min,"NORMAL
(Moderate, Typical)",2.209783100050158,3.4262756244314287,600,1400,0.041666666666666664,1.0,0.0,0,0,0,3.9,2825.9978310005017
6-car / 2.5 min,"NORMAL
(Moderate, Typical)",6.74871493883601,7.911637128331205,600,1400,0.04,1.0,0.0,0,0,0,3.9,2871.3871493883603
6-car / 2.5 min,"NORMAL
(Moderate, Typical)",0.0,0.0,0,0,0.0,0.0,0.0,0,0,0,3.9,3.9
6-car / 2.5 min,"NORMAL
(Moderate, Typical)",12.689747011264945,13.796285466201882,600,1400,0.043478260869565216,1.0,0.0,0,0,1,4.25,2931.1474701126494
6-car / 2.5 min,"NORMAL
(Moderate, Typical)",10.38270528083765,11.533719119611122,600,1400,0.041666666666666664,1.0,0.0,0,0,0,3.9,2907.7270528083764
6-car / 2.5 min,"NORMAL
(Moderate, Typical)",32.906337014629244,34.11636337489938,600,1400,0.045454545454545456,1.0,0.0,0,0,2,4.6,3133.6633701462924
6-car / 2.5 min,"NORMAL
(Moderate, Typical)",21.766366120288893,22.8978382116649,600,1400,0.043478260869565216,1.0,0.0,0,0,2,4.6,3022.263661202889
6-car / 2.5 min,"NORMAL
(Moderate, Typical)",175.44826512388772,176.56066694368621,600,1400,0.045454545454545456,1.0,0.0,0,0,2,4.6,4559.082651238878
6-car / 2.5 min,"NORMAL
(Moderate, Typical)",0.0,0.0,0,0,0.0,0.0,0.0,0,0,0,3.9,3.9
6-car / 2.5 min,"NORMAL
(Moderate, Typical)",0.0,0.0,0,0,0.0,0.0,0.0,0,0,1,4.25,4.25
6-car / 2.5 min,"NORMAL
(Moderate, Typical)",39.833929595495185,40.92990504394665,600,1400,0.043478260869565216,1.0,0.0,0,0,1,4.25,3202.589295954952
6-car / 2.5 min,"NORMAL
(Moderate, Typical)",18.86223251491197,19.973496245232564,600,1400,0.041666666666666664,1.0,0.0,0,0,0,3.9,2992.5223251491198
6-car / 2.5 min,"NORMAL
(Moderate, Typical)",22.838685862724414,23.999895658284398,600,1400,0.041666666666666664,1.0,0.0,0,0,1,4.25,3032.6368586272442
6-car / 2.5 min,"NORMAL
(Moderate, Typical)",0.0,0.0,0,0,0.0,0.0,0.0,0,0,0,3.9,3.9
6-car / 2.5 min,"NORMAL
(Moderate, Typical)",14.775344770307353,15.867872633389327,600,1400,0.04,1.0,0.0,0,0,0,3.9,2951.6534477030737
6-car / 2.5 min,"NORMAL
(Moderate, Typical)",0.0,0.0,0,0,0.0,0.0,0.0,0,0,0,3.9,3.9
6-car / 2.5 min,"NORMAL
(Moderate, Typical)",31.713143161426913,32.81484280110539,600,1400,0.043478260869565216,1.0,0.0,0,0,1,4.25,3121.381431614269
6-car / 2.5 min,"NORMAL
(Moderate, Typical)",10.05435743113102,11.144252833390377,600,1400,0.043478260869565216,1.0,0.0,0,0,1,4.25,2904.7935743113103
6-car / 2.5 min,"NORMAL
(Moderate, Typical)",29.557775145113094,30.719927745453045,600,1400,0.043478260869565216,1.0,0.0,0,0,2,4.6,3100.177751451131
6-car / 2.5 min,"NORMAL
(Moderate, Typical)",24.774320025661375,25.92409398768596,600,1400,0.041666666666666664,1.0,0.0,0,0,0,3.9,3051.643200256614
6-car / 2.5 min,"NORMAL
(Moderate, Typical)",0.0,0.0,0,0,0.0,0.0,0.0,0,0,3,4.949999999999999,4.949999999999999
6-car / 2.5 min,"NORMAL
(Moderate, Typical)",0.7794603876055031,1.8777874189352823,596,0,0.041388888888888885,0.9933333333333333,0.0,0,0,1,4.25,11.992639850214664
6-car / 2.5 min,"NORMAL
(Moderate, Typical)",5.84971764641938,7.003796271129232,600,1400,0.04,1.0,0.0,0,0,0,3.9,2862.3971764641938
6-car / 2.5 min,"NORMAL
(Moderate, Typical)",0.0,0.0,0,0,0.0,0.0,0.0,0,0,3,4.949999999999999,4.949999999999999
6-car / 2.5 min,"NORMAL
(Moderate, Typical)",56.2635342262718,57.408067606264964,600,1400,0.041666666666666664,1.0,0.0,0,0,1,4.25,3366.885342262718
6-car / 2.5 min,"NORMAL
(Moderate, Typical)",0.0,0.0,0,0,0.0,0.0,0.0,0,0,1,4.25,4.25
6-car / 2.5 min,"NORMAL
(Moderate, Typical)",0.0,0.0,0,0,0.0,0.0,0.0,0,0,0,3.9,3.9
6-car / 2.5 min,"NORMAL
(Moderate, Typical)",9.537995908616004,10.646017278792646,600,1400,0.043478260869565216,1.0,0.0,0,0,1,4.25,2899.62995908616
6-car / 2.5 min,"NORMAL
(Moderate, Typical)",5.387040054139044,6.558021975493214,600,1400,0.04,1.0,0.0,0,0,0,3.9,2857.7704005413902
6-car / 2.5 min,"NORMAL
(Moderate, Typical)",23.203887744684877,24.360793474316385,600,1400,0.04,1.0,0.0,0,0,0,3.9,3035.938877446849
6-car / 2.5 min,"NORMAL
(Moderate, Typical)",0.7316754237742045,1.8109755686223679,578,0,0.04188405797101449,0.9633333333333334,0.0,0,0,2,4.6,11.648473249024835
6-car / 2.5 min,"NORMAL
(Moderate, Typical)",0.0,0.0,0,0,0.0,0.0,0.0,0,0,0,3.9,3.9
6-car / 2.5 min,"NORMAL
(Moderate, Typical)",23.126765752401656,24.262186769494377,600,1400,0.041666666666666664,1.0,0.0,0,0,0,3.9,3035.1676575240167
6-car / 2.5 min,"NORMAL
(Moderate, Typical)",17.645538681857378,18.77227280399606,600,1400,0.04,1.0,0.0,0,0,0,3.9,2980.3553868185736
6-car / 2.5 min,"NORMAL
(Moderate, Typical)",0.0,0.0,0,0,0.0,0.0,0.0,0,0,2,4.6,4.6
6-car / 2.5 min,"NORMAL
(Moderate, Typical)",21.698354976560076,22.794763599565382,600,1400,0.041666666666666664,1.0,0.0,0,0,0,3.9,3020.883549765601
6-car / 2.5 min,"NORMAL
(Moderate, Typical)",19.013867542244665,20.087264408253375,600,1400,0.04,1.0,0.0,0,0,0,3.9,2994.0386754224464
6-car / 2.5 min,"NORMAL
(Moderate, Typical)",0.0,0.0,0,0,0.0,0.0,0.0,0,0,1,4.25,4.25
6-car / 2.5 min,"NORMAL
(Moderate, Typical)",0.0,0.0,0,0,0.0,0.0,0.0,0,0,0,3.9,3.9
6-car / 2.5 min,"NORMAL
(Moderate, Typical)",0.0,0.0,0,0,0.0,0.0,0.0,0,0,2,4.6,4.6
6-car / 2.5 min,"NORMAL
(Moderate, Typical)",55.697456395661675,56.852742722285605,600,1400,0.041666666666666664,1.0,0.0,0,0,1,4.25,3361.2245639566167
6-car / 2.5 min,"NORMAL
(Moderate, Typical)",68.01198985854059,69.13060170252973,600,1400,0.04,1.0,0.0,0,0,0,3.9,3484.019898585406
6-car / 2.5 min,"NORMAL
(Moderate, Typical)",4.828133748994948,5.969004221684744,600,1400,0.041666666666666664,1.0,0.0,0,0,1,4.25,2852.5313374899497
6-car / 2.5 min,"NORMAL
(Moderate, Typical)",0.0,0.0,0,0,0.0,0.0,0.0,0,0,1,4.25,4.25
6-car / 2.5 min,"NORMAL
(Moderate, Typical)",41.5022943125998,42.61258254791953,600,1400,0.041666666666666664,1.0,0.0,0,0,0,3.9,3218.922943125998
6-car / 2.5 min,"NORMAL
(Moderate, Typical)",8.79699849096189,9.937111798808015,600,1400,0.043478260869565216,1.0,0.0,0,0,1,4.25,2892.2199849096187
6-car / 2.5 min,"NORMAL
(Moderate, Typical)",0.0,0.0,0,0,0.0,0.0,0.0,0,0,2,4.6,4.6
6-car / 2.5 min,"NORMAL
(Moderate, Typical)",0.0,0.0,0,0,0.0,0.0,0.0,0,0,1,4.25,4.25
6-car / 2.5 min,"PEAK
(High, Busy)",0.0,0.0,0,0,0.0,0.0,0.0,0,0,1,4.25,4.25
6-car / 2.5 min,"PEAK
(High, Busy)",198.66127289323504,199.04245382634065,600,3400,0.043478260869565216,1.0,0.0,0,0,3,4.949999999999999,8791.562728932351
6-car / 2.5 min,"PEAK
(High, Busy)",14.097405364043793,14.468422560405644,600,3400,0.04,1.0,0.0,0,0,0,3.9,6944.8740536404375
6-car / 2.5 min,"PEAK
(High, Busy)",0.0,0.0,0,0,0.0,0.0,0.0,0,0,0,3.9,3.9
6-car / 2.5 min,"PEAK
(High, Busy)",16.360405729502503,16.730956016787978,600,3400,0.041666666666666664,1.0,0.0,0,0,0,3.9,6967.504057295025
6-car / 2.5 min,"PEAK
(High, Busy)",0.0,0.0,0,0,0.0,0.0,0.0,0,0,1,4.25,4.25
6-car / 2.5 min,"PEAK
(High, Busy)",0.0,0.0,0,0,0.0,0.0,0.0,0,0,0,3.9,3.9
6-car / 2.5 min,"PEAK
(High, Busy)",0.0,0.0,0,0,0.0,0.0,0.0,0,0,0,3.9,3.9
6-car / 2.5 min,"PEAK
(High, Busy)",186.50139853416482,186.87374229755437,600,3400,0.045454545454545456,1.0,0.0,0,0,2,4.6,8669.613985341648
6-car / 2.5 min,"PEAK
(High, Busy)",0.0,0.0,0,0,0.0,0.0,0.0,0,0,0,3.9,3.9
6-car / 2.5 min,"PEAK
(High, Busy)",0.0,0.0,0,0,0.0,0.0,0.0,0,0,1,4.25,4.25
6-car / 2.5 min,"PEAK
(High, Busy)",22.70033195522217,23.063927544446305,600,3400,0.04,1.0,0.0,0,0,0,3.9,7030.903319552222
6-car / 2.5 min,"PEAK
(High, Busy)",0.0,0.0,0,0,0.0,0.0,0.0,0,0,0,3.9,3.9
6-car / 2.5 min,"PEAK
(High, Busy)",0.0,0.0,0,0,0.0,0.0,0.0,0,0,0,3.9,3.9
6-car / 2.5 min,"PEAK
(High, Busy)",0.0,0.0,0,0,0.0,0.0,0.0,0,0,0,3.9,3.9
6-car / 2.5 min,"PEAK
(High, Busy)",0.0,0.0,0,0,0.0,0.0,0.0,0,0,1,4.25,4.25
6-car / 2.5 min,"PEAK
(High, Busy)",41.075912029014994,41.44399561976824,600,3400,0.041666666666666664,1.0,0.0,0,0,0,3.9,7214.65912029015
6-car / 2.5 min,"PEAK
(High, Busy)",170.4881674616552,170.85846957540394,600,3400,0.043478260869565216,1.0,0.0,0,0,1,4.25,8509.131674616552
6-car / 2.5 min,"PEAK
(High, Busy)",13.644731687373849,13.981801335123675,600,3400,0.04,1.0,0.0,0,0,0,3.9,6940.347316873738
6-car / 2.5 min,"PEAK
(High, Busy)",25.986663395708838,26.369828128250603,600,3400,0.043478260869565216,1.0,0.0,0,0,2,4.6,7064.466633957089
6-car / 2.5 min,"PEAK
(High, Busy)",0.0,0.0,0,0,0.0,0.0,0.0,0,0,2,4.6,4.6
6-car / 2.5 min,"PEAK
(High, Busy)",9.637067219937244,10.010021245778233,600,3400,0.041666666666666664,1.0,0.0,0,0,0,3.9,6900.270672199373
6-car / 2.5 min,"PEAK
(High, Busy)",0.0,0.0,0,0,0.0,0.0,0.0,0,0,1,4.25,4.25
6-car / 2.5 min,"PEAK
(High, Busy)",0.0,0.0,0,0,0.0,0.0,0.0,0,0,0,3.9,3.9
6-car / 2.5 min,"PEAK
(High, Busy)",34.9927561781357,35.34906623278737,600,3400,0.043478260869565216,1.0,0.0,0,0,1,4.25,7154.177561781357
6-car / 2.5 min,"PEAK
(High, Busy)",0.0,0.0,0,0,0.0,0.0,0.0,0,0,0,3.9,3.9
6-car / 2.5 min,"PEAK
(High, Busy)",33.20208517360461,33.57200325223611,600,3400,0.041666666666666664,1.0,0.0,0,0,0,3.9,7135.920851736046
6-car / 2.5 min,"PEAK
(High, Busy)",0.0,0.0,0,0,0.0,0.0,0.0,0,0,1,4.25,4.25
6-car / 2.5 min,"PEAK
(High, Busy)",55.3318372385301,55.71669958393012,600,3400,0.043478260869565216,1.0,0.0,0,0,1,4.25,7357.568372385301
6-car / 2.5 min,"PEAK
(High, Busy)",21.004641273747758,21.36894068339302,600,3400,0.043478260869565216,1.0,0.0,0,0,1,4.25,7014.296412737478
6-car / 2.5 min,"PEAK
(High, Busy)",0.0,0.0,0,0,0.0,0.0,0.0,0,0,2,4.6,4.6
6-car / 2.5 min,"PEAK
(High, Busy)",53.25616164464451,53.62258126064991,600,3400,0.043478260869565216,1.0,0.0,0,0,1,4.25,7336.811616446445
6-car / 2.5 min,"PEAK
(High, Busy)",21.961532353732945,22.33118464478447,600,3400,0.04,1.0,0.0,0,0,0,3.9,7023.515323537329
6-car / 2.5 min,"PEAK
(High, Busy)",0.0,0.0,0,0,0.0,0.0,0.0,0,0,0,3.9,3.9
6-car / 2.5 min,"PEAK
(High, Busy)",0.0,0.0,0,0,0.0,0.0,0.0,0,0,2,4.6,4.6
6-car / 2.5 min,"PEAK
(High, Busy)",0.0774909306276769,0.20154418304305352,104,0,0.007536231884057971,0.17333333333333334,0.0,0,0,1,4.25,4.3843176130879735
6-car / 2.5 min,"PEAK
(High, Busy)",33.29705720270676,33.67713038720888,600,3400,0.041666666666666664,1.0,0.0,0,0,1,4.25,7137.220572027068
6-car / 2.5 min,"PEAK
(High, Busy)",0.768109283667771,1.134178193909186,600,3400,0.04,1.0,0.0,0,0,0,3.9,6811.581092836677
6-car / 2.5 min,"PEAK
(High, Busy)",0.0,0.0,0,0,0.0,0.0,0.0,0,0,2,4.6,4.6
6-car / 2.5 min,"PEAK
(High, Busy)",0.0,0.0,0,0,0.0,0.0,0.0,0,0,1,4.25,4.25
6-car / 2.5 min,"PEAK
(High, Busy)",14.741568769943969,15.112104412473125,600,3400,0.041666666666666664,1.0,0.0,0,0,1,4.25,6951.665687699439
6-car / 2.5 min,"PEAK
(High, Busy)",19.27237978550596,19.640131045232305,600,3400,0.043478260869565216,1.0,0.0,0,0,3,4.949999999999999,6997.67379785506
6-car / 2.5 min,"PEAK
(High, Busy)",0.0,0.0,0,0,0.0,0.0,0.0,0,0,0,3.9,3.9
6-car / 2.5 min,"PEAK
(High, Busy)",20.927648825754595,21.317292197265658,600,3400,0.041666666666666664,1.0,0.0,0,0,0,3.9,7013.176488257546
6-car / 2.5 min,"PEAK
(High, Busy)",20.83165072654731,21.17112589053273,600,3400,0.045454545454545456,1.0,0.0,0,0,2,4.6,7012.916507265473
6-car / 2.5 min,"PEAK
(High, Busy)",0.0,0.0,0,0,0.0,0.0,0.0,0,0,1,4.25,4.25
6-car / 2.5 min,"PEAK
(High, Busy)",0.0,0.0,0,0,0.0,0.0,0.0,0,0,0,3.9,3.9
6-car / 2.5 min,"PEAK
(High, Busy)",9.114251786278823,9.48428782205113,600,3400,0.041666666666666664,1.0,0.0,0,0,0,3.9,6895.042517862788
6-car / 2.5 min,"PEAK
(High, Busy)",5.790857617674644,6.155201447680532,600,3400,0.045454545454545456,1.0,0.0,0,0,3,4.949999999999999,6862.858576176746
6-car / 2.5 min,"PEAK
(High, Busy)",12.49490326008679,12.855726498597626,600,3400,0.041666666666666664,1.0,0.0,0,0,0,3.9,6928.849032600868
6-car / 2.5 min,"PEAK
(High, Busy)",96.11141535266064,96.47502674783243,600,3400,0.041666666666666664,1.0,0.0,0,0,1,4.25,7765.364153526607
6-car / 2.5 min,"PEAK
(High, Busy)",169.65499250664928,170.02369645394825,600,3400,0.043478260869565216,1.0,0.0,0,0,2,4.6,8501.149925066493
6-car / 2.5 min,"PEAK
(High, Busy)",0.0,0.0,0,0,0.0,0.0,0.0,0,0,1,4.25,4.25
6-car / 2.5 min,"PEAK
(High, Busy)",0.0,0.0,0,0,0.0,0.0,0.0,0,0,1,4.25,4.25
6-car / 2.5 min,"PEAK
(High, Busy)",26.016494268490096,26.371169427700895,600,3400,0.04,1.0,0.0,0,0,0,3.9,7064.064942684901
6-car / 2.5 min,"PEAK
(High, Busy)",26.480599777124063,26.854803678970057,600,3400,0.043478260869565216,1.0,0.0,0,0,1,4.25,7069.055997771241
6-car / 2.5 min,"PEAK
(High, Busy)",7.526637860240992,7.8764729666382785,600,3400,0.043478260869565216,1.0,0.0,0,0,2,4.6,6879.86637860241
6-car / 2.5 min,"PEAK
(High, Busy)",3.6213102150692102,3.9967077580855714,600,3400,0.04,1.0,0.0,0,0,0,3.9,6840.113102150692
6-car / 2.5 min,"PEAK
(High, Busy)",150.75955825226038,151.14166730646832,600,3400,0.043478260869565216,1.0,0.0,0,0,1,4.25,8311.845582522605
6-car / 2.5 min,"PEAK
(High, Busy)",0.0,0.0,0,0,0.0,0.0,0.0,0,0,1,4.25,4.25
6-car / 2.5 min,"PEAK
(High, Busy)",112.57488186356959,112.92588457195804,600,3400,0.047619047619047616,1.0,0.0,0,0,3,4.949999999999999,7930.698818635696
6-car / 2.5 min,"PEAK
(High, Busy)",19.731296621761544,20.09094907316222,600,3400,0.043478260869565216,1.0,0.0,0,0,1,4.25,7001.562966217615
6-car / 2.5 min,"PEAK
(High, Busy)",0.0553109478230462,0.13406882438110984,61,0,0.0046212121212121215,0.10166666666666667,0.0,0,0,2,4.6,4.65623279695343
6-car / 2.5 min,"PEAK
(High, Busy)",0.0,0.0,0,0,0.0,0.0,0.0,0,0,1,4.25,4.25
6-car / 2.5 min,"PEAK
(High, Busy)",17.853244429069765,18.22347439146145,600,3400,0.041666666666666664,1.0,0.0,0,0,0,3.9,6982.432444290697
6-car / 2.5 min,"PEAK
(High, Busy)",0.0,0.0,0,0,0.0,0.0,0.0,0,0,0,3.9,3.9
6-car / 2.5 min,"PEAK
(High, Busy)",20.018829293581827,20.40253396600616,600,3400,0.041666666666666664,1.0,0.0,0,0,0,3.9,7004.088292935819
6-car / 2.5 min,"PEAK
(High, Busy)",0.0,0.0,0,0,0.0,0.0,0.0,0,0,1,4.25,4.25
6-car / 2.5 min,"PEAK
(High, Busy)",0.0,0.0,0,0,0.0,0.0,0.0,0,0,1,4.25,4.25
6-car / 2.5 min,"PEAK
(High, Busy)",0.0,0.0,0,0,0.0,0.0,0.0,0,0,2,4.6,4.6
6-car / 2.5 min,"PEAK
(High, Busy)",0.0,0.0,0,0,0.0,0.0,0.0,0,0,2,4.6,4.6
6-car / 2.5 min,"PEAK
(High, Busy)",0.0,0.0,0,0,0.0,0.0,0.0,0,0,0,3.9,3.9
6-car / 2.5 min,"PEAK
(High, Busy)",23.050489728523914,23.417217764501185,600,3400,0.04,1.0,0.0,0,0,0,3.9,7034.404897285239
6-car / 2.5 min,"PEAK
(High, Busy)",23.136345044006486,23.49546823982297,600,3400,0.04,1.0,0.0,0,0,0,3.9,7035.263450440065
6-car / 2.5 min,"PEAK
(High, Busy)",0.0,0.0,0,0,0.0,0.0,0.0,0,0,0,3.9,3.9
6-car / 2.5 min,"PEAK
(High, Busy)",155.273520526668,155.64603357141826,600,3400,0.041666666666666664,1.0,0.0,0,0,1,4.25,8356.98520526668
6-car / 2.5 min,"PEAK
(High, Busy)",6.239766435944207,6.5928259717944595,600,3400,0.041666666666666664,1.0,0.0,0,0,0,3.9,6866.297664359442
6-car / 2.5 min,"PEAK
(High, Busy)",0.0,0.0,0,0,0.0,0.0,0.0,0,0,0,3.9,3.9
6-car / 2.5 min,"PEAK
(High, Busy)",22.85651377437532,23.232776246700112,600,3400,0.043478260869565216,1.0,0.0,0,0,2,4.6,7033.165137743753
6-car / 2.5 min,"PEAK
(High, Busy)",0.0,0.0,0,0,0.0,0.0,0.0,0,0,0,3.9,3.9
6-car / 2.5 min,"PEAK
(High, Busy)",0.0,0.0,0,0,0.0,0.0,0.0,0,0,3,4.949999999999999,4.949999999999999
6-car / 2.5 min,"PEAK
(High, Busy)",31.007453680857815,31.371822670243162,600,3400,0.041666666666666664,1.0,0.0,0,0,1,4.25,7114.324536808578
6-car / 2.5 min,"PEAK
(High, Busy)",23.757210397107556,24.123512889286285,600,3400,0.04,1.0,0.0,0,0,0,3.9,7041.472103971076
6-car / 2.5 min,"PEAK
(High, Busy)",68.2592237874084,68.6288822937827,600,3400,0.043478260869565216,1.0,0.0,0,0,2,4.6,7487.192237874084
6-car / 2.5 min,"PEAK
(High, Busy)",11.827721797148307,12.207709562915952,600,3400,0.04,1.0,0.0,0,0,0,3.9,6922.177217971483
6-car / 2.5 min,"PEAK
(High, Busy)",0.0,0.0,0,0,0.0,0.0,0.0,0,0,0,3.9,3.9
6-car / 2.5 min,"PEAK
(High, Busy)",0.0,0.0,0,0,0.0,0.0,0.0,0,0,1,4.25,4.25
6-car / 2.5 min,"PEAK
(High, Busy)",0.0,0.0,0,0,0.0,0.0,0.0,0,0,1,4.25,4.25
6-car / 2.5 min,"PEAK
(High, Busy)",64.72946093536787,65.10907626247877,600,3400,0.041666666666666664,1.0,0.0,0,0,0,3.9,7451.194609353679
6-car / 2.5 min,"PEAK
(High, Busy)",0.0,0.0,0,0,0.0,0.0,0.0,0,0,1,4.25,4.25
6-car / 2.5 min,"PEAK
(High, Busy)",0.0,0.0,0,0,0.0,0.0,0.0,0,0,1,4.25,4.25
6-car / 2.5 min,"PEAK
(High, Busy)",10.743207836426851,11.096765098844216,600,3400,0.04,1.0,0.0,0,0,0,3.9,6911.332078364268
6-car / 2.5 min,"PEAK
(High, Busy)",198.2835880547188,198.6620339940589,600,3400,0.041666666666666664,1.0,0.0,0,0,1,4.25,8787.085880547187
6-car / 2.5 min,"PEAK
(High, Busy)",0.0,0.0,0,0,0.0,0.0,0.0,0,0,1,4.25,4.25
6-car / 2.5 min,"PEAK
(High, Busy)",6.374613293274649,6.7370200721682965,600,3400,0.041666666666666664,1.0,0.0,0,0,1,4.25,6867.996132932746
6-car / 2.5 min,"PEAK
(High, Busy)",8.558502111343305,8.914825475628732,600,3400,0.04,1.0,0.0,0,0,0,3.9,6889.485021113433
6-car / 2.5 min,"PEAK
(High, Busy)",0.0,0.0,0,0,0.0,0.0,0.0,0,0,0,3.9,3.9
6-car / 2.5 min,"PEAK
(High, Busy)",0.0,0.0,0,0,0.0,0.0,0.0,0,0,0,3.9,3.9
6-car / 2.5 min,"PEAK
(High, Busy)",1.133788879409108,1.4837414483849924,600,3400,0.04,1.0,0.0,0,0,0,3.9,6815.237888794091
6-car / 2.5 min,"PEAK
(High, Busy)",50.57621503715103,50.94767213666721,600,3400,0.041666666666666664,1.0,0.0,0,0,1,4.25,7310.01215037151
6-car / 2.5 min,"SURGE
(Very High)",63.68909677386594,63.892722262157314,600,5400,0.04,1.0,0.0,0,0,0,3.9,11440.79096773866
6-car / 2.5 min,"SURGE
(Very High)",21.499211459844258,21.697002518318115,600,5400,0.04,1.0,0.0,0,0,0,3.9,11018.892114598442
6-car / 2.5 min,"SURGE
(Very High)",1.2053464677316443,1.4025914412096605,600,5400,0.041666666666666664,1.0,0.0,0,0,0,3.9,10815.953464677317
6-car / 2.5 min,"SURGE
(Very High)",38.4584198502137,38.65746972578881,600,5400,0.041666666666666664,1.0,0.0,0,0,1,4.25,11188.834198502136
6-car / 2.5 min,"SURGE
(Very High)",6.87638122897967,7.054221825115242,600,5400,0.041666666666666664,1.0,0.0,0,0,0,3.9,10872.663812289797
6-car / 2.5 min,"SURGE
(Very High)",10.837769241414454,11.025213849424185,600,5400,0.041666666666666664,1.0,0.0,0,0,0,3.9,10912.277692414145
6-car / 2.5 min,"SURGE
(Very High)",7.323372903657652,7.502757443547484,600,5400,0.041666666666666664,1.0,0.0,0,0,1,4.25,10877.483729036576
6-car / 2.5 min,"SURGE
(Very High)",0.03783123958906214,0.08719794963416232,62,0,0.004920634920634921,0.10333333333333333,0.0,0,0,3,4.949999999999999,4.989092280908697
6-car / 2.5 min,"SURGE
(Very High)",0.0,0.0,0,0,0.0,0.0,0.0,0,0,1,4.25,4.25
6-car / 2.5 min,"SURGE
(Very High)",8.022927437362501,8.229810730099821,600,5400,0.04,1.0,0.0,0,0,0,3.9,10884.129274373625
6-car / 2.5 min,"SURGE
(Very High)",0.0,0.0,0,0,0.0,0.0,0.0,0,0,0,3.9,3.9
6-car / 2.5 min,"SURGE
(Very High)",16.526745067670475,16.73433070867688,600,5400,0.043478260869565216,1.0,0.0,0,0,1,4.25,10969.517450676705
6-car / 2.5 min,"SURGE
(Very High)",0.0,0.0,0,0,0.0,0.0,0.0,0,0,1,4.25,4.25
6-car / 2.5 min,"SURGE
(Very High)",66.2515068852022,66.44471652654056,600,5400,0.045454545454545456,1.0,0.0,0,0,2,4.6,11467.115068852023
6-car / 2.5 min,"SURGE
(Very High)",0.0,0.0,0,0,0.0,0.0,0.0,0,0,0,3.9,3.9
6-car / 2.5 min,"SURGE
(Very High)",0.0,0.0,0,0,0.0,0.0,0.0,0,0,1,4.25,4.25
6-car / 2.5 min,"SURGE
(Very High)",0.0,0.0,0,0,0.0,0.0,0.0,0,0,4,5.3,5.3
6-car / 2.5 min,"SURGE
(Very High)",0.0,0.0,0,0,0.0,0.0,0.0,0,0,0,3.9,3.9
6-car / 2.5 min,"SURGE
(Very High)",0.0,0.0,0,0,0.0,0.0,0.0,0,0,1,4.25,4.25
6-car / 2.5 min,"SURGE
(Very High)",27.638123132142038,27.827783927921175,600,5400,0.041666666666666664,1.0,0.0,0,0,1,4.25,11080.63123132142
6-car / 2.5 min,"SURGE
(Very High)",10.430398030187149,10.619368422152645,600,5400,0.043478260869565216,1.0,0.0,0,0,2,4.6,10908.903980301871
6-car / 2.5 min,"SURGE
(Very High)",11.821387347005547,12.009900453652437,600,5400,0.041666666666666664,1.0,0.0,0,0,1,4.25,10922.463873470055
6-car / 2.5 min,"SURGE
(Very High)",0.0,0.0,0,0,0.0,0.0,0.0,0,0,0,3.9,3.9
6-car / 2.5 min,"SURGE
(Very High)",0.0,0.0,0,0,0.0,0.0,0.0,0,0,1,4.25,4.25
6-car / 2.5 min,"SURGE
(Very High)",0.0,0.0,0,0,0.0,0.0,0.0,0,0,0,3.9,3.9
6-car / 2.5 min,"SURGE
(Very High)",48.689451835347995,48.88834987927322,600,5400,0.041666666666666664,1.0,0.0,0,0,0,3.9,11290.79451835348
6-car / 2.5 min,"SURGE
(Very High)",14.03521696783375,14.24119470418023,600,5400,0.04,1.0,0.0,0,0,0,3.9,10944.252169678337
6-car / 2.5 min,"SURGE
(Very High)",0.0,0.0,0,0,0.0,0.0,0.0,0,0,0,3.9,3.9
6-car / 2.5 min,"SURGE
(Very High)",33.94253525737219,34.15167799018163,600,5400,0.043478260869565216,1.0,0.0,0,0,1,4.25,11143.675352573722
6-car / 2.5 min,"SURGE
(Very High)",24.14667643206638,24.346440465270824,600,5400,0.04,1.0,0.0,0,0,0,3.9,11045.366764320665
6-car / 2.5 min,"SURGE
(Very High)",0.0,0.0,0,0,0.0,0.0,0.0,0,0,1,4.25,4.25
6-car / 2.5 min,"SURGE
(Very High)",24.785114366508143,24.97163927615387,600,5400,0.041666666666666664,1.0,0.0,0,0,1,4.25,11052.10114366508
6-car / 2.5 min,"SURGE
(Very High)",0.0,0.0,0,0,0.0,0.0,0.0,0,0,0,3.9,3.9
6-car / 2.5 min,"SURGE
(Very High)",16.92925645161971,17.125754118988095,600,5400,0.041666666666666664,1.0,0.0,0,0,0,3.9,10973.192564516197
6-car / 2.5 min,"SURGE
(Very High)",5.783745674825728,5.989164822878179,600,5400,0.04,1.0,0.0,0,0,0,3.9,10861.737456748257
6-car / 2.5 min,"SURGE
(Very High)",27.234441339871502,27.429169513403384,600,5400,0.043478260869565216,1.0,0.0,0,0,1,4.25,11076.594413398714
6-car / 2.5 min,"SURGE
(Very High)",0.0,0.0,0,0,0.0,0.0,0.0,0,0,1,4.25,4.25
6-car / 2.5 min,"SURGE
(Very High)",0.0,0.0,0,0,0.0,0.0,0.0,0,0,0,3.9,3.9
6-car / 2.5 min,"SURGE
(Very High)",2.432098859671372,2.626753913839159,600,5400,0.04,1.0,0.0,0,0,0,3.9,10828.220988596713
6-car / 2.5 min,"SURGE
(Very High)",0.0,0.0,0,0,0.0,0.0,0.0,0,0,1,4.25,4.25
6-car / 2.5 min,"SURGE
(Very High)",0.0,0.0,0,0,0.0,0.0,0.0,0,0,0,3.9,3.9
6-car / 2.5 min,"SURGE
(Very High)",0.0,0.0,0,0,0.0,0.0,0.0,0,0,0,3.9,3.9
6-car / 2.5 min,"SURGE
(Very High)",0.0,0.0,0,0,0.0,0.0,0.0,0,0,0,3.9,3.9
6-car / 2.5 min,"SURGE
(Very High)",0.0,0.0,0,0,0.0,0.0,0.0,0,0,0,3.9,3.9
6-car / 2.5 min,"SURGE
(Very High)",64.57321149936206,64.76504579447696,600,5400,0.041666666666666664,1.0,0.0,0,0,0,3.9,11449.632114993621
6-car / 2.5 min,"SURGE
(Very High)",54.035911231556916,54.23085666463318,600,5400,0.04,1.0,0.0,0,0,0,3.9,11344.259112315569
6-car / 2.5 min,"SURGE
(Very High)",18.743225723487328,18.93330786047765,600,5400,0.041666666666666664,1.0,0.0,0,0,0,3.9,10991.332257234873
6-car / 2.5 min,"SURGE
(Very High)",0.0,0.0,0,0,0.0,0.0,0.0,0,0,0,3.9,3.9
6-car / 2.5 min,"SURGE
(Very High)",14.897192885606401,15.083272698304942,600,5400,0.04,1.0,0.0,0,0,0,3.9,10952.871928856064
6-car / 2.5 min,"SURGE
(Very High)",142.19488987185525,142.38735911281407,600,5400,0.041666666666666664,1.0,0.0,0,0,1,4.25,12226.198898718552
6-car / 2.5 min,"SURGE
(Very High)",99.93672867231527,100.13195153033467,600,5400,0.041666666666666664,1.0,0.0,0,0,0,3.9,11803.267286723152
6-car / 2.5 min,"SURGE
(Very High)",0.0,0.0,0,0,0.0,0.0,0.0,0,0,2,4.6,4.6
6-car / 2.5 min,"SURGE
(Very High)",23.139279186559254,23.33897739211988,600,5400,0.045454545454545456,1.0,0.0,0,0,3,4.949999999999999,11036.342791865593
6-car / 2.5 min,"SURGE
(Very High)",62.53884757088069,62.74358119871622,600,5400,0.04,1.0,0.0,0,0,0,3.9,11429.288475708807
6-car / 2.5 min,"SURGE
(Very High)",0.0,0.0,0,0,0.0,0.0,0.0,0,0,0,3.9,3.9
6-car / 2.5 min,"SURGE
(Very High)",0.35309407062556925,0.5522181142111522,600,5400,0.041666666666666664,1.0,0.0,0,0,0,3.9,10807.430940706256
6-car / 2.5 min,"SURGE
(Very High)",32.91666609116107,33.12329275729408,600,5400,0.041666666666666664,1.0,0.0,0,0,0,3.9,11133.06666091161
6-car / 2.5 min,"SURGE
(Very High)",0.0,0.0,0,0,0.0,0.0,0.0,0,0,2,4.6,4.6
6-car / 2.5 min,"SURGE
(Very High)",4.1760832216835775,4.371856303686056,600,5400,0.04,1.0,0.0,0,0,0,3.9,10845.660832216836
6-car / 2.5 min,"SURGE
(Very High)",0.0,0.0,0,0,0.0,0.0,0.0,0,0,2,4.6,4.6
6-car / 2.5 min,"SURGE
(Very High)",0.0,0.0,0,0,0.0,0.0,0.0,0,0,1,4.25,4.25
6-car / 2.5 min,"SURGE
(Very High)",0.0,0.0,0,0,0.0,0.0,0.0,0,0,0,3.9,3.9
6-car / 2.5 min,"SURGE
(Very High)",0.0,0.0,0,0,0.0,0.0,0.0,0,0,2,4.6,4.6
6-car / 2.5 min,"SURGE
(Very High)",0.0,0.0,0,0,0.0,0.0,0.0,0,0,0,3.9,3.9
6-car / 2.5 min,"SURGE
(Very High)",0.0,0.0,0,0,0.0,0.0,0.0,0,0,1,4.25,4.25
6-car / 2.5 min,"SURGE
(Very High)",26.064967741709953,26.243872720749668,600,5400,0.041666666666666664,1.0,0.0,0,0,0,3.9,11064.549677417099
6-car / 2.5 min,"SURGE
(Very High)",0.0,0.0,0,0,0.0,0.0,0.0,0,0,0,3.9,3.9
6-car / 2.5 min,"SURGE
(Very High)",0.0,0.0,0,0,0.0,0.0,0.0,0,0,0,3.9,3.9
6-car / 2.5 min,"SURGE
(Very High)",0.0,0.0,0,0,0.0,0.0,0.0,0,0,0,3.9,3.9
6-car / 2.5 min,"SURGE
(Very High)",0.0,0.0,0,0,0.0,0.0,0.0,0,0,0,3.9,3.9
6-car / 2.5 min,"SURGE
(Very High)",20.64801025700131,20.83543018389292,600,5400,0.043478260869565216,1.0,0.0,0,0,1,4.25,11010.730102570013
6-car / 2.5 min,"SURGE
(Very High)",0.0,0.0,0,0,0.0,0.0,0.0,0,0,1,4.25,4.25
6-car / 2.5 min,"SURGE
(Very High)",0.0,0.0,0,0,0.0,0.0,0.0,0,0,2,4.6,4.6
6-car / 2.5 min,"SURGE
(Very High)",0.0,0.0,0,0,0.0,0.0,0.0,0,0,0,3.9,3.9
6-car / 2.5 min,"SURGE
(Very High)",80.85040999314658,81.04120087198436,600,5400,0.04,1.0,0.0,0,0,0,3.9,11612.404099931466
6-car / 2.5 min,"SURGE
(Very High)",37.55815212517287,37.74844949174198,600,5400,0.045454545454545456,1.0,0.0,0,0,2,4.6,11180.181521251729
6-car / 2.5 min,"SURGE
(Very High)",43.84937549876583,44.068082307791286,600,5400,0.04,1.0,0.0,0,0,0,3.9,11242.39375498766
6-car / 2.5 min,"SURGE
(Very High)",0.0,0.0,0,0,0.0,0.0,0.0,0,0,1,4.25,4.25
6-car / 2.5 min,"SURGE
(Very High)",0.0,0.0,0,0,0.0,0.0,0.0,0,0,1,4.25,4.25
6-car / 2.5 min,"SURGE
(Very High)",0.0,0.0,0,0,0.0,0.0,0.0,0,0,0,3.9,3.9
6-car / 2.5 min,"SURGE
(Very High)",5.298073314821126,5.4860970842998436,600,5400,0.043478260869565216,1.0,0.0,0,0,1,4.25,10857.230733148212
6-car / 2.5 min,"SURGE
(Very High)",0.0,0.0,0,0,0.0,0.0,0.0,0,0,1,4.25,4.25
6-car / 2.5 min,"SURGE
(Very High)",23.479463390166494,23.672117620923533,600,5400,0.041666666666666664,1.0,0.0,0,0,0,3.9,11038.694633901665
6-car / 2.5 min,"SURGE
(Very High)",0.0,0.0,0,0,0.0,0.0,0.0,0,0,0,3.9,3.9
6-car / 2.5 min,"SURGE
(Very High)",0.0,0.0,0,0,0.0,0.0,0.0,0,0,0,3.9,3.9
6-car / 2.5 min,"SURGE
(Very High)",0.0,0.0,0,0,0.0,0.0,0.0,0,0,1,4.25,4.25
6-car / 2.5 min,"SURGE
(Very High)",39.40624954337808,39.605678306315745,600,5400,0.04,1.0,0.0,0,0,0,3.9,11197.962495433781
6-car / 2.5 min,"SURGE
(Very High)",31.1128622442757,31.312433504815385,600,5400,0.043478260869565216,1.0,0.0,0,0,2,4.6,11115.728622442757
6-car / 2.5 min,"SURGE
(Very High)",0.0,0.0,0,0,0.0,0.0,0.0,0,0,0,3.9,3.9
6-car / 2.5 min,"SURGE
(Very High)",0.0,0.0,0,0,0.0,0.0,0.0,0,0,0,3.9,3.9
6-car / 2.5 min,"SURGE
(Very High)",129.85015812501393,130.05429603809068,600,5400,0.041666666666666664,1.0,0.0,0,0,1,4.25,12102.751581250139
6-car / 2.5 min,"SURGE
(Very High)",0.0,0.0,0,0,0.0,0.0,0.0,0,0,1,4.25,4.25
6-car / 2.5 min,"SURGE
(Very High)",72.42626625663098,72.63743507075436,600,5400,0.041666666666666664,1.0,0.0,0,0,1,4.25,11528.51266256631
6-car / 2.5 min,"SURGE
(Very High)",0.0,0.0,0,0,0.0,0.0,0.0,0,0,2,4.6,4.6
6-car / 2.5 min,"SURGE
(Very High)",0.0,0.0,0,0,0.0,0.0,0.0,0,0,1,4.25,4.25
6-car / 2.5 min,"SURGE
(Very High)",13.908711793178673,14.111090290236199,600,5400,0.041666666666666664,1.0,0.0,0,0,0,3.9,10942.987117931787
6-car / 2.5 min,"SURGE
(Very High)",0.0,0.0,0,0,0.0,0.0,0.0,0,0,0,3.9,3.9
6-car / 2.5 min,"SURGE
(Very High)",6.107555102602747,6.301752673312949,600,5400,0.041666666666666664,1.0,0.0,0,0,1,4.25,10865.325551026028
6-car / 2.5 min,"SURGE
(Very High)",33.75882764638597,33.95704396837865,600,5400,0.041666666666666664,1.0,0.0,0,0,0,3.9,11141.48827646386
6-car / 2.5 min,"SURGE
(Very High)",0.0,0.0,0,0,0.0,0.0,0.0,0,0,1,4.25,4.25
6-car / 2.5 min,"DISRUPTION
(Delays + Surge)",40.659055903936185,40.89776904119364,600,4400,0.04,1.0,0.0,0,0,0,3.9,9210.490559039361
6-car / 2.5 min,"DISRUPTION
(Delays + Surge)",0.0,0.0,0,0,0.0,0.0,0.0,0,0,2,4.6,4.6
6-car / 2.5 min,"DISRUPTION
(Delays + Surge)",0.0,0.0,0,0,0.0,0.0,0.0,0,0,0,3.9,3.9
6-car / 2.5 min,"DISRUPTION
(Delays + Surge)",46.250570570595094,46.49377006781592,600,4400,0.041666666666666664,1.0,0.0,0,0,0,3.9,9266.40570570595
6-car / 2.5 min,"DISRUPTION
(Delays + Surge)",0.0,0.0,0,0,0.0,0.0,0.0,0,0,0,3.9,3.9
6-car / 2.5 min,"DISRUPTION
(Delays + Surge)",30.367376262103488,30.63021944896374,600,4400,0.041666666666666664,1.0,0.0,0,0,0,3.9,9107.573762621036
6-car / 2.5 min,"DISRUPTION
(Delays + Surge)",0.0,0.0,0,0,0.0,0.0,0.0,0,0,1,4.25,4.25
6-car / 2.5 min,"DISRUPTION
(Delays + Surge)",0.0,0.0,0,0,0.0,0.0,0.0,0,0,1,4.25,4.25
6-car / 2.5 min,"DISRUPTION
(Delays + Surge)",19.764889399243916,20.022514732047522,600,4400,0.045454545454545456,1.0,0.0,0,0,2,4.6,9002.248893992439
6-car / 2.5 min,"DISRUPTION
(Delays + Surge)",0.0,0.0,0,0,0.0,0.0,0.0,0,0,0,3.9,3.9
6-car / 2.5 min,"DISRUPTION
(Delays + Surge)",46.167294312473885,46.42959251905157,600,4400,0.041666666666666664,1.0,0.0,0,0,1,4.25,9265.922943124739
6-car / 2.5 min,"DISRUPTION
(Delays + Surge)",0.0,0.0,0,0,0.0,0.0,0.0,0,0,1,4.25,4.25
6-car / 2.5 min,"DISRUPTION
(Delays + Surge)",148.94185585258722,149.20202418500338,600,4400,0.041666666666666664,1.0,0.0,0,0,1,4.25,10293.668558525873
6-car / 2.5 min,"DISRUPTION
(Delays + Surge)",29.2969353764792,29.56392767053703,600,4400,0.043478260869565216,1.0,0.0,0,0,1,4.25,9097.219353764793
6-car / 2.5 min,"DISRUPTION
(Delays + Surge)",8.491404498391672,8.726713264220793,600,4400,0.043478260869565216,1.0,0.0,0,0,2,4.6,8889.514044983916
6-car / 2.5 min,"DISRUPTION
(Delays + Surge)",34.55707503002593,34.8119726142007,600,4400,0.041666666666666664,1.0,0.0,0,0,1,4.25,9149.82075030026
6-car / 2.5 min,"DISRUPTION
(Delays + Surge)",0.0,0.0,0,0,0.0,0.0,0.0,0,0,1,4.25,4.25
6-car / 2.5 min,"DISRUPTION
(Delays + Surge)",0.0,0.0,0,0,0.0,0.0,0.0,0,0,0,3.9,3.9
6-car / 2.5 min,"DISRUPTION
(Delays + Surge)",124.88935774472651,125.16417010019782,600,4400,0.043478260869565216,1.0,0.0,0,0,2,4.6,10053.493577447265
6-car / 2.5 min,"DISRUPTION
(Delays + Surge)",7.596629410025987,7.854215915741597,600,4400,0.041666666666666664,1.0,0.0,0,0,1,4.25,8880.21629410026
6-car / 2.5 min,"DISRUPTION
(Delays + Surge)",0.0,0.0,0,0,0.0,0.0,0.0,0,0,1,4.25,4.25
6-car / 2.5 min,"DISRUPTION
(Delays + Surge)",16.643420318875826,16.91013297487778,600,4400,0.045454545454545456,1.0,0.0,0,0,2,4.6,8971.034203188758
6-car / 2.5 min,"DISRUPTION
(Delays + Surge)",0.0,0.0,0,0,0.0,0.0,0.0,0,0,0,3.9,3.9
6-car / 2.5 min,"DISRUPTION
(Delays + Surge)",0.0,0.0,0,0,0.0,0.0,0.0,0,0,1,4.25,4.25
6-car / 2.5 min,"DISRUPTION
(Delays + Surge)",64.69313930746095,64.95925292799933,600,4400,0.041666666666666664,1.0,0.0,0,0,1,4.25,9451.18139307461
6-car / 2.5 min,"DISRUPTION
(Delays + Surge)",0.0,0.0,0,0,0.0,0.0,0.0,0,0,2,4.6,4.6
6-car / 2.5 min,"DISRUPTION
(Delays + Surge)",0.0,0.0,0,0,0.0,0.0,0.0,0,0,1,4.25,4.25
6-car / 2.5 min,"DISRUPTION
(Delays + Surge)",59.77875077778392,60.04102484049922,600,4400,0.043478260869565216,1.0,0.0,0,0,1,4.25,9402.037507777839
6-car / 2.5 min,"DISRUPTION
(Delays + Surge)",4.766987247683771,5.024741574835149,600,4400,0.043478260869565216,1.0,0.0,0,0,1,4.25,8851.919872476838
6-car / 2.5 min,"DISRUPTION
(Delays + Surge)",0.0,0.0,0,0,0.0,0.0,0.0,0,0,1,4.25,4.25
6-car / 2.5 min,"DISRUPTION
(Delays + Surge)",52.14447827643851,52.398816034512286,600,4400,0.043478260869565216,1.0,0.0,0,0,1,4.25,9325.694782764385
6-car / 2.5 min,"DISRUPTION
(Delays + Surge)",6.865157441444156,7.111691662573732,600,4400,0.043478260869565216,1.0,0.0,0,0,1,4.25,8872.901574414442
6-car / 2.5 min,"DISRUPTION
(Delays + Surge)",0.0,0.0,0,0,0.0,0.0,0.0,0,0,0,3.9,3.9
6-car / 2.5 min,"DISRUPTION
(Delays + Surge)",8.230520521954553,8.501153225176564,600,4400,0.043478260869565216,1.0,0.0,0,0,2,4.6,8886.905205219546
6-car / 2.5 min,"DISRUPTION
(Delays + Surge)",0.0,0.0,0,0,0.0,0.0,0.0,0,0,3,4.949999999999999,4.949999999999999
6-car / 2.5 min,"DISRUPTION
(Delays + Surge)",17.57796050542507,17.841268395491486,600,4400,0.041666666666666664,1.0,0.0,0,0,0,3.9,8979.67960505425
6-car / 2.5 min,"DISRUPTION
(Delays + Surge)",95.40662770188874,95.66589223711766,600,4400,0.045454545454545456,1.0,0.0,0,0,2,4.6,9758.666277018887
6-car / 2.5 min,"DISRUPTION
(Delays + Surge)",57.913915318391325,58.16985660880923,600,4400,0.045454545454545456,1.0,0.0,0,0,2,4.6,9383.739153183913
6-car / 2.5 min,"DISRUPTION
(Delays + Surge)",0.0,0.0,0,0,0.0,0.0,0.0,0,0,0,3.9,3.9
6-car / 2.5 min,"DISRUPTION
(Delays + Surge)",0.0,0.0,0,0,0.0,0.0,0.0,0,0,2,4.6,4.6
6-car / 2.5 min,"DISRUPTION
(Delays + Surge)",32.53767480592491,32.78500096414831,600,4400,0.043478260869565216,1.0,0.0,0,0,2,4.6,9129.976748059249
6-car / 2.5 min,"DISRUPTION
(Delays + Surge)",0.0,0.0,0,0,0.0,0.0,0.0,0,0,4,5.3,5.3
6-car / 2.5 min,"DISRUPTION
(Delays + Surge)",14.970251881874661,15.22511619882376,600,4400,0.043478260869565216,1.0,0.0,0,0,3,4.949999999999999,8954.652518818746
6-car / 2.5 min,"DISRUPTION
(Delays + Surge)",5.068850872466559,5.327244081042795,600,4400,0.041666666666666664,1.0,0.0,0,0,0,3.9,8854.588508724666
6-car / 2.5 min,"DISRUPTION
(Delays + Surge)",0.0,0.0,0,0,0.0,0.0,0.0,0,0,1,4.25,4.25
6-car / 2.5 min,"DISRUPTION
(Delays + Surge)",0.0,0.0,0,0,0.0,0.0,0.0,0,0,0,3.9,3.9
6-car / 2.5 min,"DISRUPTION
(Delays + Surge)",31.863443438328165,32.1274021824293,600,4400,0.041666666666666664,1.0,0.0,0,0,0,3.9,9122.534434383282
6-car / 2.5 min,"DISRUPTION
(Delays + Surge)",0.0,0.0,0,0,0.0,0.0,0.0,0,0,4,5.3,5.3
6-car / 2.5 min,"DISRUPTION
(Delays + Surge)",13.296945737163954,13.56134266474971,600,4400,0.05,1.0,0.0,0,0,4,5.3,8938.26945737164
6-car / 2.5 min,"DISRUPTION
(Delays + Surge)",19.250725255910137,19.503038699653743,600,4400,0.04,1.0,0.0,0,0,0,3.9,8996.407252559102
6-car / 2.5 min,"DISRUPTION
(Delays + Surge)",1.3998657466230873,1.6539132853404936,600,4400,0.045454545454545456,1.0,0.0,0,0,2,4.6,8818.598657466231
6-car / 2.5 min,"DISRUPTION
(Delays + Surge)",0.0,0.0,0,0,0.0,0.0,0.0,0,0,1,4.25,4.25
6-car / 2.5 min,"DISRUPTION
(Delays + Surge)",15.09044757210313,15.348234606447202,600,4400,0.043478260869565216,1.0,0.0,0,0,2,4.6,8955.50447572103
6-car / 2.5 min,"DISRUPTION
(Delays + Surge)",1.974266385513431,2.230077695083176,600,4400,0.043478260869565216,1.0,0.0,0,0,1,4.25,8823.992663855135
6-car / 2.5 min,"DISRUPTION
(Delays + Surge)",25.740824327076268,25.997129898858258,600,4400,0.041666666666666664,1.0,0.0,0,0,0,3.9,9061.308243270763
6-car / 2.5 min,"DISRUPTION
(Delays + Surge)",0.0,0.0,0,0,0.0,0.0,0.0,0,0,0,3.9,3.9
6-car / 2.5 min,"DISRUPTION
(Delays + Surge)",4.681436885551266,4.937993595421256,600,4400,0.043478260869565216,1.0,0.0,0,0,1,4.25,8851.064368855512
6-car / 2.5 min,"DISRUPTION
(Delays + Surge)",0.0,0.0,0,0,0.0,0.0,0.0,0,0,3,4.949999999999999,4.949999999999999
6-car / 2.5 min,"DISRUPTION
(Delays + Surge)",28.24702049030172,28.502886567605465,600,4400,0.043478260869565216,1.0,0.0,0,0,2,4.6,9087.070204903017
6-car / 2.5 min,"DISRUPTION
(Delays + Surge)",0.0,0.0,0,0,0.0,0.0,0.0,0,0,2,4.6,4.6
6-car / 2.5 min,"DISRUPTION
(Delays + Surge)",21.46531641336751,21.729841996921266,600,4400,0.047619047619047616,1.0,0.0,0,0,3,4.949999999999999,9019.603164133676
6-car / 2.5 min,"DISRUPTION
(Delays + Surge)",0.973383547839482,1.230339457013117,600,4400,0.045454545454545456,1.0,0.0,0,0,3,4.949999999999999,8814.683835478394
6-car / 2.5 min,"DISRUPTION
(Delays + Surge)",1.3135981584802665,1.582476097971862,600,4400,0.045454545454545456,1.0,0.0,0,0,2,4.6,8817.735981584803
6-car / 2.5 min,"DISRUPTION
(Delays + Surge)",27.603752948485138,27.86341456810417,600,4400,0.04,1.0,0.0,0,0,0,3.9,9079.93752948485
6-car / 2.5 min,"DISRUPTION
(Delays + Surge)",38.396650454180964,38.65677913887039,600,4400,0.045454545454545456,1.0,0.0,0,0,2,4.6,9188.56650454181
6-car / 2.5 min,"DISRUPTION
(Delays + Surge)",65.69693905113381,65.96316332113985,600,4400,0.043478260869565216,1.0,0.0,0,0,1,4.25,9461.219390511338
6-car / 2.5 min,"DISRUPTION
(Delays + Surge)",20.558330439928657,20.807352167546416,600,4400,0.043478260869565216,1.0,0.0,0,0,1,4.25,9009.833304399286
6-car / 2.5 min,"DISRUPTION
(Delays + Surge)",15.934493946352225,16.203465732824814,600,4400,0.045454545454545456,1.0,0.0,0,0,2,4.6,8963.944939463523
6-car / 2.5 min,"DISRUPTION
(Delays + Surge)",14.69867266156864,14.963810272856586,600,4400,0.045454545454545456,1.0,0.0,0,0,2,4.6,8951.586726615686
6-car / 2.5 min,"DISRUPTION
(Delays + Surge)",171.72839623500937,171.9800238372871,600,4400,0.041666666666666664,1.0,0.0,0,0,1,4.25,10521.533962350093
6-car / 2.5 min,"DISRUPTION
(Delays + Surge)",12.333440005290468,12.598979122589524,600,4400,0.045454545454545456,1.0,0.0,0,0,3,4.949999999999999,8928.284400052904
6-car / 2.5 min,"DISRUPTION
(Delays + Surge)",0.0,0.0,0,0,0.0,0.0,0.0,0,0,0,3.9,3.9
6-car / 2.5 min,"DISRUPTION
(Delays + Surge)",0.0,0.0,0,0,0.0,0.0,0.0,0,0,2,4.6,4.6
6-car / 2.5 min,"DISRUPTION
(Delays + Surge)",0.8471068581807566,1.1014456329658515,600,4400,0.041666666666666664,1.0,0.0,0,0,1,4.25,8812.721068581808
6-car / 2.5 min,"DISRUPTION
(Delays + Surge)",0.0,0.0,0,0,0.0,0.0,0.0,0,0,2,4.6,4.6
6-car / 2.5 min,"DISRUPTION
(Delays + Surge)",0.0,0.0,0,0,0.0,0.0,0.0,0,0,1,4.25,4.25
6-car / 2.5 min,"DISRUPTION
(Delays + Surge)",4.836951951565395,5.09299247621378,600,4400,0.04,1.0,0.0,0,0,0,3.9,8852.269519515654
6-car / 2.5 min,"DISRUPTION
(Delays + Surge)",34.757966605336854,35.01825589777973,600,4400,0.043478260869565216,1.0,0.0,0,0,1,4.25,9151.829666053369
6-car / 2.5 min,"DISRUPTION
(Delays + Surge)",12.35122778596336,12.608052925885518,600,4400,0.043478260869565216,1.0,0.0,0,0,2,4.6,8928.112277859633
6-car / 2.5 min,"DISRUPTION
(Delays + Surge)",81.48468088161663,81.71570110651618,600,4400,0.043478260869565216,1.0,0.0,0,0,2,4.6,9619.446808816167
6-car / 2.5 min,"DISRUPTION
(Delays + Surge)",101.64737586596833,101.92147560564881,600,4400,0.043478260869565216,1.0,0.0,0,0,2,4.6,9821.073758659684
6-car / 2.5 min,"DISRUPTION
(Delays + Surge)",17.7306218119737,17.975827273367507,600,4400,0.043478260869565216,1.0,0.0,0,0,1,4.25,8981.556218119737
6-car / 2.5 min,"DISRUPTION
(Delays + Surge)",0.0,0.0,0,0,0.0,0.0,0.0,0,0,2,4.6,4.6
6-car / 2.5 min,"DISRUPTION
(Delays + Surge)",8.855502737900853,9.121481662407106,600,4400,0.043478260869565216,1.0,0.0,0,0,1,4.25,8892.805027379009
6-car / 2.5 min,"DISRUPTION
(Delays + Surge)",0.0,0.0,0,0,0.0,0.0,0.0,0,0,0,3.9,3.9
6-car / 2.5 min,"DISRUPTION
(Delays + Surge)",0.0,0.0,0,0,0.0,0.0,0.0,0,0,0,3.9,3.9
6-car / 2.5 min,"DISRUPTION
(Delays + Surge)",8.845306942235903,9.106589140268193,600,4400,0.043478260869565216,1.0,0.0,0,0,1,4.25,8892.70306942236
6-car / 2.5 min,"DISRUPTION
(Delays + Surge)",0.0,0.0,0,0,0.0,0.0,0.0,0,0,0,3.9,3.9
6-car / 2.5 min,"DISRUPTION
(Delays + Surge)",17.897145242901704,18.14882586723594,600,4400,0.043478260869565216,1.0,0.0,0,0,1,4.25,8983.221452429018
6-car / 2.5 min,"DISRUPTION
(Delays + Surge)",0.0,0.0,0,0,0.0,0.0,0.0,0,0,1,4.25,4.25
6-car / 2.5 min,"DISRUPTION
(Delays + Surge)",43.485072085093826,43.74992678957387,600,4400,0.04,1.0,0.0,0,0,0,3.9,9238.750720850938
6-car / 2.5 min,"DISRUPTION
(Delays + Surge)",0.0,0.0,0,0,0.0,0.0,0.0,0,0,0,3.9,3.9
6-car / 2.5 min,"DISRUPTION
(Delays + Surge)",0.0,0.0,0,0,0.0,0.0,0.0,0,0,2,4.6,4.6
6-car / 2.5 min,"DISRUPTION
(Delays + Surge)",0.0,0.0,0,0,0.0,0.0,0.0,0,0,2,4.6,4.6
6-car / 2.5 min,"DISRUPTION
(Delays + Surge)",1.5369949577539905,1.8042943528823714,600,4400,0.045454545454545456,1.0,0.0,0,0,3,4.949999999999999,8820.31994957754
6-car / 2.5 min,"DISRUPTION
(Delays + Surge)",59.304269593493615,59.561525761186935,600,4400,0.045454545454545456,1.0,0.0,0,0,2,4.6,9397.642695934936
6-car / 2.5 min,"DISRUPTION
(Delays + Surge)",16.64223892102514,16.918523323770273,600,4400,0.04,1.0,0.0,0,0,0,3.9,8970.32238921025
6-car / 2.5 min,"DISRUPTION
(Delays + Surge)",52.99962162047064,53.26721357457297,600,4400,0.041666666666666664,1.0,0.0,0,0,1,4.25,9334.246216204707
6-car / 2.5 min,"DISRUPTION
(Delays + Surge)",27.708570463996438,27.97195938083021,600,4400,0.043478260869565216,1.0,0.0,0,0,2,4.6,9081.685704639964
6-car / 2.5 min,"DISRUPTION
(Delays + Surge)",4.564195628499236,4.817900270895117,600,4400,0.04,1.0,0.0,0,0,0,3.9,8849.541956284993
6-car / 2.5 min,"CASCADING
(Failures + Delays)",0.0,0.0,0,0,0.0,0.0,0.0,0,0,0,3.9,3.9
6-car / 2.5 min,"CASCADING
(Failures + Delays)",5.183780764989311,5.312916386341032,600,2400,0.043478260869565216,1.0,0.0,0,0,1,4.25,4856.087807649893
6-car / 2.5 min,"CASCADING
(Failures + Delays)",25.174592234447857,25.3015744190615,600,2400,0.043478260869565216,1.0,0.0,0,0,1,4.25,5055.9959223444785
6-car / 2.5 min,"CASCADING
(Failures + Delays)",0.0,0.0,0,0,0.0,0.0,0.0,0,0,1,4.25,4.25
6-car / 2.5 min,"CASCADING
(Failures + Delays)",0.0,0.0,0,0,0.0,0.0,0.0,0,0,2,4.6,4.6
6-car / 2.5 min,"CASCADING
(Failures + Delays)",0.0,0.0,0,0,0.0,0.0,0.0,0,0,4,5.3,5.3
6-car / 2.5 min,"CASCADING
(Failures + Delays)",2.3847832471315047,2.4989882288216956,600,2400,0.05,1.0,0.0,0,0,5,5.65,4829.497832471315
6-car / 2.5 min,"CASCADING
(Failures + Delays)",61.44693045892601,61.58466675286388,600,2400,0.045454545454545456,1.0,0.0,0,0,2,4.6,5419.06930458926
6-car / 2.5 min,"CASCADING
(Failures + Delays)",64.62554816093288,64.75585506949409,600,2400,0.047619047619047616,1.0,0.0,0,0,5,5.65,5451.9054816093285
6-car / 2.5 min,"CASCADING
(Failures + Delays)",8.57343619383282,8.698006360796679,600,2400,0.045454545454545456,1.0,0.0,0,0,2,4.6,4890.334361938329
6-car / 2.5 min,"CASCADING
(Failures + Delays)",0.25982540338685084,0.3920545718718147,600,2400,0.043478260869565216,1.0,0.0,0,0,2,4.6,4807.198254033869
6-car / 2.5 min,"CASCADING
(Failures + Delays)",0.0,0.0,0,0,0.0,0.0,0.0,0,0,3,4.949999999999999,4.949999999999999
6-car / 2.5 min,"CASCADING
(Failures + Delays)",0.0,0.0,0,0,0.0,0.0,0.0,0,0,3,4.949999999999999,4.949999999999999
6-car / 2.5 min,"CASCADING
(Failures + Delays)",0.0,0.0,0,0,0.0,0.0,0.0,0,0,1,4.25,4.25
6-car / 2.5 min,"CASCADING
(Failures + Delays)",0.3201647117716676,0.4401638790597036,600,2400,0.041666666666666664,1.0,0.0,0,0,1,4.25,4807.451647117717
6-car / 2.5 min,"CASCADING
(Failures + Delays)",58.00165856187848,58.13131402766444,600,2400,0.043478260869565216,1.0,0.0,0,0,1,4.25,5384.266585618785
6-car / 2.5 min,"CASCADING
(Failures + Delays)",9.311324187523146,9.435802600641518,600,2400,0.043478260869565216,1.0,0.0,0,0,2,4.6,4897.713241875232
6-car / 2.5 min,"CASCADING
(Failures + Delays)",20.389236940633648,20.521132328144496,600,2400,0.041666666666666664,1.0,0.0,0,0,1,4.25,5008.142369406337
6-car / 2.5 min,"CASCADING
(Failures + Delays)",0.0,0.0,0,0,0.0,0.0,0.0,0,0,3,4.949999999999999,4.949999999999999
6-car / 2.5 min,"CASCADING
(Failures + Delays)",0.0,0.0,0,0,0.0,0.0,0.0,0,0,2,4.6,4.6
6-car / 2.5 min,"CASCADING
(Failures + Delays)",16.665619378980484,16.78821711126371,600,2400,0.047619047619047616,1.0,0.0,0,0,4,5.3,4971.956193789805
6-car / 2.5 min,"CASCADING
(Failures + Delays)",31.54269311224134,31.668977329337398,600,2400,0.045454545454545456,1.0,0.0,0,0,3,4.949999999999999,5120.376931122413
6-car / 2.5 min,"CASCADING
(Failures + Delays)",0.0,0.0,0,0,0.0,0.0,0.0,0,0,2,4.6,4.6
6-car / 2.5 min,"CASCADING
(Failures + Delays)",0.0,0.0,0,0,0.0,0.0,0.0,0,0,1,4.25,4.25
6-car / 2.5 min,"CASCADING
(Failures + Delays)",73.59999103058024,73.73534154425737,600,2400,0.045454545454545456,1.0,0.0,0,0,2,4.6,5540.599910305802
6-car / 2.5 min,"CASCADING
(Failures + Delays)",148.5799374327438,148.69928736096472,600,2400,0.05,1.0,0.0,0,0,4,5.3,6291.0993743274375
6-car / 2.5 min,"CASCADING
(Failures + Delays)",0.0,0.0,0,0,0.0,0.0,0.0,0,0,4,5.3,5.3
6-car / 2.5 min,"CASCADING
(Failures + Delays)",0.0,0.0,0,0,0.0,0.0,0.0,0,0,2,4.6,4.6
6-car / 2.5 min,"CASCADING
(Failures + Delays)",99.43177848317951,99.55318311075351,600,2400,0.043478260869565216,1.0,0.0,0,0,1,4.25,5798.5677848317955
6-car / 2.5 min,"CASCADING
(Failures + Delays)",1.7488138649832876,1.8803634765194908,600,2400,0.041666666666666664,1.0,0.0,0,0,0,3.9,4821.388138649833
6-car / 2.5 min,"CASCADING
(Failures + Delays)",90.70758116202536,90.83068081421392,600,2400,0.043478260869565216,1.0,0.0,0,0,1,4.25,5711.325811620253
6-car / 2.5 min,"CASCADING
(Failures + Delays)",12.062084565610792,12.200161781004526,600,2400,0.041666666666666664,1.0,0.0,0,0,0,3.9,4924.520845656108
6-car / 2.5 min,"CASCADING
(Failures + Delays)",20.986328586765044,21.117276369795572,600,2400,0.041666666666666664,1.0,0.0,0,0,1,4.25,5014.11328586765
6-car / 2.5 min,"CASCADING
(Failures + Delays)",34.014469886635936,34.13099695825578,600,2400,0.045454545454545456,1.0,0.0,0,0,2,4.6,5144.74469886636
6-car / 2.5 min,"CASCADING
(Failures + Delays)",0.0,0.0,0,0,0.0,0.0,0.0,0,0,2,4.6,4.6
6-car / 2.5 min,"CASCADING
(Failures + Delays)",0.0,0.0,0,0,0.0,0.0,0.0,0,0,2,4.6,4.6
6-car / 2.5 min,"CASCADING
(Failures + Delays)",0.0,0.0,0,0,0.0,0.0,0.0,0,0,2,4.6,4.6
6-car / 2.5 min,"CASCADING
(Failures + Delays)",94.33451063909408,94.4618964719286,600,2400,0.045454545454545456,1.0,0.0,0,0,3,4.949999999999999,5748.29510639094
6-car / 2.5 min,"CASCADING
(Failures + Delays)",31.694397221241513,31.817476053885887,600,2400,0.043478260869565216,1.0,0.0,0,0,2,4.6,5121.543972212416
6-car / 2.5 min,"CASCADING
(Failures + Delays)",0.0,0.0,0,0,0.0,0.0,0.0,0,0,0,3.9,3.9
6-car / 2.5 min,"CASCADING
(Failures + Delays)",0.0,0.0,0,0,0.0,0.0,0.0,0,0,1,4.25,4.25
6-car / 2.5 min,"CASCADING
(Failures + Delays)",42.81053625810025,42.94846964129155,600,2400,0.047619047619047616,1.0,0.0,0,0,4,5.3,5233.405362581003
6-car / 2.5 min,"CASCADING
(Failures + Delays)",0.0,0.0,0,0,0.0,0.0,0.0,0,0,4,5.3,5.3
6-car / 2.5 min,"CASCADING
(Failures + Delays)",46.42559073629086,46.556226729486475,600,2400,0.041666666666666664,1.0,0.0,0,0,1,4.25,5268.505907362908
6-car / 2.5 min,"CASCADING
(Failures + Delays)",141.51202295410306,141.62774640584865,600,2400,0.045454545454545456,1.0,0.0,0,0,2,4.6,6219.720229541031
6-car / 2.5 min,"CASCADING
(Failures + Delays)",1.425534404300641,1.5519112583962733,600,2400,0.045454545454545456,1.0,0.0,0,0,3,4.949999999999999,4819.205344043006
6-car / 2.5 min,"CASCADING
(Failures + Delays)",0.0,0.0,0,0,0.0,0.0,0.0,0,0,5,5.65,5.65
6-car / 2.5 min,"CASCADING
(Failures + Delays)",0.0,0.0,0,0,0.0,0.0,0.0,0,0,0,3.9,3.9
6-car / 2.5 min,"CASCADING
(Failures + Delays)",40.302027293199366,40.43568595879703,600,2400,0.043478260869565216,1.0,0.0,0,0,2,4.6,5207.620272931994
6-car / 2.5 min,"CASCADING
(Failures + Delays)",0.0,0.0,0,0,0.0,0.0,0.0,0,0,2,4.6,4.6
6-car / 2.5 min,"CASCADING
(Failures + Delays)",13.070524232682969,13.186472578313312,600,2400,0.041666666666666664,1.0,0.0,0,0,0,3.9,4934.605242326829
6-car / 2.5 min,"CASCADING
(Failures + Delays)",137.35452894203007,137.4841909902495,600,2400,0.05263157894736842,1.0,0.0,0,0,5,5.65,6179.1952894203005
6-car / 2.5 min,"CASCADING
(Failures + Delays)",0.0,0.0,0,0,0.0,0.0,0.0,0,0,1,4.25,4.25
6-car / 2.5 min,"CASCADING
(Failures + Delays)",23.347863677838042,23.479014541539872,600,2400,0.045454545454545456,1.0,0.0,0,0,2,4.6,5038.07863677838
6-car / 2.5 min,"CASCADING
(Failures + Delays)",29.321250352152614,29.454624261263003,600,2400,0.041666666666666664,1.0,0.0,0,0,0,3.9,5097.112503521526
6-car / 2.5 min,"CASCADING
(Failures + Delays)",36.774482679148846,36.90342922929572,600,2400,0.047619047619047616,1.0,0.0,0,0,4,5.3,5173.044826791489
6-car / 2.5 min,"CASCADING
(Failures + Delays)",1.4508904890432675,1.5798148974993929,600,2400,0.045454545454545456,1.0,0.0,0,0,2,4.6,4819.108904890432
6-car / 2.5 min,"CASCADING
(Failures + Delays)",21.46658409644466,21.580963663523004,600,2400,0.045454545454545456,1.0,0.0,0,0,2,4.6,5019.265840964446
6-car / 2.5 min,"CASCADING
(Failures + Delays)",36.51867271432355,36.64828502663965,600,2400,0.043478260869565216,1.0,0.0,0,0,1,4.25,5169.436727143236
6-car / 2.5 min,"CASCADING
(Failures + Delays)",52.74738486492745,52.87197593623091,600,2400,0.047619047619047616,1.0,0.0,0,0,3,4.949999999999999,5332.423848649274
6-car / 2.5 min,"CASCADING
(Failures + Delays)",13.793492770988651,13.919357715222828,600,2400,0.043478260869565216,1.0,0.0,0,0,2,4.6,4942.534927709887
6-car / 2.5 min,"CASCADING
(Failures + Delays)",10.272924940843025,10.409826535346934,600,2400,0.04,1.0,0.0,0,0,0,3.9,4906.62924940843
6-car / 2.5 min,"CASCADING
(Failures + Delays)",20.557336946116283,20.677294666364542,600,2400,0.043478260869565216,1.0,0.0,0,0,3,4.949999999999999,5010.5233694611625
6-car / 2.5 min,"CASCADING
(Failures + Delays)",0.0,0.0,0,0,0.0,0.0,0.0,0,0,1,4.25,4.25
6-car / 2.5 min,"CASCADING
(Failures + Delays)",16.202342007771037,16.322386190724146,600,2400,0.047619047619047616,1.0,0.0,0,0,5,5.65,4967.67342007771
6-car / 2.5 min,"CASCADING
(Failures + Delays)",0.0,0.0,0,0,0.0,0.0,0.0,0,0,1,4.25,4.25
6-car / 2.5 min,"CASCADING
(Failures + Delays)",0.0,0.0,0,0,0.0,0.0,0.0,0,0,0,3.9,3.9
6-car / 2.5 min,"CASCADING
(Failures + Delays)",11.073427788734405,11.212097931263386,600,2400,0.04,1.0,0.0,0,0,0,3.9,4914.634277887344
6-car / 2.5 min,"CASCADING
(Failures + Delays)",0.0,0.0,0,0,0.0,0.0,0.0,0,0,1,4.25,4.25
6-car / 2.5 min,"CASCADING
(Failures + Delays)",53.272832902435646,53.40825659010388,600,2400,0.045454545454545456,1.0,0.0,0,0,3,4.949999999999999,5337.678329024357
6-car / 2.5 min,"CASCADING
(Failures + Delays)",0.0,0.0,0,0,0.0,0.0,0.0,0,0,3,4.949999999999999,4.949999999999999
6-car / 2.5 min,"CASCADING
(Failures + Delays)",30.02237815646678,30.151519409814746,600,2400,0.043478260869565216,1.0,0.0,0,0,2,4.6,5104.823781564668
6-car / 2.5 min,"CASCADING
(Failures + Delays)",0.0,0.0,0,0,0.0,0.0,0.0,0,0,2,4.6,4.6
6-car / 2.5 min,"CASCADING
(Failures + Delays)",20.204529966632673,20.31985901872728,600,2400,0.041666666666666664,1.0,0.0,0,0,0,3.9,5005.945299666327
6-car / 2.5 min,"CASCADING
(Failures + Delays)",28.957168316376094,29.081073618074466,600,2400,0.043478260869565216,1.0,0.0,0,0,2,4.6,5094.171683163761
6-car / 2.5 min,"CASCADING
(Failures + Delays)",17.328204381258946,17.451323111316245,600,2400,0.043478260869565216,1.0,0.0,0,0,1,4.25,4977.532043812589
6-car / 2.5 min,"CASCADING
(Failures + Delays)",0.0,0.0,0,0,0.0,0.0,0.0,0,0,2,4.6,4.6
6-car / 2.5 min,"CASCADING
(Failures + Delays)",0.0,0.0,0,0,0.0,0.0,0.0,0,0,3,4.949999999999999,4.949999999999999
6-car / 2.5 min,"CASCADING
(Failures + Delays)",17.360569142625547,17.48077508225016,600,2400,0.043478260869565216,1.0,0.0,0,0,2,4.6,4978.205691426256
6-car / 2.5 min,"CASCADING
(Failures + Delays)",0.0,0.0,0,0,0.0,0.0,0.0,0,0,3,4.949999999999999,4.949999999999999
6-car / 2.5 min,"CASCADING
(Failures + Delays)",0.0,0.0,0,0,0.0,0.0,0.0,0,0,1,4.25,4.25
6-car / 2.5 min,"CASCADING
(Failures + Delays)",0.0,0.0,0,0,0.0,0.0,0.0,0,0,2,4.6,4.6
6-car / 2.5 min,"CASCADING
(Failures + Delays)",17.70182437545956,17.82836661529167,600,2400,0.045454545454545456,1.0,0.0,0,0,2,4.6,4981.618243754596
6-car / 2.5 min,"CASCADING
(Failures + Delays)",0.0,0.0,0,0,0.0,0.0,0.0,0,0,4,5.3,5.3
6-car / 2.5 min,"CASCADING
(Failures + Delays)",0.0,0.0,0,0,0.0,0.0,0.0,0,0,2,4.6,4.6
6-car / 2.5 min,"CASCADING
(Failures + Delays)",61.500154279134414,61.62634409107812,600,2400,0.041666666666666664,1.0,0.0,0,0,0,3.9,5418.901542791344
6-car / 2.5 min,"CASCADING
(Failures + Delays)",28.040925360760635,28.172725230797273,600,2400,0.041666666666666664,1.0,0.0,0,0,1,4.25,5084.659253607606
6-car / 2.5 min,"CASCADING
(Failures + Delays)",161.97729946516228,162.10932729758986,600,2400,0.043478260869565216,1.0,0.0,0,0,2,4.6,6424.372994651622
6-car / 2.5 min,"CASCADING
(Failures + Delays)",8.96204341117527,9.093830606280548,600,2400,0.041666666666666664,1.0,0.0,0,0,0,3.9,4893.520434111752
6-car / 2.5 min,"CASCADING
(Failures + Delays)",122.79874595511903,122.92978505927321,600,2400,0.043478260869565216,1.0,0.0,0,0,2,4.6,6032.5874595511905
6-car / 2.5 min,"CASCADING
(Failures + Delays)",0.0,0.0,0,0,0.0,0.0,0.0,0,0,1,4.25,4.25
6-car / 2.5 min,"CASCADING
(Failures + Delays)",0.8469370103952701,0.9745048312526517,600,2400,0.043478260869565216,1.0,0.0,0,0,2,4.6,4813.069370103953
6-car / 2.5 min,"CASCADING
(Failures + Delays)",0.0,0.0,0,0,0.0,0.0,0.0,0,0,2,4.6,4.6
6-car / 2.5 min,"CASCADING
(Failures + Delays)",12.50398745194839,12.630947010293527,600,2400,0.043478260869565216,1.0,0.0,0,0,1,4.25,4929.289874519484
6-car / 2.5 min,"CASCADING
(Failures + Delays)",0.0,0.0,0,0,0.0,0.0,0.0,0,0,1,4.25,4.25
6-car / 2.5 min,"CASCADING
(Failures + Delays)",15.433834688368314,15.556493759446397,600,2400,0.045454545454545456,1.0,0.0,0,0,3,4.949999999999999,4959.2883468836835
6-car / 2.5 min,"CASCADING
(Failures + Delays)",49.681532085424045,49.82075549469615,600,2400,0.043478260869565216,1.0,0.0,0,0,2,4.6,5301.41532085424
6-car / 2.5 min,"CASCADING
(Failures + Delays)",7.358173559374465,7.479775404961604,600,2400,0.047619047619047616,1.0,0.0,0,0,3,4.949999999999999,4878.531735593745
6-car / 2.5 min,"CASCADING
(Failures + Delays)",15.813294890133674,15.946559591782544,600,2400,0.041666666666666664,1.0,0.0,0,0,1,4.25,4962.382948901337
6-car / 2.5 min,"CASCADING
(Failures + Delays)",9.217734814681823,9.344791400119746,600,2400,0.045454545454545456,1.0,0.0,0,0,4,5.3,4897.477348146818
6-car / 2.0 min,"OFF-PEAK
(Low, Stable)",120.84706115109987,128.774154605411,5,0,0.00026881720430107527,0.008333333333333333,0.0,0,0,0,4.8,14.870588429258323
6-car / 2.0 min,"OFF-PEAK
(Low, Stable)",23.842038216723893,30.50340690591987,497,0,0.026720430107526883,0.8283333333333334,0.0,0,0,0,4.8,202.29154989519625
6-car / 2.0 min,"OFF-PEAK
(Low, Stable)",6.1097206987543755,134.80363664980058,348,0,0.01933333333333333,0.5766666666666667,0.0,0,0,1,5.1499999999999995,40.586380052775375
6-car / 2.0 min,"OFF-PEAK
(Low, Stable)",8.375450696011105,12.700267451080963,410,0,0.02277777777777778,0.6833333333333333,0.0,0,0,1,5.1499999999999995,62.38224642274256
6-car / 2.0 min,"OFF-PEAK
(Low, Stable)",6.256339762164975,109.55600570341329,185,0,0.009946236559139784,0.295,0.0,0,0,0,4.8,24.090380933342008
6-car / 2.0 min,"OFF-PEAK
(Low, Stable)",107.42545594087721,109.42978912825475,4,0,0.00022222222222222223,0.006666666666666667,0.0,0,0,0,4.8,11.961697062725147
6-car / 2.0 min,"OFF-PEAK
(Low, Stable)",4.696090823580007,8.074207393865164,341,0,0.018333333333333333,0.5683333333333334,0.0,0,0,0,4.8,31.489449514013042
6-car / 2.0 min,"OFF-PEAK
(Low, Stable)",99.79730447941402,103.65047312944662,14,0,0.0007526881720430108,0.023333333333333334,0.0,0,0,0,4.8,28.086037711863273
6-car / 2.0 min,"OFF-PEAK
(Low, Stable)",76.69157988842606,83.59786991353496,500,0,0.02777777777777778,0.8333333333333334,0.0,0,0,1,5.1499999999999995,644.2464990702172
6-car / 2.0 min,"OFF-PEAK
(Low, Stable)",96.02856959188018,102.06445178520404,9,0,0.0005172413793103448,0.015,0.0,0,0,1,5.1499999999999995,19.554285438782028
6-car / 2.0 min,"OFF-PEAK
(Low, Stable)",89.13105835267969,93.87020863128302,13,0,0.0007222222222222223,0.021666666666666667,0.0,0,0,1,5.1499999999999995,24.461729309747263
6-car / 2.0 min,"OFF-PEAK
(Low, Stable)",69.69731361974497,75.06052675101459,15,0,0.0008333333333333334,0.025,0.0,0,0,1,5.1499999999999995,22.574328404936242
6-car / 2.0 min,"OFF-PEAK
(Low, Stable)",11.98875334215903,17.290846279133486,452,0,0.024301075268817203,0.7533333333333333,0.0,0,0,0,4.8,95.11527517759804
6-car / 2.0 min,"OFF-PEAK
(Low, Stable)",58.44699477184391,61.08617043623514,5,0,0.00028735632183908046,0.008333333333333333,0.0,0,0,2,5.5,10.370582897653659
6-car / 2.0 min,"OFF-PEAK
(Low, Stable)",89.00401749946595,101.26793451730457,10,0,0.0005555555555555556,0.016666666666666666,0.0,0,0,0,4.8,19.634002916577657
6-car / 2.0 min,"OFF-PEAK
(Low, Stable)",7.244087552571404,11.329458456291306,399,0,0.02145161290322581,0.665,0.0,0,0,0,4.8,52.97318222459983
6-car / 2.0 min,"OFF-PEAK
(Low, Stable)",7.432968189656235,11.606793620735232,412,0,0.02367816091954023,0.6866666666666666,0.0,0,0,1,5.1499999999999995,56.18971490230615
6-car / 2.0 min,"OFF-PEAK
(Low, Stable)",114.80891598059266,120.60367821693191,14,0,0.0007777777777777778,0.023333333333333334,0.0,0,0,0,4.8,31.588747062138285
6-car / 2.0 min,"OFF-PEAK
(Low, Stable)",4.082524741991055,85.28514891311022,186,0,0.010333333333333335,0.3016666666666667,0.0,0,0,1,5.1499999999999995,17.80582670017227
6-car / 2.0 min,"OFF-PEAK
(Low, Stable)",6.61286835833386,74.64632401369906,376,0,0.021609195402298848,0.6233333333333333,0.0,0,0,1,5.1499999999999995,46.590641712225526
6-car / 2.0 min,"OFF-PEAK
(Low, Stable)",52.84488685367758,59.36082262029758,499,0,0.026827956989247313,0.8316666666666667,0.0,0,0,0,4.8,444.2933089997519
6-car / 2.0 min,"OFF-PEAK
(Low, Stable)",43.93061763131306,50.525978990067536,7,0,0.0003763440860215054,0.011666666666666667,0.0,0,0,0,4.8,9.925238723653191
6-car / 2.0 min,"OFF-PEAK
(Low, Stable)",7.272511735715091,71.86043830385978,393,0,0.02339285714285714,0.6516666666666666,0.0,0,0,2,5.5,53.13495186893385
6-car / 2.0 min,"OFF-PEAK
(Low, Stable)",148.18534932758618,155.2369302474767,11,0,0.0005913978494623656,0.018333333333333333,0.0,0,0,0,4.8,31.9673140433908
6-car / 2.0 min,"OFF-PEAK
(Low, Stable)",106.48420603009917,110.91585987598047,7,0,0.00040229885057471265,0.011666666666666667,0.0,0,0,1,5.1499999999999995,17.573157370178237
6-car / 2.0 min,"OFF-PEAK
(Low, Stable)",113.03411735726856,115.1380829850838,6,0,0.0003225806451612903,0.01,0.0,0,0,0,4.8,16.103411735726855
6-car / 2.0 min,"OFF-PEAK
(Low, Stable)",35.29646102552925,42.03862838728266,496,0,0.026666666666666665,0.8266666666666667,0.0,0,0,0,4.8,296.5840778110418
6-car / 2.0 min,"OFF-PEAK
(Low, Stable)",29.368025632768514,36.98598478370567,495,0,0.02661290322580645,0.825,0.0,0,0,0,4.8,247.08621147034026
6-car / 2.0 min,"OFF-PEAK
(Low, Stable)",101.9699223972606,105.68452981443852,9,0,0.0004838709677419355,0.015,0.0,0,0,0,4.8,20.09548835958909
6-car / 2.0 min,"OFF-PEAK
(Low, Stable)",56.430859176879935,62.480319939291576,10,0,0.0005555555555555556,0.016666666666666666,0.0,0,0,0,4.8,14.205143196146658
6-car / 2.0 min,"OFF-PEAK
(Low, Stable)",20.878208668389895,27.602343393911504,490,0,0.02722222222222222,0.8166666666666667,0.0,0,0,0,4.8,175.30537079185083
6-car / 2.0 min,"OFF-PEAK
(Low, Stable)",12.254192670337483,17.687243847893246,465,0,0.025,0.775,0.0,0,0,0,4.8,99.76999319511549
6-car / 2.0 min,"OFF-PEAK
(Low, Stable)",65.47088399358663,71.76837575587435,9,0,0.0005,0.015,0.0,0,0,0,4.8,14.620632599037993
6-car / 2.0 min,"OFF-PEAK
(Low, Stable)",34.37985339837751,41.961002392929714,497,0,0.026720430107526883,0.8283333333333334,0.0,0,0,0,4.8,289.5797856498937
6-car / 2.0 min,"OFF-PEAK
(Low, Stable)",19.479478486491953,69.19517159070975,490,0,0.026344086021505377,0.815,0.0,0,0,0,4.8,163.8824076396843
6-car / 2.0 min,"OFF-PEAK
(Low, Stable)",84.33973190022199,91.3670991835669,6,0,0.0003225806451612903,0.01,0.0,0,0,0,4.8,13.233973190022198
6-car / 2.0 min,"OFF-PEAK
(Low, Stable)",77.75772954574501,80.38000326361464,6,0,0.0003225806451612903,0.01,0.0,0,0,0,4.8,12.5757729545745
6-car / 2.0 min,"OFF-PEAK
(Low, Stable)",81.07067921710112,85.3264135375325,5,0,0.00026881720430107527,0.008333333333333333,0.0,0,0,0,4.8,11.555889934758426
6-car / 2.0 min,"OFF-PEAK
(Low, Stable)",104.8241911525307,112.56982332021197,6,0,0.0003333333333333333,0.01,0.0,0,0,0,4.8,15.28241911525307
6-car / 2.0 min,"OFF-PEAK
(Low, Stable)",16.929518642072892,24.300583237962563,8,0,0.00044444444444444447,0.013333333333333334,0.0,0,0,1,5.1499999999999995,7.407269152276385
6-car / 2.0 min,"OFF-PEAK
(Low, Stable)",2.6501762204874404,61.038641987602006,163,0,0.009367816091954024,0.26666666666666666,0.0,0,0,1,5.1499999999999995,12.34964539899088
6-car / 2.0 min,"OFF-PEAK
(Low, Stable)",54.95706113772716,62.12746587911133,500,0,0.026881720430107527,0.8333333333333334,0.0,0,0,0,4.8,462.77550948105966
6-car / 2.0 min,"OFF-PEAK
(Low, Stable)",115.42476320747079,117.94184963650127,12,0,0.0006896551724137932,0.02,0.0,0,0,1,5.1499999999999995,28.234952641494157
6-car / 2.0 min,"OFF-PEAK
(Low, Stable)",140.1312043134221,146.2893101341756,9,0,0.0004838709677419355,0.015,0.0,0,0,0,4.8,25.819680647013318
6-car / 2.0 min,"OFF-PEAK
(Low, Stable)",19.31531777850212,25.066645669408356,484,0,0.02688888888888889,0.8066666666666666,0.0,0,0,0,4.8,160.6102300799171
6-car / 2.0 min,"OFF-PEAK
(Low, Stable)",3.21636434724995,57.506618811322355,101,0,0.005611111111111111,0.16,0.0,0,0,0,4.8,10.21421331787075
6-car / 2.0 min,"OFF-PEAK
(Low, Stable)",103.27664773114964,114.79610673322286,4,0,0.00022222222222222223,0.006666666666666667,0.0,0,0,1,5.1499999999999995,12.035109848743309
6-car / 2.0 min,"OFF-PEAK
(Low, Stable)",23.262543746012263,29.782481476338372,490,0,0.026344086021505377,0.8166666666666667,0.0,0,0,0,4.8,194.7774405924335
6-car / 2.0 min,"OFF-PEAK
(Low, Stable)",81.28793077284509,87.24328731930082,9,0,0.0005,0.015,0.0,0,0,1,5.1499999999999995,17.343189615926764
6-car / 2.0 min,"OFF-PEAK
(Low, Stable)",115.62547074158823,119.14481084824622,9,0,0.0005172413793103448,0.015,0.0,0,0,1,5.1499999999999995,22.493820611238235
6-car / 2.0 min,"OFF-PEAK
(Low, Stable)",9.875513984521854,83.80169459537555,436,0,0.02422222222222222,0.7233333333333334,0.0,0,0,0,4.8,76.56206828752546
6-car / 2.0 min,"OFF-PEAK
(Low, Stable)",65.71964944703036,73.97795939165576,7,0,0.0003763440860215054,0.011666666666666667,0.0,0,0,0,4.8,12.467292435486875
6-car / 2.0 min,"OFF-PEAK
(Low, Stable)",7.618275772917922,108.04739958196748,91,0,0.005229885057471265,0.14166666666666666,0.0,0,0,1,5.1499999999999995,16.70438492225885
6-car / 2.0 min,"OFF-PEAK
(Low, Stable)",8.670435817118296,36.46417712260461,432,0,0.0232258064516129,0.715,0.0,0,0,0,4.8,67.22713788325173
6-car / 2.0 min,"OFF-PEAK
(Low, Stable)",78.08746604779287,82.14136396682449,11,0,0.0005913978494623656,0.018333333333333333,0.0,0,0,0,4.8,19.11603544209536
6-car / 2.0 min,"OFF-PEAK
(Low, Stable)",34.07483584725501,41.03119189365882,497,0,0.0285632183908046,0.8283333333333334,0.0,0,0,1,5.1499999999999995,287.4032236014289
6-car / 2.0 min,"OFF-PEAK
(Low, Stable)",36.45436382211141,43.409362466378745,500,0,0.026881720430107527,0.8333333333333334,0.0,0,0,0,4.8,308.58636518426175
6-car / 2.0 min,"OFF-PEAK
(Low, Stable)",56.41231079812262,62.33006413911943,14,0,0.0007777777777777778,0.023333333333333334,0.0,0,0,0,4.8,17.962872519561945
6-car / 2.0 min,"OFF-PEAK
(Low, Stable)",84.09782786623477,90.72041662803964,500,0,0.02777777777777778,0.8333333333333334,0.0,0,0,0,4.8,705.6152322186231
6-car / 2.0 min,"OFF-PEAK
(Low, Stable)",11.530557396429778,49.02565227141759,453,0,0.025166666666666667,0.7533333333333333,0.0,0,0,0,4.8,91.85570834304482
6-car / 2.0 min,"OFF-PEAK
(Low, Stable)",4.126951813053594,92.53209825232696,259,0,0.014388888888888889,0.425,0.0,0,0,0,4.8,22.614675326348017
6-car / 2.0 min,"OFF-PEAK
(Low, Stable)",93.89114817872074,100.92889315839255,12,0,0.0006666666666666666,0.02,0.0,0,0,1,5.1499999999999995,23.928229635744145
6-car / 2.0 min,"OFF-PEAK
(Low, Stable)",5.625701953412808,21.688227921881428,348,0,0.01870967741935484,0.5783333333333334,0.0,0,0,0,4.8,37.42907132979428
6-car / 2.0 min,"OFF-PEAK
(Low, Stable)",35.48213211073226,42.63811031780703,498,0,0.026774193548387094,0.83,0.0,0,0,0,4.8,299.3016965190778
6-car / 2.0 min,"OFF-PEAK
(Low, Stable)",83.26121690716631,90.08511987128796,5,0,0.0002777777777777778,0.008333333333333333,0.0,0,0,0,4.8,11.738434742263859
6-car / 2.0 min,"OFF-PEAK
(Low, Stable)",9.74800946067761,31.175122945184228,425,0,0.023611111111111114,0.7066666666666667,0.0,0,0,1,5.1499999999999995,74.19840034646641
6-car / 2.0 min,"OFF-PEAK
(Low, Stable)",75.82523591385423,84.9126267437967,7,0,0.0003763440860215054,0.011666666666666667,0.0,0,0,0,4.8,13.646277523282993
6-car / 2.0 min,"OFF-PEAK
(Low, Stable)",43.20439056255188,50.67439675951301,500,0,0.02777777777777778,0.8333333333333334,0.0,0,0,0,4.8,364.8365880212657
6-car / 2.0 min,"OFF-PEAK
(Low, Stable)",16.96408938994486,23.057613826514746,482,0,0.025913978494623655,0.8033333333333333,0.0,0,0,0,4.8,141.07818476589037
6-car / 2.0 min,"OFF-PEAK
(Low, Stable)",67.31350710612658,72.30641234167705,4,0,0.00022222222222222223,0.006666666666666667,0.0,0,0,0,4.8,9.287567140408438
6-car / 2.0 min,"OFF-PEAK
(Low, Stable)",10.341547159532361,15.212192501610586,447,0,0.024833333333333332,0.745,0.0,0,0,1,5.1499999999999995,82.1945263385161
6-car / 2.0 min,"OFF-PEAK
(Low, Stable)",66.76013207011101,70.48226102390954,10,0,0.0005555555555555556,0.016666666666666666,0.0,0,0,0,4.8,15.926688678351834
6-car / 2.0 min,"OFF-PEAK
(Low, Stable)",120.7282854771022,124.63841150113132,8,0,0.0004301075268817205,0.013333333333333334,0.0,0,0,0,4.8,20.897104730280294
6-car / 2.0 min,"OFF-PEAK
(Low, Stable)",123.05910907415806,126.34199473921203,12,0,0.0006896551724137932,0.02,0.0,0,0,1,5.1499999999999995,29.76182181483161
6-car / 2.0 min,"OFF-PEAK
(Low, Stable)",122.5885109588732,127.5995814904488,9,0,0.0004838709677419355,0.015,0.0,0,0,0,4.8,23.18827664383098
6-car / 2.0 min,"OFF-PEAK
(Low, Stable)",84.9703439530369,90.08564496377173,6,0,0.0003225806451612903,0.01,0.0,0,0,0,4.8,13.29703439530369
6-car / 2.0 min,"OFF-PEAK
(Low, Stable)",17.839950752913495,50.01152378410011,484,0,0.02688888888888889,0.8033333333333333,0.0,0,0,0,4.8,148.7089360735022
6-car / 2.0 min,"OFF-PEAK
(Low, Stable)",30.96054334035173,42.31593253409383,6,0,0.0003448275862068966,0.01,0.0,0,0,1,5.1499999999999995,8.246054334035172
6-car / 2.0 min,"OFF-PEAK
(Low, Stable)",38.95376565743532,46.51917160567715,498,0,0.028620689655172414,0.83,0.0,0,0,1,5.1499999999999995,328.46625495671316
6-car / 2.0 min,"OFF-PEAK
(Low, Stable)",4.56522609325054,97.24364068609036,71,0,0.0038172043010752687,0.11333333333333333,0.0,0,0,0,4.8,10.202184210346472
6-car / 2.0 min,"OFF-PEAK
(Low, Stable)",85.93452900730202,88.69429125144222,4,0,0.00021505376344086024,0.006666666666666667,0.0,0,0,0,4.8,10.5289686004868
6-car / 2.0 min,"OFF-PEAK
(Low, Stable)",75.77010439733435,80.58666362411026,5,0,0.0002777777777777778,0.008333333333333333,0.0,0,0,0,4.8,11.11417536644453
6-car / 2.0 min,"OFF-PEAK
(Low, Stable)",28.135893594029678,35.40710715413254,496,0,0.026666666666666665,0.8266666666666667,0.0,0,0,0,4.8,237.39005371064536
6-car / 2.0 min,"OFF-PEAK
(Low, Stable)",13.4890648996111,19.29959693138709,457,0,0.026264367816091955,0.7616666666666667,0.0,0,0,2,5.5,108.2417109853712
6-car / 2.0 min,"OFF-PEAK
(Low, Stable)",9.072459655851068,64.78605740095955,428,0,0.02377777777777778,0.7083333333333334,0.0,0,0,0,4.8,69.51687887840428
6-car / 2.0 min,"OFF-PEAK
(Low, Stable)",10.028073108462632,46.92485245910483,435,0,0.023387096774193553,0.7233333333333334,0.0,0,0,0,4.8,77.50353003635408
6-car / 2.0 min,"OFF-PEAK
(Low, Stable)",83.58997962692227,89.39688172523834,9,0,0.0004838709677419355,0.015,0.0,0,0,0,4.8,17.33849694403834
6-car / 2.0 min,"OFF-PEAK
(Low, Stable)",75.51975941720674,84.45094469275601,6,0,0.0003225806451612903,0.01,0.0,0,0,0,4.8,12.351975941720674
6-car / 2.0 min,"OFF-PEAK
(Low, Stable)",56.127295094270885,63.26305251148984,7,0,0.00040229885057471265,0.011666666666666667,0.0,0,0,1,5.1499999999999995,11.698184427664936
6-car / 2.0 min,"OFF-PEAK
(Low, Stable)",33.64780541512153,41.75668709664464,9,0,0.0004838709677419355,0.015,0.0,0,0,0,4.8,9.84717081226823
6-car / 2.0 min,"OFF-PEAK
(Low, Stable)",159.4915154604852,164.21278368200996,5,0,0.00026881720430107527,0.008333333333333333,0.0,0,0,0,4.8,18.0909596217071
6-car / 2.0 min,"OFF-PEAK
(Low, Stable)",14.260970971384522,146.42293623570202,463,0,0.025722222222222223,0.765,0.0,0,0,0,4.8,114.84715932918388
6-car / 2.0 min,"OFF-PEAK
(Low, Stable)",11.331938170416992,97.78124953330445,447,0,0.024833333333333332,0.7433333333333333,0.0,0,0,0,4.8,89.22293936960659
6-car / 2.0 min,"OFF-PEAK
(Low, Stable)",13.911180270838088,91.52967833423452,463,0,0.025722222222222223,0.77,0.0,0,0,0,4.8,112.14794108996723
6-car / 2.0 min,"OFF-PEAK
(Low, Stable)",8.081967842144492,84.62353824852218,73,0,0.004055555555555556,0.11,0.0,0,0,1,5.1499999999999995,14.98306087460913
6-car / 2.0 min,"OFF-PEAK
(Low, Stable)",59.38657206780596,68.29357558453376,5,0,0.0002777777777777778,0.008333333333333333,0.0,0,0,0,4.8,9.748881005650496
6-car / 2.0 min,"OFF-PEAK
(Low, Stable)",11.073265699776783,39.09820786934134,26,0,0.0014444444444444446,0.03,0.0,0,0,0,4.8,9.59841513656994
6-car / 2.0 min,"OFF-PEAK
(Low, Stable)",79.20029879150337,90.51215297592603,6,0,0.0003225806451612903,0.01,0.0,0,0,0,4.8,12.720029879150337
6-car / 2.0 min,"OFF-PEAK
(Low, Stable)",59.46105990597766,61.698799231150765,6,0,0.0003448275862068966,0.01,0.0,0,0,1,5.1499999999999995,11.096105990597767
6-car / 2.0 min,"OFF-PEAK
(Low, Stable)",75.04039354306049,81.98419559785523,500,0,0.02777777777777778,0.8333333333333334,0.0,0,0,0,4.8,630.1366128588373
6-car / 2.0 min,"NORMAL
(Moderate, Typical)",0.0,0.0,0,0,0.0,0.0,0.0,0,0,3,5.85,5.85
6-car / 2.0 min,"NORMAL
(Moderate, Typical)",0.31936369600545034,0.8492019984192196,166,0,0.009222222222222222,0.27666666666666667,0.0,0,0,1,5.1499999999999995,6.033572892281746
6-car / 2.0 min,"NORMAL
(Moderate, Typical)",0.0,0.0,0,0,0.0,0.0,0.0,0,0,1,5.1499999999999995,5.1499999999999995
6-car / 2.0 min,"NORMAL
(Moderate, Typical)",0.0,0.0,0,0,0.0,0.0,0.0,0,0,1,5.1499999999999995,5.1499999999999995
6-car / 2.0 min,"NORMAL
(Moderate, Typical)",20.37337445721016,21.52164397829376,600,1400,0.03333333333333333,1.0,0.0,0,0,0,4.8,3008.5337445721016
6-car / 2.0 min,"NORMAL
(Moderate, Typical)",0.0,0.0,0,0,0.0,0.0,0.0,0,0,0,4.8,4.8
6-car / 2.0 min,"NORMAL
(Moderate, Typical)",50.10660346621351,51.24943022524215,600,1400,0.03225806451612903,1.0,0.0,0,0,0,4.8,3305.866034662135
6-car / 2.0 min,"NORMAL
(Moderate, Typical)",21.487991393058124,22.653263282262593,600,1400,0.03333333333333333,1.0,0.0,0,0,0,4.8,3019.6799139305813
6-car / 2.0 min,"NORMAL
(Moderate, Typical)",24.46170599357524,25.568090274537894,600,1400,0.03333333333333333,1.0,0.0,0,0,0,4.8,3049.4170599357526
6-car / 2.0 min,"NORMAL
(Moderate, Typical)",0.0,0.0,0,0,0.0,0.0,0.0,0,0,1,5.1499999999999995,5.1499999999999995
6-car / 2.0 min,"NORMAL
(Moderate, Typical)",1.961012426210523,3.0552396536423303,600,1400,0.03571428571428571,1.0,0.0,0,0,2,5.5,2825.1101242621053
6-car / 2.0 min,"NORMAL
(Moderate, Typical)",0.0,0.0,0,0,0.0,0.0,0.0,0,0,1,5.1499999999999995,5.1499999999999995
6-car / 2.0 min,"NORMAL
(Moderate, Typical)",0.0,0.0,0,0,0.0,0.0,0.0,0,0,0,4.8,4.8
6-car / 2.0 min,"NORMAL
(Moderate, Typical)",0.0,0.0,0,0,0.0,0.0,0.0,0,0,0,4.8,4.8
6-car / 2.0 min,"NORMAL
(Moderate, Typical)",0.0,0.0,0,0,0.0,0.0,0.0,0,0,1,5.1499999999999995,5.1499999999999995
6-car / 2.0 min,"NORMAL
(Moderate, Typical)",24.512904018008577,25.595410146884362,600,1400,0.034482758620689655,1.0,0.0,0,0,1,5.1499999999999995,3050.2790401800858
6-car / 2.0 min,"NORMAL
(Moderate, Typical)",5.941037591674596,7.073483456805728,600,1400,0.03333333333333333,1.0,0.0,0,0,0,4.8,2864.2103759167458
6-car / 2.0 min,"NORMAL
(Moderate, Typical)",0.0,0.0,0,0,0.0,0.0,0.0,0,0,0,4.8,4.8
6-car / 2.0 min,"NORMAL
(Moderate, Typical)",0.12481035869205366,0.23080475576216175,24,0,0.0013793103448275863,0.04,0.0,0,0,1,5.1499999999999995,5.199924143476821
6-car / 2.0 min,"NORMAL
(Moderate, Typical)",15.421560648924412,16.554632692265905,600,1400,0.03333333333333333,1.0,0.0,0,0,1,5.1499999999999995,2959.3656064892443
6-car / 2.0 min,"NORMAL
(Moderate, Typical)",0.0,0.0,0,0,0.0,0.0,0.0,0,0,0,4.8,4.8
6-car / 2.0 min,"NORMAL
(Moderate, Typical)",29.856122064511467,31.052621513783407,600,1400,0.03333333333333333,1.0,0.0,0,0,1,5.1499999999999995,3103.7112206451147
6-car / 2.0 min,"NORMAL
(Moderate, Typical)",0.0,0.0,0,0,0.0,0.0,0.0,0,0,1,5.1499999999999995,5.1499999999999995
6-car / 2.0 min,"NORMAL
(Moderate, Typical)",0.0,0.0,0,0,0.0,0.0,0.0,0,0,2,5.5,5.5
6-car / 2.0 min,"NORMAL
(Moderate, Typical)",2.016229256067263,3.1421106966051044,600,1400,0.03333333333333333,1.0,0.0,0,0,0,4.8,2824.9622925606727
6-car / 2.0 min,"NORMAL
(Moderate, Typical)",0.0,0.0,0,0,0.0,0.0,0.0,0,0,1,5.1499999999999995,5.1499999999999995
6-car / 2.0 min,"NORMAL
(Moderate, Typical)",40.68056442206224,41.83076102939235,600,1400,0.034482758620689655,1.0,0.0,0,0,1,5.1499999999999995,3211.955644220622
6-car / 2.0 min,"NORMAL
(Moderate, Typical)",40.1796315447455,41.33101210036578,600,1400,0.03225806451612903,1.0,0.0,0,0,0,4.8,3206.596315447455
6-car / 2.0 min,"NORMAL
(Moderate, Typical)",0.0,0.0,0,0,0.0,0.0,0.0,0,0,1,5.1499999999999995,5.1499999999999995
6-car / 2.0 min,"NORMAL
(Moderate, Typical)",106.19273064040331,107.25155511825207,600,1400,0.03333333333333333,1.0,0.0,0,0,1,5.1499999999999995,3867.077306404033
6-car / 2.0 min,"NORMAL
(Moderate, Typical)",19.605153420049202,20.77322756790371,600,1400,0.03225806451612903,1.0,0.0,0,0,0,4.8,3000.851534200492
6-car / 2.0 min,"NORMAL
(Moderate, Typical)",0.0,0.0,0,0,0.0,0.0,0.0,0,0,1,5.1499999999999995,5.1499999999999995
6-car / 2.0 min,"NORMAL
(Moderate, Typical)",45.048572684143146,46.253759074677326,600,1400,0.03225806451612903,1.0,0.0,0,0,0,4.8,3255.2857268414314
6-car / 2.0 min,"NORMAL
(Moderate, Typical)",0.0,0.0,0,0,0.0,0.0,0.0,0,0,2,5.5,5.5
6-car / 2.0 min,"NORMAL
(Moderate, Typical)",0.0,0.0,0,0,0.0,0.0,0.0,0,0,1,5.1499999999999995,5.1499999999999995
6-car / 2.0 min,"NORMAL
(Moderate, Typical)",0.0,0.0,0,0,0.0,0.0,0.0,0,0,0,4.8,4.8
6-car / 2.0 min,"NORMAL
(Moderate, Typical)",0.0,0.0,0,0,0.0,0.0,0.0,0,0,1,5.1499999999999995,5.1499999999999995
6-car / 2.0 min,"NORMAL
(Moderate, Typical)",0.0,0.0,0,0,0.0,0.0,0.0,0,0,0,4.8,4.8
6-car / 2.0 min,"NORMAL
(Moderate, Typical)",0.0,0.0,0,0,0.0,0.0,0.0,0,0,1,5.1499999999999995,5.1499999999999995
6-car / 2.0 min,"NORMAL
(Moderate, Typical)",1.5312171808560147,2.6031861588576275,600,1400,0.034482758620689655,1.0,0.0,0,0,1,5.1499999999999995,2820.46217180856
6-car / 2.0 min,"NORMAL
(Moderate, Typical)",0.0,0.0,0,0,0.0,0.0,0.0,0,0,1,5.1499999999999995,5.1499999999999995
6-car / 2.0 min,"NORMAL
(Moderate, Typical)",0.0,0.0,0,0,0.0,0.0,0.0,0,0,1,5.1499999999999995,5.1499999999999995
6-car / 2.0 min,"NORMAL
(Moderate, Typical)",0.0,0.0,0,0,0.0,0.0,0.0,0,0,0,4.8,4.8
6-car / 2.0 min,"NORMAL
(Moderate, Typical)",0.0,0.0,0,0,0.0,0.0,0.0,0,0,0,4.8,4.8
6-car / 2.0 min,"NORMAL
(Moderate, Typical)",0.0,0.0,0,0,0.0,0.0,0.0,0,0,1,5.1499999999999995,5.1499999999999995
6-car / 2.0 min,"NORMAL
(Moderate, Typical)",40.49969747636287,41.625772635041194,600,1400,0.03225806451612903,1.0,0.0,0,0,0,4.8,3209.796974763629
6-car / 2.0 min,"NORMAL
(Moderate, Typical)",3.031590653303159,4.1330349647055185,600,1400,0.03333333333333333,1.0,0.0,0,0,0,4.8,2835.1159065330316
6-car / 2.0 min,"NORMAL
(Moderate, Typical)",0.0,0.0,0,0,0.0,0.0,0.0,0,0,1,5.1499999999999995,5.1499999999999995
6-car / 2.0 min,"NORMAL
(Moderate, Typical)",0.0,0.0,0,0,0.0,0.0,0.0,0,0,0,4.8,4.8
6-car / 2.0 min,"NORMAL
(Moderate, Typical)",120.89715963910199,122.06455585726978,600,1400,0.034482758620689655,1.0,0.0,0,0,2,5.5,4014.47159639102
6-car / 2.0 min,"NORMAL
(Moderate, Typical)",11.434570029952486,12.592437211982057,600,1400,0.03225806451612903,1.0,0.0,0,0,0,4.8,2919.145700299525
6-car / 2.0 min,"NORMAL
(Moderate, Typical)",0.0,0.0,0,0,0.0,0.0,0.0,0,0,1,5.1499999999999995,5.1499999999999995
6-car / 2.0 min,"NORMAL
(Moderate, Typical)",31.110019994859005,32.28295759149714,600,1400,0.03225806451612903,1.0,0.0,0,0,0,4.8,3115.90019994859
6-car / 2.0 min,"NORMAL
(Moderate, Typical)",0.37781669222068903,0.9958109390570864,227,0,0.013045977011494254,0.37833333333333335,0.0,0,0,1,5.1499999999999995,6.579406485568272
6-car / 2.0 min,"NORMAL
(Moderate, Typical)",0.0,0.0,0,0,0.0,0.0,0.0,0,0,0,4.8,4.8
6-car / 2.0 min,"NORMAL
(Moderate, Typical)",0.0,0.0,0,0,0.0,0.0,0.0,0,0,2,5.5,5.5
6-car / 2.0 min,"NORMAL
(Moderate, Typical)",0.0,0.0,0,0,0.0,0.0,0.0,0,0,0,4.8,4.8
6-car / 2.0 min,"NORMAL
(Moderate, Typical)",9.14374611683115,10.228863352993253,600,1400,0.03225806451612903,1.0,0.0,0,0,0,4.8,2896.2374611683117
6-car / 2.0 min,"NORMAL
(Moderate, Typical)",0.0,0.0,0,0,0.0,0.0,0.0,0,0,1,5.1499999999999995,5.1499999999999995
6-car / 2.0 min,"NORMAL
(Moderate, Typical)",58.948325522801184,59.99558557919837,600,1400,0.03333333333333333,1.0,0.0,0,0,1,5.1499999999999995,3394.633255228012
6-car / 2.0 min,"NORMAL
(Moderate, Typical)",0.0,0.0,0,0,0.0,0.0,0.0,0,0,0,4.8,4.8
6-car / 2.0 min,"NORMAL
(Moderate, Typical)",0.0,0.0,0,0,0.0,0.0,0.0,0,0,0,4.8,4.8
6-car / 2.0 min,"NORMAL
(Moderate, Typical)",42.210155236918936,43.35911216761766,600,1400,0.03225806451612903,1.0,0.0,0,0,0,4.8,3226.9015523691896
6-car / 2.0 min,"NORMAL
(Moderate, Typical)",0.0,0.0,0,0,0.0,0.0,0.0,0,0,1,5.1499999999999995,5.1499999999999995
6-car / 2.0 min,"NORMAL
(Moderate, Typical)",4.440125851411734,5.597902425179325,600,1400,0.034482758620689655,1.0,0.0,0,0,2,5.5,2849.901258514117
6-car / 2.0 min,"NORMAL
(Moderate, Typical)",0.0,0.0,0,0,0.0,0.0,0.0,0,0,1,5.1499999999999995,5.1499999999999995
6-car / 2.0 min,"NORMAL
(Moderate, Typical)",59.34230004840266,60.46271978695674,600,1400,0.03333333333333333,1.0,0.0,0,0,0,4.8,3398.2230004840267
6-car / 2.0 min,"NORMAL
(Moderate, Typical)",43.987274766140146,45.16543861546125,600,1400,0.03225806451612903,1.0,0.0,0,0,0,4.8,3244.6727476614014
6-car / 2.0 min,"NORMAL
(Moderate, Typical)",0.0,0.0,0,0,0.0,0.0,0.0,0,0,1,5.1499999999999995,5.1499999999999995
6-car / 2.0 min,"NORMAL
(Moderate, Typical)",0.0,0.0,0,0,0.0,0.0,0.0,0,0,0,4.8,4.8
6-car / 2.0 min,"NORMAL
(Moderate, Typical)",0.0,0.0,0,0,0.0,0.0,0.0,0,0,2,5.5,5.5
6-car / 2.0 min,"NORMAL
(Moderate, Typical)",51.76492723427193,52.9004467800911,600,1400,0.03333333333333333,1.0,0.0,0,0,0,4.8,3322.4492723427193
6-car / 2.0 min,"NORMAL
(Moderate, Typical)",28.118452995594804,29.271727898222203,600,1400,0.03225806451612903,1.0,0.0,0,0,0,4.8,3085.984529955948
6-car / 2.0 min,"NORMAL
(Moderate, Typical)",0.0,0.0,0,0,0.0,0.0,0.0,0,0,0,4.8,4.8
6-car / 2.0 min,"NORMAL
(Moderate, Typical)",0.0,0.0,0,0,0.0,0.0,0.0,0,0,3,5.85,5.85
6-car / 2.0 min,"NORMAL
(Moderate, Typical)",39.065781767552664,40.25078681780902,600,1400,0.03333333333333333,1.0,0.0,0,0,1,5.1499999999999995,3195.8078176755266
6-car / 2.0 min,"NORMAL
(Moderate, Typical)",19.826162640705814,20.891895816886866,600,1400,0.03333333333333333,1.0,0.0,0,0,1,5.1499999999999995,3003.411626407058
6-car / 2.0 min,"NORMAL
(Moderate, Typical)",23.998478658574736,25.13929235806904,600,1400,0.03333333333333333,1.0,0.0,0,0,1,5.1499999999999995,3045.1347865857474
6-car / 2.0 min,"NORMAL
(Moderate, Typical)",0.0,0.0,0,0,0.0,0.0,0.0,0,0,1,5.1499999999999995,5.1499999999999995
6-car / 2.0 min,"NORMAL
(Moderate, Typical)",60.45731360913511,61.5943980210757,600,1400,0.03333333333333333,1.0,0.0,0,0,0,4.8,3409.373136091351
6-car / 2.0 min,"NORMAL
(Moderate, Typical)",13.286326275320567,14.39089153671342,600,1400,0.03225806451612903,1.0,0.0,0,0,0,4.8,2937.663262753206
6-car / 2.0 min,"NORMAL
(Moderate, Typical)",8.700547468960583,9.790934188175006,600,1400,0.03333333333333333,1.0,0.0,0,0,1,5.1499999999999995,2892.155474689606
6-car / 2.0 min,"NORMAL
(Moderate, Typical)",0.0,0.0,0,0,0.0,0.0,0.0,0,0,1,5.1499999999999995,5.1499999999999995
6-car / 2.0 min,"NORMAL
(Moderate, Typical)",0.0,0.0,0,0,0.0,0.0,0.0,0,0,0,4.8,4.8
6-car / 2.0 min,"NORMAL
(Moderate, Typical)",24.5636302087394,25.799921806199077,600,1400,0.03225806451612903,1.0,0.0,0,0,0,4.8,3050.436302087394
6-car / 2.0 min,"NORMAL
(Moderate, Typical)",15.935946072096119,17.093794277222212,600,1400,0.03333333333333333,1.0,0.0,0,0,1,5.1499999999999995,2964.509460720961
6-car / 2.0 min,"NORMAL
(Moderate, Typical)",0.0,0.0,0,0,0.0,0.0,0.0,0,0,2,5.5,5.5
6-car / 2.0 min,"NORMAL
(Moderate, Typical)",17.582525817541484,18.816536430869622,600,1400,0.03225806451612903,1.0,0.0,0,0,0,4.8,2980.6252581754147
6-car / 2.0 min,"NORMAL
(Moderate, Typical)",0.0,0.0,0,0,0.0,0.0,0.0,0,0,1,5.1499999999999995,5.1499999999999995
6-car / 2.0 min,"NORMAL
(Moderate, Typical)",0.0,0.0,0,0,0.0,0.0,0.0,0,0,1,5.1499999999999995,5.1499999999999995
6-car / 2.0 min,"NORMAL
(Moderate, Typical)",39.13661174344845,40.31876636573622,600,1400,0.03333333333333333,1.0,0.0,0,0,1,5.1499999999999995,3196.5161174344844
6-car / 2.0 min,"NORMAL
(Moderate, Typical)",0.0,0.0,0,0,0.0,0.0,0.0,0,0,1,5.1499999999999995,5.1499999999999995
6-car / 2.0 min,"NORMAL
(Moderate, Typical)",0.0,0.0,0,0,0.0,0.0,0.0,0,0,1,5.1499999999999995,5.1499999999999995
6-car / 2.0 min,"NORMAL
(Moderate, Typical)",24.61182647227377,25.696357790274906,600,1400,0.037037037037037035,1.0,0.0,0,0,3,5.85,3051.968264722738
6-car / 2.0 min,"NORMAL
(Moderate, Typical)",0.0,0.0,0,0,0.0,0.0,0.0,0,0,1,5.1499999999999995,5.1499999999999995
6-car / 2.0 min,"NORMAL
(Moderate, Typical)",0.0,0.0,0,0,0.0,0.0,0.0,0,0,1,5.1499999999999995,5.1499999999999995
6-car / 2.0 min,"NORMAL
(Moderate, Typical)",0.0,0.0,0,0,0.0,0.0,0.0,0,0,0,4.8,4.8
6-car / 2.0 min,"NORMAL
(Moderate, Typical)",24.472108137621127,25.568419702444228,600,1400,0.03333333333333333,1.0,0.0,0,0,0,4.8,3049.5210813762114
6-car / 2.0 min,"NORMAL
(Moderate, Typical)",0.0,0.0,0,0,0.0,0.0,0.0,0,0,1,5.1499999999999995,5.1499999999999995
6-car / 2.0 min,"NORMAL
(Moderate, Typical)",0.0,0.0,0,0,0.0,0.0,0.0,0,0,0,4.8,4.8
6-car / 2.0 min,"PEAK
(High, Busy)",0.0,0.0,0,0,0.0,0.0,0.0,0,0,0,4.8,4.8
6-car / 2.0 min,"PEAK
(High, Busy)",0.0,0.0,0,0,0.0,0.0,0.0,0,0,0,4.8,4.8
6-car / 2.0 min,"PEAK
(High, Busy)",0.0,0.0,0,0,0.0,0.0,0.0,0,0,0,4.8,4.8
6-car / 2.0 min,"PEAK
(High, Busy)",23.289251800233274,23.630044359949984,600,3400,0.03225806451612903,1.0,0.0,0,0,0,4.8,7037.692518002333
6-car / 2.0 min,"PEAK
(High, Busy)",69.64941848396117,70.00810319636753,600,3400,0.034482758620689655,1.0,0.0,0,0,2,5.5,7501.994184839612
6-car / 2.0 min,"PEAK
(High, Busy)",0.0,0.0,0,0,0.0,0.0,0.0,0,0,2,5.5,5.5
6-car / 2.0 min,"PEAK
(High, Busy)",102.11404936080427,102.48212199660688,600,3400,0.03333333333333333,1.0,0.0,0,0,1,5.1499999999999995,7826.290493608043
6-car / 2.0 min,"PEAK
(High, Busy)",0.0,0.0,0,0,0.0,0.0,0.0,0,0,0,4.8,4.8
6-car / 2.0 min,"PEAK
(High, Busy)",0.0,0.0,0,0,0.0,0.0,0.0,0,0,1,5.1499999999999995,5.1499999999999995
6-car / 2.0 min,"PEAK
(High, Busy)",0.0,0.0,0,0,0.0,0.0,0.0,0,0,0,4.8,4.8
6-car / 2.0 min,"PEAK
(High, Busy)",130.37527483867044,130.7589625771873,600,3400,0.038461538461538464,1.0,0.0,0,0,5,6.55,8110.3027483867045
6-car / 2.0 min,"PEAK
(High, Busy)",0.0,0.0,0,0,0.0,0.0,0.0,0,0,0,4.8,4.8
6-car / 2.0 min,"PEAK
(High, Busy)",0.0,0.0,0,0,0.0,0.0,0.0,0,0,0,4.8,4.8
6-car / 2.0 min,"PEAK
(High, Busy)",0.0,0.0,0,0,0.0,0.0,0.0,0,0,1,5.1499999999999995,5.1499999999999995
6-car / 2.0 min,"PEAK
(High, Busy)",0.0,0.0,0,0,0.0,0.0,0.0,0,0,1,5.1499999999999995,5.1499999999999995
6-car / 2.0 min,"PEAK
(High, Busy)",0.0,0.0,0,0,0.0,0.0,0.0,0,0,1,5.1499999999999995,5.1499999999999995
6-car / 2.0 min,"PEAK
(High, Busy)",6.413655389833396,6.797187553445846,600,3400,0.03333333333333333,1.0,0.0,0,0,0,4.8,6868.936553898334
6-car / 2.0 min,"PEAK
(High, Busy)",33.338542623893794,33.713612040835315,600,3400,0.03333333333333333,1.0,0.0,0,0,0,4.8,7138.185426238938
6-car / 2.0 min,"PEAK
(High, Busy)",0.761535753711589,1.1392128770343084,600,3400,0.03333333333333333,1.0,0.0,0,0,0,4.8,6812.415357537116
6-car / 2.0 min,"PEAK
(High, Busy)",4.094326759146943,4.471395937475389,600,3400,0.03225806451612903,1.0,0.0,0,0,0,4.8,6845.74326759147
6-car / 2.0 min,"PEAK
(High, Busy)",0.0,0.0,0,0,0.0,0.0,0.0,0,0,1,5.1499999999999995,5.1499999999999995
6-car / 2.0 min,"PEAK
(High, Busy)",60.830187821115736,61.18013391638538,600,3400,0.03333333333333333,1.0,0.0,0,0,1,5.1499999999999995,7413.451878211157
6-car / 2.0 min,"PEAK
(High, Busy)",50.78706235317285,51.14535370073883,600,3400,0.034482758620689655,1.0,0.0,0,0,1,5.1499999999999995,7313.020623531728
6-car / 2.0 min,"PEAK
(High, Busy)",1.0978397854662607,1.4642917492117908,600,3400,0.03333333333333333,1.0,0.0,0,0,0,4.8,6815.778397854662
6-car / 2.0 min,"PEAK
(High, Busy)",0.0,0.0,0,0,0.0,0.0,0.0,0,0,0,4.8,4.8
6-car / 2.0 min,"PEAK
(High, Busy)",5.42660060341519,5.792575164518903,600,3400,0.03333333333333333,1.0,0.0,0,0,0,4.8,6859.0660060341515
6-car / 2.0 min,"PEAK
(High, Busy)",0.0,0.0,0,0,0.0,0.0,0.0,0,0,2,5.5,5.5
6-car / 2.0 min,"PEAK
(High, Busy)",10.47050250661313,10.817849512263951,600,3400,0.034482758620689655,1.0,0.0,0,0,1,5.1499999999999995,6909.855025066131
6-car / 2.0 min,"PEAK
(High, Busy)",180.34127252551696,180.72536689625113,600,3400,0.034482758620689655,1.0,0.0,0,0,2,5.5,8608.91272525517
6-car / 2.0 min,"PEAK
(High, Busy)",0.0,0.0,0,0,0.0,0.0,0.0,0,0,1,5.1499999999999995,5.1499999999999995
6-car / 2.0 min,"PEAK
(High, Busy)",0.0,0.0,0,0,0.0,0.0,0.0,0,0,1,5.1499999999999995,5.1499999999999995
6-car / 2.0 min,"PEAK
(High, Busy)",0.0,0.0,0,0,0.0,0.0,0.0,0,0,1,5.1499999999999995,5.1499999999999995
6-car / 2.0 min,"PEAK
(High, Busy)",15.964274747969993,16.324025202020824,600,3400,0.03333333333333333,1.0,0.0,0,0,1,5.1499999999999995,6964.7927474797
6-car / 2.0 min,"PEAK
(High, Busy)",16.340712783072092,16.70222055181496,600,3400,0.03333333333333333,1.0,0.0,0,0,1,5.1499999999999995,6968.557127830721
6-car / 2.0 min,"PEAK
(High, Busy)",0.0,0.0,0,0,0.0,0.0,0.0,0,0,0,4.8,4.8
6-car / 2.0 min,"PEAK
(High, Busy)",0.0,0.0,0,0,0.0,0.0,0.0,0,0,0,4.8,4.8
6-car / 2.0 min,"PEAK
(High, Busy)",34.080983434913904,34.47680427762333,600,3400,0.034482758620689655,1.0,0.0,0,0,1,5.1499999999999995,7145.959834349139
6-car / 2.0 min,"PEAK
(High, Busy)",0.0,0.0,0,0,0.0,0.0,0.0,0,0,0,4.8,4.8
6-car / 2.0 min,"PEAK
(High, Busy)",33.06550594028053,33.44917433251375,600,3400,0.03571428571428571,1.0,0.0,0,0,3,5.85,7136.505059402805
6-car / 2.0 min,"PEAK
(High, Busy)",8.545445251219121,8.916245171205254,600,3400,0.03333333333333333,1.0,0.0,0,0,1,5.1499999999999995,6890.6044525121915
6-car / 2.0 min,"PEAK
(High, Busy)",0.0,0.0,0,0,0.0,0.0,0.0,0,0,1,5.1499999999999995,5.1499999999999995
6-car / 2.0 min,"PEAK
(High, Busy)",0.0,0.0,0,0,0.0,0.0,0.0,0,0,0,4.8,4.8
6-car / 2.0 min,"PEAK
(High, Busy)",31.1167004875297,31.47891327905746,600,3400,0.03333333333333333,1.0,0.0,0,0,0,4.8,7115.967004875297
6-car / 2.0 min,"PEAK
(High, Busy)",13.208749411337477,13.571895837834873,600,3400,0.03571428571428571,1.0,0.0,0,0,2,5.5,6937.587494113375
6-car / 2.0 min,"PEAK
(High, Busy)",0.0,0.0,0,0,0.0,0.0,0.0,0,0,0,4.8,4.8
6-car / 2.0 min,"PEAK
(High, Busy)",5.1464700771440555,5.490187137624322,600,3400,0.03333333333333333,1.0,0.0,0,0,1,5.1499999999999995,6856.614700771441
6-car / 2.0 min,"PEAK
(High, Busy)",0.0,0.0,0,0,0.0,0.0,0.0,0,0,0,4.8,4.8
6-car / 2.0 min,"PEAK
(High, Busy)",42.07441480195198,42.43526793483473,600,3400,0.03333333333333333,1.0,0.0,0,0,0,4.8,7225.5441480195195
6-car / 2.0 min,"PEAK
(High, Busy)",0.0,0.0,0,0,0.0,0.0,0.0,0,0,1,5.1499999999999995,5.1499999999999995
6-car / 2.0 min,"PEAK
(High, Busy)",0.0,0.0,0,0,0.0,0.0,0.0,0,0,0,4.8,4.8
6-car / 2.0 min,"PEAK
(High, Busy)",0.0,0.0,0,0,0.0,0.0,0.0,0,0,3,5.85,5.85
6-car / 2.0 min,"PEAK
(High, Busy)",0.0,0.0,0,0,0.0,0.0,0.0,0,0,3,5.85,5.85
6-car / 2.0 min,"PEAK
(High, Busy)",0.0,0.0,0,0,0.0,0.0,0.0,0,0,1,5.1499999999999995,5.1499999999999995
6-car / 2.0 min,"PEAK
(High, Busy)",0.0,0.0,0,0,0.0,0.0,0.0,0,0,0,4.8,4.8
6-car / 2.0 min,"PEAK
(High, Busy)",15.882978741185392,16.267120397495145,600,3400,0.03333333333333333,1.0,0.0,0,0,1,5.1499999999999995,6963.979787411854
6-car / 2.0 min,"PEAK
(High, Busy)",0.0,0.0,0,0,0.0,0.0,0.0,0,0,1,5.1499999999999995,5.1499999999999995
6-car / 2.0 min,"PEAK
(High, Busy)",0.0,0.0,0,0,0.0,0.0,0.0,0,0,0,4.8,4.8
6-car / 2.0 min,"PEAK
(High, Busy)",0.0,0.0,0,0,0.0,0.0,0.0,0,0,2,5.5,5.5
6-car / 2.0 min,"PEAK
(High, Busy)",19.690367804982994,20.081231750885873,600,3400,0.03225806451612903,1.0,0.0,0,0,0,4.8,7001.70367804983
6-car / 2.0 min,"PEAK
(High, Busy)",2.1725147954175927,2.539323359871843,600,3400,0.03333333333333333,1.0,0.0,0,0,1,5.1499999999999995,6826.875147954176
6-car / 2.0 min,"PEAK
(High, Busy)",0.0,0.0,0,0,0.0,0.0,0.0,0,0,2,5.5,5.5
6-car / 2.0 min,"PEAK
(High, Busy)",24.9368807754403,25.296467748587986,600,3400,0.03333333333333333,1.0,0.0,0,0,0,4.8,7054.168807754403
6-car / 2.0 min,"PEAK
(High, Busy)",58.00167179005023,58.37007961566403,600,3400,0.03225806451612903,1.0,0.0,0,0,0,4.8,7384.816717900502
6-car / 2.0 min,"PEAK
(High, Busy)",23.93381119400747,24.292896451347723,600,3400,0.03333333333333333,1.0,0.0,0,0,1,5.1499999999999995,7044.488111940074
6-car / 2.0 min,"PEAK
(High, Busy)",67.83453086355647,68.22535436690536,600,3400,0.03333333333333333,1.0,0.0,0,0,1,5.1499999999999995,7483.4953086355645
6-car / 2.0 min,"PEAK
(High, Busy)",0.0,0.0,0,0,0.0,0.0,0.0,0,0,0,4.8,4.8
6-car / 2.0 min,"PEAK
(High, Busy)",0.0,0.0,0,0,0.0,0.0,0.0,0,0,2,5.5,5.5
6-car / 2.0 min,"PEAK
(High, Busy)",19.643941775440357,20.004434341582982,600,3400,0.03225806451612903,1.0,0.0,0,0,0,4.8,7001.239417754404
6-car / 2.0 min,"PEAK
(High, Busy)",46.032940758239256,46.38674904585304,600,3400,0.034482758620689655,1.0,0.0,0,0,1,5.1499999999999995,7265.479407582393
6-car / 2.0 min,"PEAK
(High, Busy)",24.10185835592356,24.46402915537177,600,3400,0.03333333333333333,1.0,0.0,0,0,0,4.8,7045.818583559236
6-car / 2.0 min,"PEAK
(High, Busy)",37.83554200030937,38.20535320095027,600,3400,0.03333333333333333,1.0,0.0,0,0,1,5.1499999999999995,7183.505420003094
6-car / 2.0 min,"PEAK
(High, Busy)",43.58308912495296,43.95408321295515,600,3400,0.03333333333333333,1.0,0.0,0,0,0,4.8,7240.63089124953
6-car / 2.0 min,"PEAK
(High, Busy)",0.0,0.0,0,0,0.0,0.0,0.0,0,0,0,4.8,4.8
6-car / 2.0 min,"PEAK
(High, Busy)",48.98194597449228,49.353022526606665,600,3400,0.034482758620689655,1.0,0.0,0,0,2,5.5,7295.319459744923
6-car / 2.0 min,"PEAK
(High, Busy)",99.97902902528064,100.34705856576055,600,3400,0.03571428571428571,1.0,0.0,0,0,2,5.5,7805.290290252807
6-car / 2.0 min,"PEAK
(High, Busy)",0.0,0.0,0,0,0.0,0.0,0.0,0,0,0,4.8,4.8
6-car / 2.0 min,"PEAK
(High, Busy)",61.56489274418905,61.928641376516616,600,3400,0.03333333333333333,1.0,0.0,0,0,0,4.8,7420.44892744189
6-car / 2.0 min,"PEAK
(High, Busy)",29.957562151105193,30.321804906838565,600,3400,0.034482758620689655,1.0,0.0,0,0,1,5.1499999999999995,7104.725621511052
6-car / 2.0 min,"PEAK
(High, Busy)",0.0,0.0,0,0,0.0,0.0,0.0,0,0,2,5.5,5.5
6-car / 2.0 min,"PEAK
(High, Busy)",0.0,0.0,0,0,0.0,0.0,0.0,0,0,2,5.5,5.5
6-car / 2.0 min,"PEAK
(High, Busy)",0.0,0.0,0,0,0.0,0.0,0.0,0,0,0,4.8,4.8
6-car / 2.0 min,"PEAK
(High, Busy)",5.646869709486666,6.018499540560677,600,3400,0.03333333333333333,1.0,0.0,0,0,0,4.8,6861.268697094867
6-car / 2.0 min,"PEAK
(High, Busy)",16.714200962937856,17.087613437549756,600,3400,0.03333333333333333,1.0,0.0,0,0,0,4.8,6971.942009629379
6-car / 2.0 min,"PEAK
(High, Busy)",0.0,0.0,0,0,0.0,0.0,0.0,0,0,0,4.8,4.8
6-car / 2.0 min,"PEAK
(High, Busy)",0.0,0.0,0,0,0.0,0.0,0.0,0,0,0,4.8,4.8
6-car / 2.0 min,"PEAK
(High, Busy)",13.272196258608998,13.647685445655135,600,3400,0.03225806451612903,1.0,0.0,0,0,0,4.8,6937.52196258609
6-car / 2.0 min,"PEAK
(High, Busy)",0.0,0.0,0,0,0.0,0.0,0.0,0,0,0,4.8,4.8
6-car / 2.0 min,"PEAK
(High, Busy)",26.73156444239456,27.092958127438454,600,3400,0.03225806451612903,1.0,0.0,0,0,0,4.8,7072.115644423946
6-car / 2.0 min,"PEAK
(High, Busy)",0.0,0.0,0,0,0.0,0.0,0.0,0,0,0,4.8,4.8
6-car / 2.0 min,"PEAK
(High, Busy)",3.8308825290006947,4.233980543537249,600,3400,0.03333333333333333,1.0,0.0,0,0,0,4.8,6843.108825290007
6-car / 2.0 min,"PEAK
(High, Busy)",48.70370804525751,49.07124556579983,600,3400,0.03225806451612903,1.0,0.0,0,0,0,4.8,7291.837080452575
6-car / 2.0 min,"PEAK
(High, Busy)",0.0,0.0,0,0,0.0,0.0,0.0,0,0,2,5.5,5.5
6-car / 2.0 min,"PEAK
(High, Busy)",0.0,0.0,0,0,0.0,0.0,0.0,0,0,2,5.5,5.5
6-car / 2.0 min,"PEAK
(High, Busy)",0.0,0.0,0,0,0.0,0.0,0.0,0,0,1,5.1499999999999995,5.1499999999999995
6-car / 2.0 min,"PEAK
(High, Busy)",12.964005874663492,13.3241361469385,600,3400,0.03333333333333333,1.0,0.0,0,0,1,5.1499999999999995,6934.790058746635
6-car / 2.0 min,"PEAK
(High, Busy)",0.0,0.0,0,0,0.0,0.0,0.0,0,0,0,4.8,4.8
6-car / 2.0 min,"PEAK
(High, Busy)",0.009924848580275755,0.010352907621407195,2,0,0.00010752688172043012,0.0033333333333333335,0.0,0,0,0,4.8,4.800330828286009
6-car / 2.0 min,"PEAK
(High, Busy)",31.348920630332,31.747501187727856,600,3400,0.034482758620689655,1.0,0.0,0,0,1,5.1499999999999995,7118.63920630332
6-car / 2.0 min,"PEAK
(High, Busy)",5.041018160630748,5.414025529085563,600,3400,0.03333333333333333,1.0,0.0,0,0,0,4.8,6855.210181606308
6-car / 2.0 min,"PEAK
(High, Busy)",0.0,0.0,0,0,0.0,0.0,0.0,0,0,3,5.85,5.85
6-car / 2.0 min,"SURGE
(Very High)",20.342187293379393,20.53835263413625,600,5400,0.03333333333333333,1.0,0.0,0,0,1,5.1499999999999995,11008.571872933793
6-car / 2.0 min,"SURGE
(Very High)",6.441572937677473,6.633255571171396,600,5400,0.03333333333333333,1.0,0.0,0,0,1,5.1499999999999995,10869.565729376774
6-car / 2.0 min,"SURGE
(Very High)",0.0,0.0,0,0,0.0,0.0,0.0,0,0,0,4.8,4.8
6-car / 2.0 min,"SURGE
(Very High)",0.0,0.0,0,0,0.0,0.0,0.0,0,0,0,4.8,4.8
6-car / 2.0 min,"SURGE
(Very High)",15.193492295369209,15.385620671275824,600,5400,0.03333333333333333,1.0,0.0,0,0,0,4.8,10956.734922953692
6-car / 2.0 min,"SURGE
(Very High)",4.581157848484694,4.767958281166486,600,5400,0.03225806451612903,1.0,0.0,0,0,0,4.8,10850.611578484846
6-car / 2.0 min,"SURGE
(Very High)",23.135372230889235,23.32431079008661,600,5400,0.034482758620689655,1.0,0.0,0,0,2,5.5,11036.853722308892
6-car / 2.0 min,"SURGE
(Very High)",0.0,0.0,0,0,0.0,0.0,0.0,0,0,0,4.8,4.8
6-car / 2.0 min,"SURGE
(Very High)",12.611747459059876,12.79923747268574,600,5400,0.03225806451612903,1.0,0.0,0,0,0,4.8,10930.917474590598
6-car / 2.0 min,"SURGE
(Very High)",82.8745227836071,83.06592191931618,600,5400,0.034482758620689655,1.0,0.0,0,0,1,5.1499999999999995,11633.89522783607
6-car / 2.0 min,"SURGE
(Very High)",0.0,0.0,0,0,0.0,0.0,0.0,0,0,1,5.1499999999999995,5.1499999999999995
6-car / 2.0 min,"SURGE
(Very High)",0.0,0.0,0,0,0.0,0.0,0.0,0,0,2,5.5,5.5
6-car / 2.0 min,"SURGE
(Very High)",23.85207131447841,24.041622579904818,600,5400,0.03225806451612903,1.0,0.0,0,0,0,4.8,11043.320713144783
6-car / 2.0 min,"SURGE
(Very High)",45.21178288171816,45.40635807227806,600,5400,0.034482758620689655,1.0,0.0,0,0,2,5.5,11257.617828817181
6-car / 2.0 min,"SURGE
(Very High)",0.0,0.0,0,0,0.0,0.0,0.0,0,0,0,4.8,4.8
6-car / 2.0 min,"SURGE
(Very High)",0.0,0.0,0,0,0.0,0.0,0.0,0,0,0,4.8,4.8
6-car / 2.0 min,"SURGE
(Very High)",36.492769786760896,36.68087250699814,600,5400,0.03333333333333333,1.0,0.0,0,0,1,5.1499999999999995,11170.07769786761
6-car / 2.0 min,"SURGE
(Very High)",0.0,0.0,0,0,0.0,0.0,0.0,0,0,1,5.1499999999999995,5.1499999999999995
6-car / 2.0 min,"SURGE
(Very High)",0.0,0.0,0,0,0.0,0.0,0.0,0,0,1,5.1499999999999995,5.1499999999999995
6-car / 2.0 min,"SURGE
(Very High)",7.797798255045731,7.983554485766271,600,5400,0.034482758620689655,1.0,0.0,0,0,1,5.1499999999999995,10883.127982550457
6-car / 2.0 min,"SURGE
(Very High)",11.593495503381071,11.777931739379023,600,5400,0.03225806451612903,1.0,0.0,0,0,0,4.8,10920.734955033811
6-car / 2.0 min,"SURGE
(Very High)",0.0,0.0,0,0,0.0,0.0,0.0,0,0,0,4.8,4.8
6-car / 2.0 min,"SURGE
(Very High)",0.0,0.0,0,0,0.0,0.0,0.0,0,0,3,5.85,5.85
6-car / 2.0 min,"SURGE
(Very High)",59.907017047477495,60.10471286322286,600,5400,0.034482758620689655,1.0,0.0,0,0,1,5.1499999999999995,11404.220170474775
6-car / 2.0 min,"SURGE
(Very High)",3.156511838537914,3.3422598098648986,600,5400,0.034482758620689655,1.0,0.0,0,0,1,5.1499999999999995,10836.715118385378
6-car / 2.0 min,"SURGE
(Very High)",21.84240300497042,22.04086787145827,600,5400,0.034482758620689655,1.0,0.0,0,0,2,5.5,11023.924030049704
6-car / 2.0 min,"SURGE
(Very High)",0.0,0.0,0,0,0.0,0.0,0.0,0,0,1,5.1499999999999995,5.1499999999999995
6-car / 2.0 min,"SURGE
(Very High)",39.63390090690312,39.82897475892803,600,5400,0.03571428571428571,1.0,0.0,0,0,2,5.5,11201.839009069032
6-car / 2.0 min,"SURGE
(Very High)",61.59757142080867,61.78351893143612,600,5400,0.034482758620689655,1.0,0.0,0,0,1,5.1499999999999995,11421.125714208087
6-car / 2.0 min,"SURGE
(Very High)",0.0,0.0,0,0,0.0,0.0,0.0,0,0,2,5.5,5.5
6-car / 2.0 min,"SURGE
(Very High)",51.7579338895297,51.94116117294611,600,5400,0.03571428571428571,1.0,0.0,0,0,2,5.5,11323.079338895297
6-car / 2.0 min,"SURGE
(Very High)",0.0,0.0,0,0,0.0,0.0,0.0,0,0,0,4.8,4.8
6-car / 2.0 min,"SURGE
(Very High)",21.474071585218468,21.671284919402662,600,5400,0.03571428571428571,1.0,0.0,0,0,2,5.5,11020.240715852186
6-car / 2.0 min,"SURGE
(Very High)",0.0,0.0,0,0,0.0,0.0,0.0,0,0,0,4.8,4.8
6-car / 2.0 min,"SURGE
(Very High)",48.431528581192715,48.625498531093136,600,5400,0.03333333333333333,1.0,0.0,0,0,1,5.1499999999999995,11289.465285811928
6-car / 2.0 min,"SURGE
(Very High)",8.981772962147822,9.18365117927194,600,5400,0.03333333333333333,1.0,0.0,0,0,1,5.1499999999999995,10894.967729621478
6-car / 2.0 min,"SURGE
(Very High)",0.0,0.0,0,0,0.0,0.0,0.0,0,0,1,5.1499999999999995,5.1499999999999995
6-car / 2.0 min,"SURGE
(Very High)",0.0,0.0,0,0,0.0,0.0,0.0,0,0,2,5.5,5.5
6-car / 2.0 min,"SURGE
(Very High)",30.5471032656807,30.740202828420266,600,5400,0.03333333333333333,1.0,0.0,0,0,0,4.8,11110.271032656807
6-car / 2.0 min,"SURGE
(Very High)",217.06227204021633,217.2611587912887,600,5400,0.03571428571428571,1.0,0.0,0,0,2,5.5,12976.122720402163
6-car / 2.0 min,"SURGE
(Very High)",0.0,0.0,0,0,0.0,0.0,0.0,0,0,1,5.1499999999999995,5.1499999999999995
6-car / 2.0 min,"SURGE
(Very High)",0.0,0.0,0,0,0.0,0.0,0.0,0,0,2,5.5,5.5
6-car / 2.0 min,"SURGE
(Very High)",18.35212948939492,18.54490947355065,600,5400,0.034482758620689655,1.0,0.0,0,0,1,5.1499999999999995,10988.67129489395
6-car / 2.0 min,"SURGE
(Very High)",0.0,0.0,0,0,0.0,0.0,0.0,0,0,0,4.8,4.8
6-car / 2.0 min,"SURGE
(Very High)",0.0,0.0,0,0,0.0,0.0,0.0,0,0,0,4.8,4.8
6-car / 2.0 min,"SURGE
(Very High)",56.32910708643137,56.52440991023434,600,5400,0.034482758620689655,1.0,0.0,0,0,1,5.1499999999999995,11368.441070864314
6-car / 2.0 min,"SURGE
(Very High)",76.3115215423684,76.50501025858243,600,5400,0.037037037037037035,1.0,0.0,0,0,3,5.85,11568.965215423685
6-car / 2.0 min,"SURGE
(Very High)",26.368065298987414,26.556305798919137,600,5400,0.03333333333333333,1.0,0.0,0,0,1,5.1499999999999995,11068.830652989875
6-car / 2.0 min,"SURGE
(Very High)",15.067883505195416,15.261581915521234,600,5400,0.03333333333333333,1.0,0.0,0,0,0,4.8,10955.478835051954
6-car / 2.0 min,"SURGE
(Very High)",37.33027024616904,37.53230145839987,600,5400,0.03333333333333333,1.0,0.0,0,0,1,5.1499999999999995,11178.452702461691
6-car / 2.0 min,"SURGE
(Very High)",128.86178093517884,129.05776096736994,600,5400,0.03571428571428571,1.0,0.0,0,0,2,5.5,12094.117809351788
6-car / 2.0 min,"SURGE
(Very High)",38.839824736404644,39.032467325126085,600,5400,0.03333333333333333,1.0,0.0,0,0,1,5.1499999999999995,11193.548247364046
6-car / 2.0 min,"SURGE
(Very High)",44.764787002344384,44.95067257666103,600,5400,0.03333333333333333,1.0,0.0,0,0,0,4.8,11252.447870023443
6-car / 2.0 min,"SURGE
(Very High)",20.103430328381663,20.30059260445331,600,5400,0.034482758620689655,1.0,0.0,0,0,1,5.1499999999999995,11006.184303283817
6-car / 2.0 min,"SURGE
(Very High)",52.740972388824254,52.945802562914636,600,5400,0.03333333333333333,1.0,0.0,0,0,1,5.1499999999999995,11332.559723888242
6-car / 2.0 min,"SURGE
(Very High)",0.0,0.0,0,0,0.0,0.0,0.0,0,0,3,5.85,5.85
6-car / 2.0 min,"SURGE
(Very High)",0.588266946591267,0.7711235216614218,600,5400,0.03333333333333333,1.0,0.0,0,0,0,4.8,10810.682669465912
6-car / 2.0 min,"SURGE
(Very High)",24.479509011179417,24.67359950858096,600,5400,0.03333333333333333,1.0,0.0,0,0,0,4.8,11049.595090111794
6-car / 2.0 min,"SURGE
(Very High)",10.89148449882876,11.082564584330779,600,5400,0.03225806451612903,1.0,0.0,0,0,0,4.8,10913.714844988288
6-car / 2.0 min,"SURGE
(Very High)",10.692498811685528,10.891007809261781,600,5400,0.03333333333333333,1.0,0.0,0,0,1,5.1499999999999995,10912.074988116856
6-car / 2.0 min,"SURGE
(Very High)",1.1021368349097478,1.2878363270752302,600,5400,0.03333333333333333,1.0,0.0,0,0,0,4.8,10815.821368349098
6-car / 2.0 min,"SURGE
(Very High)",0.0,0.0,0,0,0.0,0.0,0.0,0,0,1,5.1499999999999995,5.1499999999999995
6-car / 2.0 min,"SURGE
(Very High)",27.26046494390873,27.454491431609174,600,5400,0.03571428571428571,1.0,0.0,0,0,2,5.5,11078.104649439087
6-car / 2.0 min,"SURGE
(Very High)",15.553665510823992,15.746911538899276,600,5400,0.03333333333333333,1.0,0.0,0,0,1,5.1499999999999995,10960.68665510824
6-car / 2.0 min,"SURGE
(Very High)",12.207047270895455,12.384808609982315,600,5400,0.03571428571428571,1.0,0.0,0,0,2,5.5,10927.570472708954
6-car / 2.0 min,"SURGE
(Very High)",40.60512228263177,40.79628714014213,600,5400,0.03333333333333333,1.0,0.0,0,0,1,5.1499999999999995,11211.201222826317
6-car / 2.0 min,"SURGE
(Very High)",0.0,0.0,0,0,0.0,0.0,0.0,0,0,0,4.8,4.8
6-car / 2.0 min,"SURGE
(Very High)",33.987306222572045,34.182790688089725,600,5400,0.03333333333333333,1.0,0.0,0,0,1,5.1499999999999995,11145.02306222572
6-car / 2.0 min,"SURGE
(Very High)",0.0,0.0,0,0,0.0,0.0,0.0,0,0,0,4.8,4.8
6-car / 2.0 min,"SURGE
(Very High)",0.0,0.0,0,0,0.0,0.0,0.0,0,0,0,4.8,4.8
6-car / 2.0 min,"SURGE
(Very High)",13.998958592961426,14.195756098013542,600,5400,0.03333333333333333,1.0,0.0,0,0,0,4.8,10944.789585929615
6-car / 2.0 min,"SURGE
(Very High)",19.168453077581976,19.36422570663883,600,5400,0.03333333333333333,1.0,0.0,0,0,0,4.8,10996.48453077582
6-car / 2.0 min,"SURGE
(Very High)",9.114177143025326,9.298210098357718,600,5400,0.03225806451612903,1.0,0.0,0,0,0,4.8,10895.941771430253
6-car / 2.0 min,"SURGE
(Very High)",23.356107570158787,23.537302506721186,600,5400,0.03225806451612903,1.0,0.0,0,0,0,4.8,11038.361075701589
6-car / 2.0 min,"SURGE
(Very High)",0.0,0.0,0,0,0.0,0.0,0.0,0,0,1,5.1499999999999995,5.1499999999999995
6-car / 2.0 min,"SURGE
(Very High)",0.0,0.0,0,0,0.0,0.0,0.0,0,0,0,4.8,4.8
6-car / 2.0 min,"SURGE
(Very High)",3.041618419169211,3.2271217035537156,600,5400,0.037037037037037035,1.0,0.0,0,0,3,5.85,10836.266184191692
6-car / 2.0 min,"SURGE
(Very High)",55.190105491860706,55.38121587112904,600,5400,0.034482758620689655,1.0,0.0,0,0,2,5.5,11357.401054918608
6-car / 2.0 min,"SURGE
(Very High)",19.598055219956514,19.798140724499447,600,5400,0.03571428571428571,1.0,0.0,0,0,2,5.5,11001.480552199566
6-car / 2.0 min,"SURGE
(Very High)",40.008557186248375,40.19339887757247,600,5400,0.034482758620689655,1.0,0.0,0,0,2,5.5,11205.585571862484
6-car / 2.0 min,"SURGE
(Very High)",0.0,0.0,0,0,0.0,0.0,0.0,0,0,0,4.8,4.8
6-car / 2.0 min,"SURGE
(Very High)",10.205550996059753,10.393915048483215,600,5400,0.03333333333333333,1.0,0.0,0,0,0,4.8,10906.855509960598
6-car / 2.0 min,"SURGE
(Very High)",34.57058706015548,34.76571891279909,600,5400,0.03333333333333333,1.0,0.0,0,0,0,4.8,11150.505870601555
6-car / 2.0 min,"SURGE
(Very High)",0.0,0.0,0,0,0.0,0.0,0.0,0,0,4,6.2,6.2
6-car / 2.0 min,"SURGE
(Very High)",8.037592762054953,8.227853910632295,600,5400,0.034482758620689655,1.0,0.0,0,0,2,5.5,10885.87592762055
6-car / 2.0 min,"SURGE
(Very High)",0.0,0.0,0,0,0.0,0.0,0.0,0,0,1,5.1499999999999995,5.1499999999999995
6-car / 2.0 min,"SURGE
(Very High)",7.9850183020538985,8.183529016317602,600,5400,0.03333333333333333,1.0,0.0,0,0,1,5.1499999999999995,10885.000183020538
6-car / 2.0 min,"SURGE
(Very High)",27.101021730102136,27.302279470285406,600,5400,0.03571428571428571,1.0,0.0,0,0,2,5.5,11076.510217301022
6-car / 2.0 min,"SURGE
(Very High)",0.0,0.0,0,0,0.0,0.0,0.0,0,0,0,4.8,4.8
6-car / 2.0 min,"SURGE
(Very High)",0.0,0.0,0,0,0.0,0.0,0.0,0,0,1,5.1499999999999995,5.1499999999999995
6-car / 2.0 min,"SURGE
(Very High)",3.095701270633456,3.296071392548937,600,5400,0.034482758620689655,1.0,0.0,0,0,1,5.1499999999999995,10836.107012706334
6-car / 2.0 min,"SURGE
(Very High)",2.3390750520576344,2.5263310148241445,600,5400,0.03333333333333333,1.0,0.0,0,0,1,5.1499999999999995,10828.540750520577
6-car / 2.0 min,"SURGE
(Very High)",0.0,0.0,0,0,0.0,0.0,0.0,0,0,1,5.1499999999999995,5.1499999999999995
6-car / 2.0 min,"SURGE
(Very High)",14.791512678767006,14.981437248929907,600,5400,0.03333333333333333,1.0,0.0,0,0,1,5.1499999999999995,10953.06512678767
6-car / 2.0 min,"SURGE
(Very High)",24.45735779408562,24.655370873644905,600,5400,0.03333333333333333,1.0,0.0,0,0,0,4.8,11049.373577940856
6-car / 2.0 min,"SURGE
(Very High)",11.810713373505733,12.008083216972617,600,5400,0.03333333333333333,1.0,0.0,0,0,0,4.8,10922.907133735058
6-car / 2.0 min,"SURGE
(Very High)",54.91899418028464,55.1097600135316,600,5400,0.03333333333333333,1.0,0.0,0,0,1,5.1499999999999995,11354.339941802846
6-car / 2.0 min,"SURGE
(Very High)",0.0,0.0,0,0,0.0,0.0,0.0,0,0,0,4.8,4.8
6-car / 2.0 min,"SURGE
(Very High)",0.0,0.0,0,0,0.0,0.0,0.0,0,0,1,5.1499999999999995,5.1499999999999995
6-car / 2.0 min,"SURGE
(Very High)",0.0,0.0,0,0,0.0,0.0,0.0,0,0,1,5.1499999999999995,5.1499999999999995
6-car / 2.0 min,"DISRUPTION
(Delays + Surge)",0.0,0.0,0,0,0.0,0.0,0.0,0,0,1,5.1499999999999995,5.1499999999999995
6-car / 2.0 min,"DISRUPTION
(Delays + Surge)",0.0,0.0,0,0,0.0,0.0,0.0,0,0,2,5.5,5.5
6-car / 2.0 min,"DISRUPTION
(Delays + Surge)",36.570876685083824,36.83754931293437,600,4400,0.03225806451612903,1.0,0.0,0,0,0,4.8,9170.508766850839
6-car / 2.0 min,"DISRUPTION
(Delays + Surge)",0.0,0.0,0,0,0.0,0.0,0.0,0,0,0,4.8,4.8
6-car / 2.0 min,"DISRUPTION
(Delays + Surge)",0.0,0.0,0,0,0.0,0.0,0.0,0,0,2,5.5,5.5
6-car / 2.0 min,"DISRUPTION
(Delays + Surge)",0.0,0.0,0,0,0.0,0.0,0.0,0,0,0,4.8,4.8
6-car / 2.0 min,"DISRUPTION
(Delays + Surge)",0.0,0.0,0,0,0.0,0.0,0.0,0,0,2,5.5,5.5
6-car / 2.0 min,"DISRUPTION
(Delays + Surge)",0.0,0.0,0,0,0.0,0.0,0.0,0,0,1,5.1499999999999995,5.1499999999999995
6-car / 2.0 min,"DISRUPTION
(Delays + Surge)",9.93422032491408,10.20976223518687,600,4400,0.038461538461538464,1.0,0.0,0,0,4,6.2,8905.54220324914
6-car / 2.0 min,"DISRUPTION
(Delays + Surge)",26.252230674430333,26.507925439086474,600,4400,0.03225806451612903,1.0,0.0,0,0,0,4.8,9067.322306744303
6-car / 2.0 min,"DISRUPTION
(Delays + Surge)",1.0421220536159788,1.308324360931642,600,4400,0.04,1.0,0.0,0,0,6,6.9,8817.32122053616
6-car / 2.0 min,"DISRUPTION
(Delays + Surge)",4.528499115618691,4.794417467769577,600,4400,0.037037037037037035,1.0,0.0,0,0,5,6.55,8851.834991156187
6-car / 2.0 min,"DISRUPTION
(Delays + Surge)",11.30512436651597,11.5630916162131,600,4400,0.03571428571428571,1.0,0.0,0,0,2,5.5,8918.551243665159
6-car / 2.0 min,"DISRUPTION
(Delays + Surge)",19.799650896789444,20.075588356760807,600,4400,0.034482758620689655,1.0,0.0,0,0,2,5.5,9003.496508967895
6-car / 2.0 min,"DISRUPTION
(Delays + Surge)",0.0,0.0,0,0,0.0,0.0,0.0,0,0,4,6.2,6.2
6-car / 2.0 min,"DISRUPTION
(Delays + Surge)",20.246113107093407,20.514800115020844,600,4400,0.034482758620689655,1.0,0.0,0,0,1,5.1499999999999995,9007.611131070935
6-car / 2.0 min,"DISRUPTION
(Delays + Surge)",0.0,0.0,0,0,0.0,0.0,0.0,0,0,1,5.1499999999999995,5.1499999999999995
6-car / 2.0 min,"DISRUPTION
(Delays + Surge)",0.0,0.0,0,0,0.0,0.0,0.0,0,0,2,5.5,5.5
6-car / 2.0 min,"DISRUPTION
(Delays + Surge)",0.0,0.0,0,0,0.0,0.0,0.0,0,0,1,5.1499999999999995,5.1499999999999995
6-car / 2.0 min,"DISRUPTION
(Delays + Surge)",0.0,0.0,0,0,0.0,0.0,0.0,0,0,3,5.85,5.85
6-car / 2.0 min,"DISRUPTION
(Delays + Surge)",43.677493702121794,43.93656691486712,600,4400,0.03571428571428571,1.0,0.0,0,0,3,5.85,9242.624937021217
6-car / 2.0 min,"DISRUPTION
(Delays + Surge)",12.20917012774065,12.475086549520304,600,4400,0.03571428571428571,1.0,0.0,0,0,3,5.85,8927.941701277407
6-car / 2.0 min,"DISRUPTION
(Delays + Surge)",0.7172437469696205,0.9729483673127872,600,4400,0.03333333333333333,1.0,0.0,0,0,1,5.1499999999999995,8812.322437469697
6-car / 2.0 min,"DISRUPTION
(Delays + Surge)",15.254591526240262,15.517895454550521,600,4400,0.03571428571428571,1.0,0.0,0,0,2,5.5,8958.045915262403
6-car / 2.0 min,"DISRUPTION
(Delays + Surge)",0.0,0.0,0,0,0.0,0.0,0.0,0,0,3,5.85,5.85
6-car / 2.0 min,"DISRUPTION
(Delays + Surge)",0.0,0.0,0,0,0.0,0.0,0.0,0,0,0,4.8,4.8
6-car / 2.0 min,"DISRUPTION
(Delays + Surge)",31.22403065003348,31.48866458402652,600,4400,0.03571428571428571,1.0,0.0,0,0,3,5.85,9118.090306500335
6-car / 2.0 min,"DISRUPTION
(Delays + Surge)",135.14245888960235,135.3982566368547,600,4400,0.034482758620689655,1.0,0.0,0,0,2,5.5,10156.924588896023
6-car / 2.0 min,"DISRUPTION
(Delays + Surge)",0.0,0.0,0,0,0.0,0.0,0.0,0,0,2,5.5,5.5
6-car / 2.0 min,"DISRUPTION
(Delays + Surge)",21.981625011659865,22.23487399525657,600,4400,0.038461538461538464,1.0,0.0,0,0,4,6.2,9026.016250116598
6-car / 2.0 min,"DISRUPTION
(Delays + Surge)",0.0,0.0,0,0,0.0,0.0,0.0,0,0,4,6.2,6.2
6-car / 2.0 min,"DISRUPTION
(Delays + Surge)",39.05098132804539,39.323603653929574,600,4400,0.03571428571428571,1.0,0.0,0,0,3,5.85,9196.359813280455
6-car / 2.0 min,"DISRUPTION
(Delays + Surge)",0.0,0.0,0,0,0.0,0.0,0.0,0,0,1,5.1499999999999995,5.1499999999999995
6-car / 2.0 min,"DISRUPTION
(Delays + Surge)",37.67298876547864,37.93337544237181,600,4400,0.034482758620689655,1.0,0.0,0,0,2,5.5,9182.229887654787
6-car / 2.0 min,"DISRUPTION
(Delays + Surge)",0.0,0.0,0,0,0.0,0.0,0.0,0,0,3,5.85,5.85
6-car / 2.0 min,"DISRUPTION
(Delays + Surge)",110.58705347352249,110.84727084333396,600,4400,0.034482758620689655,1.0,0.0,0,0,2,5.5,9911.370534735224
6-car / 2.0 min,"DISRUPTION
(Delays + Surge)",13.899125269233531,14.14685453878025,600,4400,0.03571428571428571,1.0,0.0,0,0,3,5.85,8944.841252692335
6-car / 2.0 min,"DISRUPTION
(Delays + Surge)",35.33232283422802,35.578403491301415,600,4400,0.03333333333333333,1.0,0.0,0,0,1,5.1499999999999995,9158.47322834228
6-car / 2.0 min,"DISRUPTION
(Delays + Surge)",0.0,0.0,0,0,0.0,0.0,0.0,0,0,0,4.8,4.8
6-car / 2.0 min,"DISRUPTION
(Delays + Surge)",15.839813542897737,16.09588546897678,600,4400,0.03333333333333333,1.0,0.0,0,0,1,5.1499999999999995,8963.548135428977
6-car / 2.0 min,"DISRUPTION
(Delays + Surge)",0.0,0.0,0,0,0.0,0.0,0.0,0,0,1,5.1499999999999995,5.1499999999999995
6-car / 2.0 min,"DISRUPTION
(Delays + Surge)",44.584238651838284,44.850330966061236,600,4400,0.034482758620689655,1.0,0.0,0,0,1,5.1499999999999995,9250.992386518383
6-car / 2.0 min,"DISRUPTION
(Delays + Surge)",21.96869631228749,22.220871807034857,600,4400,0.03333333333333333,1.0,0.0,0,0,0,4.8,9024.486963122876
6-car / 2.0 min,"DISRUPTION
(Delays + Surge)",81.81522024445863,82.07195146697303,600,4400,0.03571428571428571,1.0,0.0,0,0,3,5.85,9624.002202444586
6-car / 2.0 min,"DISRUPTION
(Delays + Surge)",49.67603820465395,49.93658855802292,600,4400,0.038461538461538464,1.0,0.0,0,0,4,6.2,9302.96038204654
6-car / 2.0 min,"DISRUPTION
(Delays + Surge)",7.1567330397423365,7.4159505458611905,600,4400,0.03333333333333333,1.0,0.0,0,0,0,4.8,8876.367330397423
6-car / 2.0 min,"DISRUPTION
(Delays + Surge)",8.750687809245546,8.996817891191295,600,4400,0.034482758620689655,1.0,0.0,0,0,2,5.5,8893.006878092456
6-car / 2.0 min,"DISRUPTION
(Delays + Surge)",0.0,0.0,0,0,0.0,0.0,0.0,0,0,3,5.85,5.85
6-car / 2.0 min,"DISRUPTION
(Delays + Surge)",40.19925850001288,40.46330429469256,600,4400,0.038461538461538464,1.0,0.0,0,0,4,6.2,9208.192585000128
6-car / 2.0 min,"DISRUPTION
(Delays + Surge)",0.0,0.0,0,0,0.0,0.0,0.0,0,0,1,5.1499999999999995,5.1499999999999995
6-car / 2.0 min,"DISRUPTION
(Delays + Surge)",2.741406394079169,2.9982966037755716,600,4400,0.03571428571428571,1.0,0.0,0,0,3,5.85,8833.264063940791
6-car / 2.0 min,"DISRUPTION
(Delays + Surge)",3.7484253639928937,3.9995114674640626,600,4400,0.034482758620689655,1.0,0.0,0,0,2,5.5,8842.984253639928
6-car / 2.0 min,"DISRUPTION
(Delays + Surge)",33.81275377808066,34.06707904313186,600,4400,0.03333333333333333,1.0,0.0,0,0,1,5.1499999999999995,9143.277537780807
6-car / 2.0 min,"DISRUPTION
(Delays + Surge)",0.0,0.0,0,0,0.0,0.0,0.0,0,0,1,5.1499999999999995,5.1499999999999995
6-car / 2.0 min,"DISRUPTION
(Delays + Surge)",150.20633938859774,150.453858926983,600,4400,0.037037037037037035,1.0,0.0,0,0,4,6.2,10308.263393885978
6-car / 2.0 min,"DISRUPTION
(Delays + Surge)",0.0,0.0,0,0,0.0,0.0,0.0,0,0,3,5.85,5.85
6-car / 2.0 min,"DISRUPTION
(Delays + Surge)",46.68103335122257,46.93231856095755,600,4400,0.03333333333333333,1.0,0.0,0,0,0,4.8,9271.610333512226
6-car / 2.0 min,"DISRUPTION
(Delays + Surge)",0.0,0.0,0,0,0.0,0.0,0.0,0,0,1,5.1499999999999995,5.1499999999999995
6-car / 2.0 min,"DISRUPTION
(Delays + Surge)",6.364429096386423,6.62076600511707,600,4400,0.03333333333333333,1.0,0.0,0,0,1,5.1499999999999995,8868.794290963864
6-car / 2.0 min,"DISRUPTION
(Delays + Surge)",7.515249463663358,7.774533262787428,600,4400,0.034482758620689655,1.0,0.0,0,0,1,5.1499999999999995,8880.302494636633
6-car / 2.0 min,"DISRUPTION
(Delays + Surge)",76.6919968971968,76.95897849567987,600,4400,0.034482758620689655,1.0,0.0,0,0,1,5.1499999999999995,9572.069968971968
6-car / 2.0 min,"DISRUPTION
(Delays + Surge)",18.771048508769514,19.01553964777285,600,4400,0.04,1.0,0.0,0,0,5,6.55,8994.260485087696
6-car / 2.0 min,"DISRUPTION
(Delays + Surge)",177.96260094914072,178.21846939507077,600,4400,0.03571428571428571,1.0,0.0,0,0,2,5.5,10585.126009491407
6-car / 2.0 min,"DISRUPTION
(Delays + Surge)",27.649554253917007,27.917937864141905,600,4400,0.03333333333333333,1.0,0.0,0,0,1,5.1499999999999995,9081.64554253917
6-car / 2.0 min,"DISRUPTION
(Delays + Surge)",11.190648541093363,11.446143489157869,600,4400,0.03571428571428571,1.0,0.0,0,0,2,5.5,8917.406485410933
6-car / 2.0 min,"DISRUPTION
(Delays + Surge)",0.9876671482877756,1.236783391879704,600,4400,0.034482758620689655,1.0,0.0,0,0,1,5.1499999999999995,8815.026671482878
6-car / 2.0 min,"DISRUPTION
(Delays + Surge)",9.140799547286479,9.388759278408651,600,4400,0.03571428571428571,1.0,0.0,0,0,2,5.5,8896.907995472864
6-car / 2.0 min,"DISRUPTION
(Delays + Surge)",0.0,0.0,0,0,0.0,0.0,0.0,0,0,3,5.85,5.85
6-car / 2.0 min,"DISRUPTION
(Delays + Surge)",0.0,0.0,0,0,0.0,0.0,0.0,0,0,5,6.55,6.55
6-car / 2.0 min,"DISRUPTION
(Delays + Surge)",41.26658390942642,41.51031069117088,600,4400,0.037037037037037035,1.0,0.0,0,0,4,6.2,9218.865839094264
6-car / 2.0 min,"DISRUPTION
(Delays + Surge)",0.0,0.0,0,0,0.0,0.0,0.0,0,0,1,5.1499999999999995,5.1499999999999995
6-car / 2.0 min,"DISRUPTION
(Delays + Surge)",7.725961051792695,7.971852370592847,600,4400,0.03333333333333333,1.0,0.0,0,0,0,4.8,8882.059610517927
6-car / 2.0 min,"DISRUPTION
(Delays + Surge)",0.0,0.0,0,0,0.0,0.0,0.0,0,0,2,5.5,5.5
6-car / 2.0 min,"DISRUPTION
(Delays + Surge)",0.0,0.0,0,0,0.0,0.0,0.0,0,0,0,4.8,4.8
6-car / 2.0 min,"DISRUPTION
(Delays + Surge)",24.177238363869897,24.44540881375267,600,4400,0.034482758620689655,1.0,0.0,0,0,2,5.5,9047.2723836387
6-car / 2.0 min,"DISRUPTION
(Delays + Surge)",0.0,0.0,0,0,0.0,0.0,0.0,0,0,2,5.5,5.5
6-car / 2.0 min,"DISRUPTION
(Delays + Surge)",0.0,0.0,0,0,0.0,0.0,0.0,0,0,2,5.5,5.5
6-car / 2.0 min,"DISRUPTION
(Delays + Surge)",17.51773220692267,17.766902483312197,600,4400,0.03571428571428571,1.0,0.0,0,0,3,5.85,8981.027322069227
6-car / 2.0 min,"DISRUPTION
(Delays + Surge)",13.697518675151189,13.95937048305351,600,4400,0.03333333333333333,1.0,0.0,0,0,1,5.1499999999999995,8942.125186751511
6-car / 2.0 min,"DISRUPTION
(Delays + Surge)",30.162929748312443,30.397047017636947,600,4400,0.03225806451612903,1.0,0.0,0,0,0,4.8,9106.429297483124
6-car / 2.0 min,"DISRUPTION
(Delays + Surge)",59.15889431968086,59.42731241486503,600,4400,0.03571428571428571,1.0,0.0,0,0,2,5.5,9397.088943196808
6-car / 2.0 min,"DISRUPTION
(Delays + Surge)",0.0,0.0,0,0,0.0,0.0,0.0,0,0,4,6.2,6.2
6-car / 2.0 min,"DISRUPTION
(Delays + Surge)",34.182906157131896,34.44685072946665,600,4400,0.03333333333333333,1.0,0.0,0,0,1,5.1499999999999995,9146.97906157132
6-car / 2.0 min,"DISRUPTION
(Delays + Surge)",0.0,0.0,0,0,0.0,0.0,0.0,0,0,3,5.85,5.85
6-car / 2.0 min,"DISRUPTION
(Delays + Surge)",0.0,0.0,0,0,0.0,0.0,0.0,0,0,4,6.2,6.2
6-car / 2.0 min,"DISRUPTION
(Delays + Surge)",7.026845960493036,7.280756411172314,600,4400,0.03333333333333333,1.0,0.0,0,0,0,4.8,8875.06845960493
6-car / 2.0 min,"DISRUPTION
(Delays + Surge)",36.23551794861461,36.50183613973227,600,4400,0.034482758620689655,1.0,0.0,0,0,2,5.5,9167.855179486147
6-car / 2.0 min,"DISRUPTION
(Delays + Surge)",8.083652947438436,8.346407633169102,600,4400,0.034482758620689655,1.0,0.0,0,0,1,5.1499999999999995,8885.986529474385
6-car / 2.0 min,"DISRUPTION
(Delays + Surge)",0.0,0.0,0,0,0.0,0.0,0.0,0,0,2,5.5,5.5
6-car / 2.0 min,"DISRUPTION
(Delays + Surge)",0.0,0.0,0,0,0.0,0.0,0.0,0,0,3,5.85,5.85
6-car / 2.0 min,"DISRUPTION
(Delays + Surge)",0.0,0.0,0,0,0.0,0.0,0.0,0,0,2,5.5,5.5
6-car / 2.0 min,"DISRUPTION
(Delays + Surge)",32.15733442308228,32.40627686974315,600,4400,0.03333333333333333,1.0,0.0,0,0,0,4.8,9126.373344230822
6-car / 2.0 min,"DISRUPTION
(Delays + Surge)",0.0,0.0,0,0,0.0,0.0,0.0,0,0,2,5.5,5.5
6-car / 2.0 min,"DISRUPTION
(Delays + Surge)",0.0,0.0,0,0,0.0,0.0,0.0,0,0,2,5.5,5.5
6-car / 2.0 min,"DISRUPTION
(Delays + Surge)",50.60201208906136,50.859537646778364,600,4400,0.034482758620689655,1.0,0.0,0,0,2,5.5,9311.520120890613
6-car / 2.0 min,"DISRUPTION
(Delays + Surge)",126.59175540390332,126.85117842979422,600,4400,0.037037037037037035,1.0,0.0,0,0,4,6.2,10072.117554039032
6-car / 2.0 min,"DISRUPTION
(Delays + Surge)",0.0,0.0,0,0,0.0,0.0,0.0,0,0,2,5.5,5.5
6-car / 2.0 min,"DISRUPTION
(Delays + Surge)",5.9911287538335465,6.249930647748147,600,4400,0.038461538461538464,1.0,0.0,0,0,4,6.2,8866.111287538335
6-car / 2.0 min,"DISRUPTION
(Delays + Surge)",0.0,0.0,0,0,0.0,0.0,0.0,0,0,2,5.5,5.5
6-car / 2.0 min,"DISRUPTION
(Delays + Surge)",31.38930096165951,31.637124370147664,600,4400,0.034482758620689655,1.0,0.0,0,0,2,5.5,9119.393009616595
6-car / 2.0 min,"CASCADING
(Failures + Delays)",0.0,0.0,0,0,0.0,0.0,0.0,0,0,3,5.85,5.85
6-car / 2.0 min,"CASCADING
(Failures + Delays)",23.691838320246177,23.815847231873544,600,2400,0.037037037037037035,1.0,0.0,0,0,4,6.2,5043.118383202462
6-car / 2.0 min,"CASCADING
(Failures + Delays)",0.0,0.0,0,0,0.0,0.0,0.0,0,0,3,5.85,5.85
6-car / 2.0 min,"CASCADING
(Failures + Delays)",73.23882372361817,73.37273530049235,600,2400,0.03333333333333333,1.0,0.0,0,0,1,5.1499999999999995,5537.538237236182
6-car / 2.0 min,"CASCADING
(Failures + Delays)",0.0,0.0,0,0,0.0,0.0,0.0,0,0,3,5.85,5.85
6-car / 2.0 min,"CASCADING
(Failures + Delays)",0.0,0.0,0,0,0.0,0.0,0.0,0,0,1,5.1499999999999995,5.1499999999999995
6-car / 2.0 min,"CASCADING
(Failures + Delays)",0.0,0.0,0,0,0.0,0.0,0.0,0,0,4,6.2,6.2
6-car / 2.0 min,"CASCADING
(Failures + Delays)",12.729957782733797,12.860424872315235,600,2400,0.03333333333333333,1.0,0.0,0,0,1,5.1499999999999995,4932.449577827338
6-car / 2.0 min,"CASCADING
(Failures + Delays)",3.8275316854083257,3.962160715556513,600,2400,0.037037037037037035,1.0,0.0,0,0,3,5.85,4844.125316854083
6-car / 2.0 min,"CASCADING
(Failures + Delays)",114.01005609539085,114.13760182997787,600,2400,0.03571428571428571,1.0,0.0,0,0,2,5.5,5945.600560953909
6-car / 2.0 min,"CASCADING
(Failures + Delays)",0.0,0.0,0,0,0.0,0.0,0.0,0,0,2,5.5,5.5
6-car / 2.0 min,"CASCADING
(Failures + Delays)",0.0,0.0,0,0,0.0,0.0,0.0,0,0,5,6.55,6.55
6-car / 2.0 min,"CASCADING
(Failures + Delays)",29.36312413560058,29.488284556600973,600,2400,0.03571428571428571,1.0,0.0,0,0,3,5.85,5099.481241356006
6-car / 2.0 min,"CASCADING
(Failures + Delays)",35.92649218016022,36.051721711604856,600,2400,0.03571428571428571,1.0,0.0,0,0,3,5.85,5165.114921801603
6-car / 2.0 min,"CASCADING
(Failures + Delays)",51.48274254079469,51.61674131348246,600,2400,0.03571428571428571,1.0,0.0,0,0,2,5.5,5320.327425407947
6-car / 2.0 min,"CASCADING
(Failures + Delays)",3.298936946618669,3.434460752989806,600,2400,0.03571428571428571,1.0,0.0,0,0,3,5.85,4838.839369466186
6-car / 2.0 min,"CASCADING
(Failures + Delays)",23.31069687179836,23.43391378926006,600,2400,0.03571428571428571,1.0,0.0,0,0,2,5.5,5038.606968717983
6-car / 2.0 min,"CASCADING
(Failures + Delays)",9.515861890571605,9.63546924560786,600,2400,0.037037037037037035,1.0,0.0,0,0,4,6.2,4901.358618905716
6-car / 2.0 min,"CASCADING
(Failures + Delays)",115.13262387108557,115.26096164042367,600,2400,0.04,1.0,0.0,0,0,5,6.55,5957.876238710855
6-car / 2.0 min,"CASCADING
(Failures + Delays)",4.7664370015611945,4.8849007584083495,600,2400,0.03333333333333333,1.0,0.0,0,0,0,4.8,4852.464370015612
6-car / 2.0 min,"CASCADING
(Failures + Delays)",17.808699448649836,17.943887933757537,600,2400,0.037037037037037035,1.0,0.0,0,0,4,6.2,4984.286994486499
6-car / 2.0 min,"CASCADING
(Failures + Delays)",31.984804622267433,32.11748816570681,600,2400,0.03571428571428571,1.0,0.0,0,0,2,5.5,5125.348046222674
6-car / 2.0 min,"CASCADING
(Failures + Delays)",3.7221933042194557,3.856489474127735,600,2400,0.03333333333333333,1.0,0.0,0,0,1,5.1499999999999995,4842.3719330421945
6-car / 2.0 min,"CASCADING
(Failures + Delays)",5.970168641622342,6.0975342790251235,600,2400,0.03571428571428571,1.0,0.0,0,0,2,5.5,4865.201686416223
6-car / 2.0 min,"CASCADING
(Failures + Delays)",0.0,0.0,0,0,0.0,0.0,0.0,0,0,3,5.85,5.85
6-car / 2.0 min,"CASCADING
(Failures + Delays)",13.92132634169648,14.038741033093354,600,2400,0.038461538461538464,1.0,0.0,0,0,4,6.2,4945.413263416965
6-car / 2.0 min,"CASCADING
(Failures + Delays)",0.0,0.0,0,0,0.0,0.0,0.0,0,0,2,5.5,5.5
6-car / 2.0 min,"CASCADING
(Failures + Delays)",0.0,0.0,0,0,0.0,0.0,0.0,0,0,2,5.5,5.5
6-car / 2.0 min,"CASCADING
(Failures + Delays)",22.999281355839074,23.126571190864894,600,2400,0.03571428571428571,1.0,0.0,0,0,3,5.85,5035.842813558391
6-car / 2.0 min,"CASCADING
(Failures + Delays)",0.0,0.0,0,0,0.0,0.0,0.0,0,0,2,5.5,5.5
6-car / 2.0 min,"CASCADING
(Failures + Delays)",18.208703526845383,18.330776029728604,600,2400,0.037037037037037035,1.0,0.0,0,0,3,5.85,4987.937035268454
6-car / 2.0 min,"CASCADING
(Failures + Delays)",8.275545633763706,8.403195883710676,600,2400,0.03571428571428571,1.0,0.0,0,0,3,5.85,4888.605456337637
6-car / 2.0 min,"CASCADING
(Failures + Delays)",116.1150556585587,116.2497142264798,600,2400,0.038461538461538464,1.0,0.0,0,0,4,6.2,5967.350556585587
6-car / 2.0 min,"CASCADING
(Failures + Delays)",21.955954137498203,22.08640991314449,600,2400,0.034482758620689655,1.0,0.0,0,0,2,5.5,5025.0595413749825
6-car / 2.0 min,"CASCADING
(Failures + Delays)",22.853671699401506,22.97897170897029,600,2400,0.037037037037037035,1.0,0.0,0,0,5,6.55,5035.086716994015
6-car / 2.0 min,"CASCADING
(Failures + Delays)",47.23072090792108,47.36220978488931,600,2400,0.03333333333333333,1.0,0.0,0,0,1,5.1499999999999995,5277.457209079211
6-car / 2.0 min,"CASCADING
(Failures + Delays)",0.0,0.0,0,0,0.0,0.0,0.0,0,0,3,5.85,5.85
6-car / 2.0 min,"CASCADING
(Failures + Delays)",0.0,0.0,0,0,0.0,0.0,0.0,0,0,3,5.85,5.85
6-car / 2.0 min,"CASCADING
(Failures + Delays)",37.78667825249617,37.90986284323944,600,2400,0.034482758620689655,1.0,0.0,0,0,2,5.5,5183.366782524961
6-car / 2.0 min,"CASCADING
(Failures + Delays)",0.1245926578811206,0.24295421064743342,513,0,0.03166666666666667,0.855,0.0,0,0,4,6.2,7.265267224883582
6-car / 2.0 min,"CASCADING
(Failures + Delays)",3.299737760598063,3.421565545738335,600,2400,0.034482758620689655,1.0,0.0,0,0,2,5.5,4838.497377605981
6-car / 2.0 min,"CASCADING
(Failures + Delays)",0.0,0.0,0,0,0.0,0.0,0.0,0,0,5,6.55,6.55
6-car / 2.0 min,"CASCADING
(Failures + Delays)",4.458550417002942,4.590151577649299,600,2400,0.038461538461538464,1.0,0.0,0,0,5,6.55,4851.135504170029
6-car / 2.0 min,"CASCADING
(Failures + Delays)",40.684325778843544,40.82704281552442,600,2400,0.03571428571428571,1.0,0.0,0,0,3,5.85,5212.693257788435
6-car / 2.0 min,"CASCADING
(Failures + Delays)",0.0,0.0,0,0,0.0,0.0,0.0,0,0,3,5.85,5.85
6-car / 2.0 min,"CASCADING
(Failures + Delays)",23.70662689209549,23.85087680682015,600,2400,0.034482758620689655,1.0,0.0,0,0,2,5.5,5042.566268920955
6-car / 2.0 min,"CASCADING
(Failures + Delays)",0.0,0.0,0,0,0.0,0.0,0.0,0,0,2,5.5,5.5
6-car / 2.0 min,"CASCADING
(Failures + Delays)",64.9772275190703,65.10375384264509,600,2400,0.03571428571428571,1.0,0.0,0,0,3,5.85,5455.622275190703
6-car / 2.0 min,"CASCADING
(Failures + Delays)",0.0,0.0,0,0,0.0,0.0,0.0,0,0,0,4.8,4.8
6-car / 2.0 min,"CASCADING
(Failures + Delays)",0.0,0.0,0,0,0.0,0.0,0.0,0,0,4,6.2,6.2
6-car / 2.0 min,"CASCADING
(Failures + Delays)",30.643062962893612,30.766970420338364,600,2400,0.03571428571428571,1.0,0.0,0,0,2,5.5,5111.930629628936
6-car / 2.0 min,"CASCADING
(Failures + Delays)",0.0,0.0,0,0,0.0,0.0,0.0,0,0,1,5.1499999999999995,5.1499999999999995
6-car / 2.0 min,"CASCADING
(Failures + Delays)",1.6798681257549664,1.808099582014194,600,2400,0.034482758620689655,1.0,0.0,0,0,1,5.1499999999999995,4821.94868125755
6-car / 2.0 min,"CASCADING
(Failures + Delays)",14.7473907361733,14.872430912739894,600,2400,0.04,1.0,0.0,0,0,6,6.9,4954.373907361733
6-car / 2.0 min,"CASCADING
(Failures + Delays)",1.1091990134671432,1.242712084968443,600,2400,0.034482758620689655,1.0,0.0,0,0,2,5.5,4816.5919901346715
6-car / 2.0 min,"CASCADING
(Failures + Delays)",11.8843776783833,12.013841362397281,600,2400,0.037037037037037035,1.0,0.0,0,0,3,5.85,4924.693776783833
6-car / 2.0 min,"CASCADING
(Failures + Delays)",0.0,0.0,0,0,0.0,0.0,0.0,0,0,4,6.2,6.2
6-car / 2.0 min,"CASCADING
(Failures + Delays)",18.83874577871949,18.97339149921258,600,2400,0.034482758620689655,1.0,0.0,0,0,2,5.5,4993.887457787195
6-car / 2.0 min,"CASCADING
(Failures + Delays)",0.0,0.0,0,0,0.0,0.0,0.0,0,0,4,6.2,6.2
6-car / 2.0 min,"CASCADING
(Failures + Delays)",34.10486576959493,34.23802518577983,600,2400,0.03571428571428571,1.0,0.0,0,0,2,5.5,5146.548657695949
6-car / 2.0 min,"CASCADING
(Failures + Delays)",0.0,0.0,0,0,0.0,0.0,0.0,0,0,1,5.1499999999999995,5.1499999999999995
6-car / 2.0 min,"CASCADING
(Failures + Delays)",1.197990829939635,1.3248395712955199,600,2400,0.034482758620689655,1.0,0.0,0,0,1,5.1499999999999995,4817.129908299396
6-car / 2.0 min,"CASCADING
(Failures + Delays)",43.448180360623134,43.571409858850515,600,2400,0.03571428571428571,1.0,0.0,0,0,2,5.5,5239.981803606232
6-car / 2.0 min,"CASCADING
(Failures + Delays)",27.674554894293426,27.798320502484515,600,2400,0.037037037037037035,1.0,0.0,0,0,3,5.85,5082.595548942934
6-car / 2.0 min,"CASCADING
(Failures + Delays)",29.05231663507711,29.186652233573877,600,2400,0.03571428571428571,1.0,0.0,0,0,2,5.5,5096.023166350771
6-car / 2.0 min,"CASCADING
(Failures + Delays)",0.0,0.0,0,0,0.0,0.0,0.0,0,0,5,6.55,6.55
6-car / 2.0 min,"CASCADING
(Failures + Delays)",35.30585834041724,35.44558862164712,600,2400,0.034482758620689655,1.0,0.0,0,0,1,5.1499999999999995,5158.208583404173
6-car / 2.0 min,"CASCADING
(Failures + Delays)",0.0,0.0,0,0,0.0,0.0,0.0,0,0,5,6.55,6.55
6-car / 2.0 min,"CASCADING
(Failures + Delays)",0.6128217488963782,0.7396700076764733,600,2400,0.034482758620689655,1.0,0.0,0,0,1,5.1499999999999995,4811.2782174889635
6-car / 2.0 min,"CASCADING
(Failures + Delays)",2.4522766998009145,2.587833053251071,600,2400,0.037037037037037035,1.0,0.0,0,0,3,5.85,4830.372766998009
6-car / 2.0 min,"CASCADING
(Failures + Delays)",28.77128127055854,28.907374654366695,600,2400,0.034482758620689655,1.0,0.0,0,0,1,5.1499999999999995,5092.862812705585
6-car / 2.0 min,"CASCADING
(Failures + Delays)",13.475101309999339,13.595940345015233,600,2400,0.038461538461538464,1.0,0.0,0,0,5,6.55,4941.301013099994
6-car / 2.0 min,"CASCADING
(Failures + Delays)",0.0,0.0,0,0,0.0,0.0,0.0,0,0,2,5.5,5.5
6-car / 2.0 min,"CASCADING
(Failures + Delays)",15.573673302727213,15.705985707673772,600,2400,0.034482758620689655,1.0,0.0,0,0,2,5.5,4961.236733027272
6-car / 2.0 min,"CASCADING
(Failures + Delays)",0.0,0.0,0,0,0.0,0.0,0.0,0,0,3,5.85,5.85
6-car / 2.0 min,"CASCADING
(Failures + Delays)",33.69980821330177,33.81678764830294,600,2400,0.038461538461538464,1.0,0.0,0,0,4,6.2,5143.198082133018
6-car / 2.0 min,"CASCADING
(Failures + Delays)",36.1614987949766,36.29545608256276,600,2400,0.03571428571428571,1.0,0.0,0,0,2,5.5,5167.114987949766
6-car / 2.0 min,"CASCADING
(Failures + Delays)",21.729447539924013,21.852082332226367,600,2400,0.037037037037037035,1.0,0.0,0,0,4,6.2,5023.49447539924
6-car / 2.0 min,"CASCADING
(Failures + Delays)",8.774609107044444,8.903193273216813,600,2400,0.037037037037037035,1.0,0.0,0,0,4,6.2,4893.946091070445
6-car / 2.0 min,"CASCADING
(Failures + Delays)",56.770748769039926,56.900357630929314,600,2400,0.03571428571428571,1.0,0.0,0,0,2,5.5,5373.207487690399
6-car / 2.0 min,"CASCADING
(Failures + Delays)",2.5112207262448116,2.6499612816909446,600,2400,0.037037037037037035,1.0,0.0,0,0,3,5.85,4830.962207262448
6-car / 2.0 min,"CASCADING
(Failures + Delays)",29.53211246054417,29.66252768679392,600,2400,0.04,1.0,0.0,0,0,5,6.55,5101.871124605442
6-car / 2.0 min,"CASCADING
(Failures + Delays)",0.0,0.0,0,0,0.0,0.0,0.0,0,0,3,5.85,5.85
6-car / 2.0 min,"CASCADING
(Failures + Delays)",0.0,0.0,0,0,0.0,0.0,0.0,0,0,1,5.1499999999999995,5.1499999999999995
6-car / 2.0 min,"CASCADING
(Failures + Delays)",7.353748832791229,7.482243936369742,600,2400,0.03571428571428571,1.0,0.0,0,0,3,5.85,4879.387488327912
6-car / 2.0 min,"CASCADING
(Failures + Delays)",18.43997971706823,18.576151343384495,600,2400,0.034482758620689655,1.0,0.0,0,0,2,5.5,4989.899797170682
6-car / 2.0 min,"CASCADING
(Failures + Delays)",41.800599652909554,41.92832919623412,600,2400,0.037037037037037035,1.0,0.0,0,0,4,6.2,5224.2059965290955
6-car / 2.0 min,"CASCADING
(Failures + Delays)",172.12948577584214,172.26166455708156,600,2400,0.037037037037037035,1.0,0.0,0,0,3,5.85,6527.1448577584215
6-car / 2.0 min,"CASCADING
(Failures + Delays)",0.0,0.0,0,0,0.0,0.0,0.0,0,0,5,6.55,6.55
6-car / 2.0 min,"CASCADING
(Failures + Delays)",0.0,0.0,0,0,0.0,0.0,0.0,0,0,2,5.5,5.5
6-car / 2.0 min,"CASCADING
(Failures + Delays)",0.0,0.0,0,0,0.0,0.0,0.0,0,0,4,6.2,6.2
6-car / 2.0 min,"CASCADING
(Failures + Delays)",40.834343279410675,40.973840767113806,600,2400,0.038461538461538464,1.0,0.0,0,0,4,6.2,5214.543432794107
6-car / 2.0 min,"CASCADING
(Failures + Delays)",0.0,0.0,0,0,0.0,0.0,0.0,0,0,2,5.5,5.5
6-car / 2.0 min,"CASCADING
(Failures + Delays)",123.87033497963377,123.99677247343983,600,2400,0.03571428571428571,1.0,0.0,0,0,3,5.85,6044.553349796338
6-car / 2.0 min,"CASCADING
(Failures + Delays)",63.188987142017446,63.322518389814185,600,2400,0.034482758620689655,1.0,0.0,0,0,2,5.5,5437.389871420174
6-car / 2.0 min,"CASCADING
(Failures + Delays)",50.89174606981111,51.01979604723673,600,2400,0.03333333333333333,1.0,0.0,0,0,0,4.8,5313.717460698112
6-car / 2.0 min,"CASCADING
(Failures + Delays)",49.90054627893092,50.025459151367755,600,2400,0.037037037037037035,1.0,0.0,0,0,4,6.2,5305.205462789309
6-car / 2.0 min,"CASCADING
(Failures + Delays)",0.0,0.0,0,0,0.0,0.0,0.0,0,0,2,5.5,5.5
6-car / 2.0 min,"CASCADING
(Failures + Delays)",10.013478479714353,10.148236757519562,600,2400,0.03333333333333333,1.0,0.0,0,0,1,5.1499999999999995,4905.284784797143
6-car / 2.0 min,"CASCADING
(Failures + Delays)",0.0,0.0,0,0,0.0,0.0,0.0,0,0,2,5.5,5.5
6-car / 1.75 min,"OFF-PEAK
(Low, Stable)",4.397395652555421,44.68703494102848,310,0,0.01476190476190476,0.5133333333333333,0.0,0,0,0,5.3999999999999995,28.119877538203003
6-car / 1.75 min,"OFF-PEAK
(Low, Stable)",37.68039088177772,44.77445485390696,499,0,0.023761904761904762,0.8316666666666667,0.0,0,0,0,5.3999999999999995,318.7752508334513
6-car / 1.75 min,"OFF-PEAK
(Low, Stable)",38.46527715081342,42.86762314609763,12,0,0.0005882352941176471,0.02,0.0,0,0,0,5.3999999999999995,13.093055430162684
6-car / 1.75 min,"OFF-PEAK
(Low, Stable)",83.10740519698027,91.26539332575116,3,0,0.00014705882352941178,0.005,0.0,0,0,1,5.75,9.905370259849013
6-car / 1.75 min,"OFF-PEAK
(Low, Stable)",22.18418779700252,28.84239718910542,492,0,0.02411764705882353,0.82,0.0,0,0,1,5.75,187.66033993542067
6-car / 1.75 min,"OFF-PEAK
(Low, Stable)",78.83749180009339,85.85435794471478,500,0,0.024509803921568627,0.8333333333333334,0.0,0,0,1,5.75,662.7290983341115
6-car / 1.75 min,"OFF-PEAK
(Low, Stable)",62.18504158529105,72.97558291819935,12,0,0.0005714285714285715,0.02,0.0,0,0,0,5.3999999999999995,17.83700831705821
6-car / 1.75 min,"OFF-PEAK
(Low, Stable)",87.51892947440766,95.45306805555397,500,0,0.024509803921568627,0.8333333333333334,0.0,0,0,1,5.75,735.0744122867305
6-car / 1.75 min,"OFF-PEAK
(Low, Stable)",4.795194151894093,118.41706170317602,156,0,0.0074285714285714285,0.25166666666666665,0.0,0,0,0,5.3999999999999995,17.867504794924642
6-car / 1.75 min,"OFF-PEAK
(Low, Stable)",46.68103430434291,51.79570584877547,12,0,0.0005714285714285715,0.02,0.0,0,0,0,5.3999999999999995,14.736206860868581
6-car / 1.75 min,"OFF-PEAK
(Low, Stable)",8.591288555396371,13.197958340797237,411,0,0.019571428571428573,0.6833333333333333,0.0,0,0,0,5.3999999999999995,64.25032660446514
6-car / 1.75 min,"OFF-PEAK
(Low, Stable)",90.24381092797883,96.18999595895285,9,0,0.00045454545454545455,0.015,0.0,0,0,2,6.1,19.636571639196823
6-car / 1.75 min,"OFF-PEAK
(Low, Stable)",119.49820582431013,124.71706752595794,5,0,0.0002380952380952381,0.008333333333333333,0.0,0,0,0,5.3999999999999995,15.35818381869251
6-car / 1.75 min,"OFF-PEAK
(Low, Stable)",43.40836839474456,50.7813040549408,499,0,0.02446078431372549,0.8316666666666667,0.0,0,0,1,5.75,366.76293048295895
6-car / 1.75 min,"OFF-PEAK
(Low, Stable)",23.895740088077872,29.912842264383357,5,0,0.0002380952380952381,0.008333333333333333,0.0,0,0,0,5.3999999999999995,7.391311674006489
6-car / 1.75 min,"OFF-PEAK
(Low, Stable)",56.264263647883475,63.48683581342813,499,0,0.023761904761904762,0.8316666666666667,0.0,0,0,0,5.3999999999999995,473.3311260048975
6-car / 1.75 min,"OFF-PEAK
(Low, Stable)",15.975153941238611,22.467411479646504,477,0,0.022714285714285715,0.795,0.0,0,0,0,5.3999999999999995,132.40247383284697
6-car / 1.75 min,"OFF-PEAK
(Low, Stable)",69.19276990569448,74.20168183102109,7,0,0.0003333333333333333,0.011666666666666667,0.0,0,0,1,5.75,13.822489822331024
6-car / 1.75 min,"OFF-PEAK
(Low, Stable)",6.747890998539186,53.10464467392237,79,0,0.0037619047619047623,0.115,0.0,0,0,0,5.3999999999999995,14.284723148076594
6-car / 1.75 min,"OFF-PEAK
(Low, Stable)",50.99980922205204,57.85321417727798,499,0,0.023761904761904762,0.8316666666666667,0.0,0,0,0,5.3999999999999995,429.54841336339945
6-car / 1.75 min,"OFF-PEAK
(Low, Stable)",5.46516250329187,99.34327831155682,336,0,0.015999999999999997,0.5566666666666666,0.0,0,0,0,5.3999999999999995,36.00491001843447
6-car / 1.75 min,"OFF-PEAK
(Low, Stable)",79.33380944005543,86.69728123591972,7,0,0.0003333333333333333,0.011666666666666667,0.0,0,0,0,5.3999999999999995,14.655611101339801
6-car / 1.75 min,"OFF-PEAK
(Low, Stable)",23.109576512593122,29.387133567238706,11,0,0.0005238095238095238,0.018333333333333333,0.0,0,0,0,5.3999999999999995,9.636755693975406
6-car / 1.75 min,"OFF-PEAK
(Low, Stable)",14.217350368305798,18.74965135578064,8,0,0.00038095238095238096,0.013333333333333334,0.0,0,0,0,5.3999999999999995,7.295646715774106
6-car / 1.75 min,"OFF-PEAK
(Low, Stable)",36.86292006614509,41.157686721896994,10,0,0.0004901960784313725,0.016666666666666666,0.0,0,0,1,5.75,11.89382001102418
6-car / 1.75 min,"OFF-PEAK
(Low, Stable)",6.277037842579654,118.52306124754858,82,0,0.004019607843137255,0.13,0.0,0,0,1,5.75,14.32861838485886
6-car / 1.75 min,"OFF-PEAK
(Low, Stable)",92.794427320217,93.47612019910802,3,0,0.00014285714285714287,0.005,0.0,0,0,0,5.3999999999999995,10.039721366010848
6-car / 1.75 min,"OFF-PEAK
(Low, Stable)",37.13584249897671,44.33542433338838,500,0,0.024509803921568627,0.8333333333333334,0.0,0,0,0,5.3999999999999995,314.8653541581392
6-car / 1.75 min,"OFF-PEAK
(Low, Stable)",6.876978450617409,81.40900524436019,71,0,0.0033809523809523808,0.10833333333333334,0.0,0,0,0,5.3999999999999995,13.5377578332306
6-car / 1.75 min,"OFF-PEAK
(Low, Stable)",73.35724980214421,82.17711844360137,10,0,0.0004901960784313725,0.016666666666666666,0.0,0,0,0,5.3999999999999995,17.62620830035737
6-car / 1.75 min,"OFF-PEAK
(Low, Stable)",60.7397341018034,70.51137081700044,5,0,0.00024509803921568627,0.008333333333333333,0.0,0,0,1,5.75,10.811644508483617
6-car / 1.75 min,"OFF-PEAK
(Low, Stable)",24.364837394871305,31.004902157753207,494,0,0.02494949494949495,0.8233333333333334,0.0,0,0,1,5.75,206.3538278844404
6-car / 1.75 min,"OFF-PEAK
(Low, Stable)",105.34609711184976,113.70623832223097,10,0,0.0004901960784313725,0.016666666666666666,0.0,0,0,0,5.3999999999999995,22.95768285197496
6-car / 1.75 min,"OFF-PEAK
(Low, Stable)",70.11853746093553,80.4121198650071,8,0,0.00038095238095238096,0.013333333333333334,0.0,0,0,0,5.3999999999999995,14.749138328124737
6-car / 1.75 min,"OFF-PEAK
(Low, Stable)",12.369224120820775,19.218894114883977,8,0,0.00038095238095238096,0.013333333333333334,0.0,0,0,0,5.3999999999999995,7.049229882776103
6-car / 1.75 min,"OFF-PEAK
(Low, Stable)",9.039936769714407,110.68201663942338,125,0,0.005952380952380953,0.19166666666666668,0.0,0,0,0,5.3999999999999995,24.23320160357168
6-car / 1.75 min,"OFF-PEAK
(Low, Stable)",33.591236653766906,38.776047537629225,6,0,0.00028571428571428574,0.01,0.0,0,0,0,5.3999999999999995,8.759123665376691
6-car / 1.75 min,"OFF-PEAK
(Low, Stable)",118.160039518269,126.34998242289578,9,0,0.00042857142857142855,0.015,0.0,0,0,0,5.3999999999999995,23.12400592774035
6-car / 1.75 min,"OFF-PEAK
(Low, Stable)",62.58230193237216,68.29521733486256,5,0,0.0002380952380952381,0.008333333333333333,0.0,0,0,0,5.3999999999999995,10.615191827697679
6-car / 1.75 min,"OFF-PEAK
(Low, Stable)",6.593348831344021,59.003861923515174,94,0,0.0044761904761904765,0.14,0.0,0,0,0,5.3999999999999995,15.729579835772299
6-car / 1.75 min,"OFF-PEAK
(Low, Stable)",96.54568718109972,100.363777151314,8,0,0.0003921568627450981,0.013333333333333334,0.0,0,0,1,5.75,18.622758290813294
6-car / 1.75 min,"OFF-PEAK
(Low, Stable)",47.575046615008965,55.91227499976197,6,0,0.00029411764705882356,0.01,0.0,0,0,1,5.75,10.507504661500896
6-car / 1.75 min,"OFF-PEAK
(Low, Stable)",98.24343420458648,103.69729610950205,11,0,0.0005238095238095238,0.018333333333333333,0.0,0,0,0,5.3999999999999995,23.41129627084085
6-car / 1.75 min,"OFF-PEAK
(Low, Stable)",6.185215116564083,10.207936737861749,369,0,0.018088235294117648,0.615,0.0,0,0,0,5.3999999999999995,43.439072966869105
6-car / 1.75 min,"OFF-PEAK
(Low, Stable)",27.58457322600836,34.53770479983589,496,0,0.02505050505050505,0.8266666666666667,0.0,0,0,1,5.75,233.7824720016691
6-car / 1.75 min,"OFF-PEAK
(Low, Stable)",74.72898435272046,82.91344738043207,6,0,0.00028571428571428574,0.01,0.0,0,0,0,5.3999999999999995,12.872898435272045
6-car / 1.75 min,"OFF-PEAK
(Low, Stable)",84.37445379097268,89.04755698870987,7,0,0.0003333333333333333,0.011666666666666667,0.0,0,0,0,5.3999999999999995,15.24368627561348
6-car / 1.75 min,"OFF-PEAK
(Low, Stable)",105.26247731286325,110.75678777007948,10,0,0.0004761904761904762,0.016666666666666666,0.0,0,0,0,5.3999999999999995,22.943746218810542
6-car / 1.75 min,"OFF-PEAK
(Low, Stable)",11.885914185986687,84.56068834721734,447,0,0.021285714285714286,0.7416666666666667,0.0,0,0,0,5.3999999999999995,93.95006068560082
6-car / 1.75 min,"OFF-PEAK
(Low, Stable)",56.88203426453568,60.4929869596468,3,0,0.00014285714285714287,0.005,0.0,0,0,0,5.3999999999999995,8.244101713226783
6-car / 1.75 min,"OFF-PEAK
(Low, Stable)",4.860548839531976,61.18283366379082,333,0,0.015857142857142858,0.5533333333333333,0.0,0,0,0,5.3999999999999995,32.37604605940246
6-car / 1.75 min,"OFF-PEAK
(Low, Stable)",63.02547319656267,70.08383405926824,500,0,0.02380952380952381,0.8333333333333334,0.0,0,0,0,5.3999999999999995,530.6122766380222
6-car / 1.75 min,"OFF-PEAK
(Low, Stable)",38.987702000626406,46.6683952598647,10,0,0.0004761904761904762,0.016666666666666666,0.0,0,0,0,5.3999999999999995,11.897950333437734
6-car / 1.75 min,"OFF-PEAK
(Low, Stable)",59.477423335921266,68.16018605072529,5,0,0.00024509803921568627,0.008333333333333333,0.0,0,0,1,5.75,10.706451944660106
6-car / 1.75 min,"OFF-PEAK
(Low, Stable)",17.23390386106277,23.288651359819948,477,0,0.022714285714285715,0.795,0.0,0,0,0,5.3999999999999995,142.40953569544902
6-car / 1.75 min,"OFF-PEAK
(Low, Stable)",63.22997089854945,66.12001038951178,2,0,9.523809523809524e-05,0.0033333333333333335,0.0,0,0,0,5.3999999999999995,7.507665696618314
6-car / 1.75 min,"OFF-PEAK
(Low, Stable)",43.10944290045492,50.11097674658226,499,0,0.02446078431372549,0.8316666666666667,0.0,0,0,1,5.75,364.2768667887834
6-car / 1.75 min,"OFF-PEAK
(Low, Stable)",31.066798973690183,37.630571557073914,496,0,0.02431372549019608,0.8266666666666667,0.0,0,0,1,5.75,262.56887151583885
6-car / 1.75 min,"OFF-PEAK
(Low, Stable)",36.334600857440755,43.17657873926865,500,0,0.02380952380952381,0.8333333333333334,0.0,0,0,0,5.3999999999999995,308.1883404786729
6-car / 1.75 min,"OFF-PEAK
(Low, Stable)",70.05589652696298,75.51716495026545,13,0,0.0006372549019607843,0.021666666666666667,0.0,0,0,1,5.75,20.928777580841977
6-car / 1.75 min,"OFF-PEAK
(Low, Stable)",39.95514759511859,46.479536009866344,500,0,0.02380952380952381,0.8333333333333334,0.0,0,0,0,5.3999999999999995,338.35956329265485
6-car / 1.75 min,"OFF-PEAK
(Low, Stable)",27.66961075076342,28.77364971949772,3,0,0.00014705882352941178,0.005,0.0,0,0,1,5.75,7.133480537538171
6-car / 1.75 min,"OFF-PEAK
(Low, Stable)",164.50918223620792,165.84531814831797,6,0,0.00028571428571428574,0.01,0.0,0,0,0,5.3999999999999995,21.85091822362079
6-car / 1.75 min,"OFF-PEAK
(Low, Stable)",79.33999526614684,84.9370391654623,11,0,0.0005392156862745098,0.018333333333333333,0.0,0,0,1,5.75,20.295665798793586
6-car / 1.75 min,"OFF-PEAK
(Low, Stable)",25.71547780986738,32.57454086530111,494,0,0.024215686274509804,0.8233333333333334,0.0,0,0,1,5.75,217.47410063457477
6-car / 1.75 min,"OFF-PEAK
(Low, Stable)",36.07811220690116,43.02355805812037,499,0,0.02446078431372549,0.8316666666666667,0.0,0,0,1,5.75,305.79963318739465
6-car / 1.75 min,"OFF-PEAK
(Low, Stable)",51.79538251087455,58.92604341142327,500,0,0.02380952380952381,0.8333333333333334,0.0,0,0,0,5.3999999999999995,437.02818759062126
6-car / 1.75 min,"OFF-PEAK
(Low, Stable)",67.32915756213836,72.35488352088909,10,0,0.0004761904761904762,0.016666666666666666,0.0,0,0,0,5.3999999999999995,16.621526260356394
6-car / 1.75 min,"OFF-PEAK
(Low, Stable)",77.55414090981884,83.33997767030078,4,0,0.00019047619047619048,0.006666666666666667,0.0,0,0,0,5.3999999999999995,10.570276060654589
6-car / 1.75 min,"OFF-PEAK
(Low, Stable)",27.453162984992307,34.33266557235907,496,0,0.02361904761904762,0.8266666666666667,0.0,0,0,0,5.3999999999999995,232.34614734260308
6-car / 1.75 min,"OFF-PEAK
(Low, Stable)",84.22829362189827,92.47967366592195,11,0,0.0005392156862745098,0.018333333333333333,0.0,0,0,1,5.75,21.19185383068135
6-car / 1.75 min,"OFF-PEAK
(Low, Stable)",67.00250715064965,72.0099705088019,9,0,0.00042857142857142855,0.015,0.0,0,0,0,5.3999999999999995,15.450376072597447
6-car / 1.75 min,"OFF-PEAK
(Low, Stable)",48.44132119529645,55.0161743814174,500,0,0.024509803921568627,0.8333333333333334,0.0,0,0,0,5.3999999999999995,409.07767662747045
6-car / 1.75 min,"OFF-PEAK
(Low, Stable)",61.77897992771738,64.79487860002075,7,0,0.0003333333333333333,0.011666666666666667,0.0,0,0,0,5.3999999999999995,12.607547658233694
6-car / 1.75 min,"OFF-PEAK
(Low, Stable)",49.73162792038777,56.50877660888238,500,0,0.02380952380952381,0.8333333333333334,0.0,0,0,0,5.3999999999999995,419.83023266989807
6-car / 1.75 min,"OFF-PEAK
(Low, Stable)",83.10427379323761,85.63965811044142,3,0,0.00014705882352941178,0.005,0.0,0,0,1,5.75,9.905213689661881
6-car / 1.75 min,"OFF-PEAK
(Low, Stable)",5.171184410776329,74.93085672346815,89,0,0.004362745098039216,0.13833333333333334,0.0,0,0,1,5.75,13.42059020931822
6-car / 1.75 min,"OFF-PEAK
(Low, Stable)",123.62809303236666,129.68037798220803,7,0,0.0003333333333333333,0.011666666666666667,0.0,0,0,0,5.3999999999999995,19.823277520442776
6-car / 1.75 min,"OFF-PEAK
(Low, Stable)",26.3828059005765,33.43137104173132,498,0,0.023714285714285712,0.83,0.0,0,0,0,5.3999999999999995,224.37728897478496
6-car / 1.75 min,"OFF-PEAK
(Low, Stable)",48.20928350383282,54.778794613200525,500,0,0.024509803921568627,0.8333333333333334,0.0,0,0,1,5.75,407.4940291986068
6-car / 1.75 min,"OFF-PEAK
(Low, Stable)",68.82833440588836,74.99706351603582,15,0,0.0007142857142857143,0.025,0.0,0,0,0,5.3999999999999995,22.607083601472088
6-car / 1.75 min,"OFF-PEAK
(Low, Stable)",13.97281683124009,70.11347019810437,467,0,0.022892156862745098,0.7766666666666666,0.0,0,0,1,5.75,114.50509100315203
6-car / 1.75 min,"OFF-PEAK
(Low, Stable)",19.683012587210882,26.423373972179075,490,0,0.024019607843137253,0.8166666666666667,0.0,0,0,0,5.3999999999999995,166.14460279555556
6-car / 1.75 min,"OFF-PEAK
(Low, Stable)",16.99015003618405,46.31356828956412,479,0,0.02280952380952381,0.7966666666666666,0.0,0,0,0,5.3999999999999995,141.03803112220268
6-car / 1.75 min,"OFF-PEAK
(Low, Stable)",94.62426496788129,100.6956831594747,12,0,0.0005714285714285715,0.02,0.0,0,0,0,5.3999999999999995,24.324852993576258
6-car / 1.75 min,"OFF-PEAK
(Low, Stable)",19.446500788536568,25.486883554448745,481,0,0.022904761904761903,0.8016666666666666,0.0,0,0,0,5.3999999999999995,161.29611465476816
6-car / 1.75 min,"OFF-PEAK
(Low, Stable)",64.24989762770265,70.20572277233072,8,0,0.00038095238095238096,0.013333333333333334,0.0,0,0,0,5.3999999999999995,13.96665301702702
6-car / 1.75 min,"OFF-PEAK
(Low, Stable)",61.300260232125744,66.12878501209221,12,0,0.0005714285714285715,0.02,0.0,0,0,0,5.3999999999999995,17.66005204642515
6-car / 1.75 min,"OFF-PEAK
(Low, Stable)",10.124990391490513,93.47150906172614,96,0,0.004705882352941177,0.14333333333333334,0.0,0,0,1,5.75,21.949984626384822
6-car / 1.75 min,"OFF-PEAK
(Low, Stable)",14.572847608886836,20.46665881450119,477,0,0.022714285714285715,0.795,0.0,0,0,0,5.3999999999999995,121.25413849065035
6-car / 1.75 min,"OFF-PEAK
(Low, Stable)",11.548328699508778,16.440343808739435,445,0,0.02181372549019608,0.7416666666666667,0.0,0,0,1,5.75,91.40010452135677
6-car / 1.75 min,"OFF-PEAK
(Low, Stable)",89.34648239065072,94.24298921344443,7,0,0.0003333333333333333,0.011666666666666667,0.0,0,0,0,5.3999999999999995,15.82375627890925
6-car / 1.75 min,"OFF-PEAK
(Low, Stable)",16.137321084126526,22.36364979844902,481,0,0.022904761904761903,0.8016666666666666,0.0,0,0,0,5.3999999999999995,134.76752402441434
6-car / 1.75 min,"OFF-PEAK
(Low, Stable)",12.2251572030409,17.76578192505769,470,0,0.02303921568627451,0.7833333333333333,0.0,0,0,1,5.75,101.51373142382039
6-car / 1.75 min,"OFF-PEAK
(Low, Stable)",3.6545654856870873,73.98050161962625,205,0,0.010049019607843138,0.3333333333333333,0.0,0,0,1,5.75,18.23643207609755
6-car / 1.75 min,"OFF-PEAK
(Low, Stable)",15.143024072622449,86.11142136417958,464,0,0.022095238095238095,0.7716666666666666,0.0,0,0,0,5.3999999999999995,122.50605282828027
6-car / 1.75 min,"OFF-PEAK
(Low, Stable)",75.46005710420789,84.33102053255932,5,0,0.00024509803921568627,0.008333333333333333,0.0,0,0,1,5.75,12.038338092017323
6-car / 1.75 min,"OFF-PEAK
(Low, Stable)",35.995441615233915,39.14755867950599,6,0,0.00028571428571428574,0.01,0.0,0,0,0,5.3999999999999995,8.99954416152339
6-car / 1.75 min,"OFF-PEAK
(Low, Stable)",118.89016491416885,128.34757288793887,12,0,0.0005714285714285715,0.02,0.0,0,0,0,5.3999999999999995,29.17803298283377
6-car / 1.75 min,"OFF-PEAK
(Low, Stable)",33.8007277957955,41.17506176719336,14,0,0.0006666666666666666,0.023333333333333334,0.0,0,0,0,5.3999999999999995,13.286836485685615
6-car / 1.75 min,"NORMAL
(Moderate, Typical)",0.0,0.0,0,0,0.0,0.0,0.0,0,0,2,6.1,6.1
6-car / 1.75 min,"NORMAL
(Moderate, Typical)",56.14342699317327,57.26321919554231,600,1400,0.029411764705882353,1.0,0.0,0,0,1,5.75,3367.1842699317326
6-car / 1.75 min,"NORMAL
(Moderate, Typical)",0.0,0.0,0,0,0.0,0.0,0.0,0,0,2,6.1,6.1
6-car / 1.75 min,"NORMAL
(Moderate, Typical)",0.0,0.0,0,0,0.0,0.0,0.0,0,0,0,5.3999999999999995,5.3999999999999995
6-car / 1.75 min,"NORMAL
(Moderate, Typical)",29.548074380249485,30.599445281755887,600,1400,0.029411764705882353,1.0,0.0,0,0,1,5.75,3101.230743802495
6-car / 1.75 min,"NORMAL
(Moderate, Typical)",0.0,0.0,0,0,0.0,0.0,0.0,0,0,1,5.75,5.75
6-car / 1.75 min,"NORMAL
(Moderate, Typical)",48.132761048616985,49.237065658956865,600,1400,0.02857142857142857,1.0,0.0,0,0,0,5.3999999999999995,3286.72761048617
6-car / 1.75 min,"NORMAL
(Moderate, Typical)",25.738097130073033,26.857958053094887,600,1400,0.02857142857142857,1.0,0.0,0,0,0,5.3999999999999995,3062.7809713007305
6-car / 1.75 min,"NORMAL
(Moderate, Typical)",0.0,0.0,0,0,0.0,0.0,0.0,0,0,2,6.1,6.1
6-car / 1.75 min,"NORMAL
(Moderate, Typical)",0.0,0.0,0,0,0.0,0.0,0.0,0,0,1,5.75,5.75
6-car / 1.75 min,"NORMAL
(Moderate, Typical)",18.76040855279077,19.894003411430276,600,1400,0.03225806451612903,1.0,0.0,0,0,3,6.45,2994.054085527908
6-car / 1.75 min,"NORMAL
(Moderate, Typical)",0.0,0.0,0,0,0.0,0.0,0.0,0,0,1,5.75,5.75
6-car / 1.75 min,"NORMAL
(Moderate, Typical)",0.0,0.0,0,0,0.0,0.0,0.0,0,0,1,5.75,5.75
6-car / 1.75 min,"NORMAL
(Moderate, Typical)",29.16021748610635,30.225717305413962,600,1400,0.02857142857142857,1.0,0.0,0,0,0,5.3999999999999995,3097.0021748610634
6-car / 1.75 min,"NORMAL
(Moderate, Typical)",0.0,0.0,0,0,0.0,0.0,0.0,0,0,1,5.75,5.75
6-car / 1.75 min,"NORMAL
(Moderate, Typical)",9.766213371602406,10.922539194838249,600,1400,0.029411764705882353,1.0,0.0,0,0,1,5.75,2903.412133716024
6-car / 1.75 min,"NORMAL
(Moderate, Typical)",0.0,0.0,0,0,0.0,0.0,0.0,0,0,0,5.3999999999999995,5.3999999999999995
6-car / 1.75 min,"NORMAL
(Moderate, Typical)",20.77781992911515,21.893543359175773,600,1400,0.029411764705882353,1.0,0.0,0,0,1,5.75,3013.5281992911514
6-car / 1.75 min,"NORMAL
(Moderate, Typical)",0.3240470264427967,0.8257343572338494,176,0,0.008380952380952381,0.29333333333333333,0.0,0,0,0,5.3999999999999995,6.350537944232203
6-car / 1.75 min,"NORMAL
(Moderate, Typical)",23.24543364674015,24.35745119931944,600,1400,0.02857142857142857,1.0,0.0,0,0,0,5.3999999999999995,3037.8543364674015
6-car / 1.75 min,"NORMAL
(Moderate, Typical)",0.0,0.0,0,0,0.0,0.0,0.0,0,0,0,5.3999999999999995,5.3999999999999995
6-car / 1.75 min,"NORMAL
(Moderate, Typical)",0.0,0.0,0,0,0.0,0.0,0.0,0,0,0,5.3999999999999995,5.3999999999999995
6-car / 1.75 min,"NORMAL
(Moderate, Typical)",2.5622733238859383,3.6975538010383064,600,1400,0.02857142857142857,1.0,0.0,0,0,0,5.3999999999999995,2831.0227332388595
6-car / 1.75 min,"NORMAL
(Moderate, Typical)",28.781518538788127,29.910907429815115,600,1400,0.02857142857142857,1.0,0.0,0,0,0,5.3999999999999995,3093.2151853878813
6-car / 1.75 min,"NORMAL
(Moderate, Typical)",31.128627594376322,32.23303038691623,600,1400,0.02857142857142857,1.0,0.0,0,0,0,5.3999999999999995,3116.686275943763
6-car / 1.75 min,"NORMAL
(Moderate, Typical)",12.749214076717639,13.849093277194507,600,1400,0.030303030303030304,1.0,0.0,0,0,2,6.1,2933.5921407671763
6-car / 1.75 min,"NORMAL
(Moderate, Typical)",44.87179083733775,46.01796118111013,600,1400,0.02857142857142857,1.0,0.0,0,0,0,5.3999999999999995,3254.1179083733773
6-car / 1.75 min,"NORMAL
(Moderate, Typical)",7.439062020528762,8.562836779177756,600,1400,0.02857142857142857,1.0,0.0,0,0,0,5.3999999999999995,2879.7906202052877
6-car / 1.75 min,"NORMAL
(Moderate, Typical)",0.0,0.0,0,0,0.0,0.0,0.0,0,0,0,5.3999999999999995,5.3999999999999995
6-car / 1.75 min,"NORMAL
(Moderate, Typical)",37.90519747954738,39.03578419733141,600,1400,0.030303030303030304,1.0,0.0,0,0,1,5.75,3184.801974795474
6-car / 1.75 min,"NORMAL
(Moderate, Typical)",0.0,0.0,0,0,0.0,0.0,0.0,0,0,0,5.3999999999999995,5.3999999999999995
6-car / 1.75 min,"NORMAL
(Moderate, Typical)",22.000515121034507,23.040704879999033,600,1400,0.03125,1.0,0.0,0,0,2,6.1,3026.105151210345
6-car / 1.75 min,"NORMAL
(Moderate, Typical)",14.461661622283264,15.528315860879637,600,1400,0.02857142857142857,1.0,0.0,0,0,0,5.3999999999999995,2950.0166162228325
6-car / 1.75 min,"NORMAL
(Moderate, Typical)",14.20985727082575,15.411140063097193,600,1400,0.029411764705882353,1.0,0.0,0,0,1,5.75,2947.8485727082575
6-car / 1.75 min,"NORMAL
(Moderate, Typical)",0.0,0.0,0,0,0.0,0.0,0.0,0,0,0,5.3999999999999995,5.3999999999999995
6-car / 1.75 min,"NORMAL
(Moderate, Typical)",37.103275024082734,38.23387351780186,600,1400,0.02857142857142857,1.0,0.0,0,0,0,5.3999999999999995,3176.4327502408273
6-car / 1.75 min,"NORMAL
(Moderate, Typical)",7.675093175042158,8.777942447396878,600,1400,0.02857142857142857,1.0,0.0,0,0,1,5.75,2882.5009317504214
6-car / 1.75 min,"NORMAL
(Moderate, Typical)",0.0,0.0,0,0,0.0,0.0,0.0,0,0,1,5.75,5.75
6-car / 1.75 min,"NORMAL
(Moderate, Typical)",0.0,0.0,0,0,0.0,0.0,0.0,0,0,1,5.75,5.75
6-car / 1.75 min,"NORMAL
(Moderate, Typical)",26.51134258584427,27.66134086626415,600,1400,0.02857142857142857,1.0,0.0,0,0,0,5.3999999999999995,3070.5134258584426
6-car / 1.75 min,"NORMAL
(Moderate, Typical)",31.076457860917603,32.234988596774585,600,1400,0.029411764705882353,1.0,0.0,0,0,1,5.75,3116.514578609176
6-car / 1.75 min,"NORMAL
(Moderate, Typical)",50.73304428883829,51.84448184066318,600,1400,0.02857142857142857,1.0,0.0,0,0,0,5.3999999999999995,3312.730442888383
6-car / 1.75 min,"NORMAL
(Moderate, Typical)",0.0,0.0,0,0,0.0,0.0,0.0,0,0,0,5.3999999999999995,5.3999999999999995
6-car / 1.75 min,"NORMAL
(Moderate, Typical)",12.310307660537552,13.406770818714644,600,1400,0.029411764705882353,1.0,0.0,0,0,1,5.75,2928.8530766053755
6-car / 1.75 min,"NORMAL
(Moderate, Typical)",36.66214586058332,37.81237474378036,600,1400,0.029411764705882353,1.0,0.0,0,0,1,5.75,3172.371458605833
6-car / 1.75 min,"NORMAL
(Moderate, Typical)",0.0,0.0,0,0,0.0,0.0,0.0,0,0,1,5.75,5.75
6-car / 1.75 min,"NORMAL
(Moderate, Typical)",0.0,0.0,0,0,0.0,0.0,0.0,0,0,1,5.75,5.75
6-car / 1.75 min,"NORMAL
(Moderate, Typical)",8.88392469513612,10.004174429552203,600,1400,0.02857142857142857,1.0,0.0,0,0,0,5.3999999999999995,2894.239246951361
6-car / 1.75 min,"NORMAL
(Moderate, Typical)",65.98116099280311,67.09190040721569,600,1400,0.030303030303030304,1.0,0.0,0,0,1,5.75,3465.561609928031
6-car / 1.75 min,"NORMAL
(Moderate, Typical)",0.0,0.0,0,0,0.0,0.0,0.0,0,0,0,5.3999999999999995,5.3999999999999995
6-car / 1.75 min,"NORMAL
(Moderate, Typical)",0.0,0.0,0,0,0.0,0.0,0.0,0,0,0,5.3999999999999995,5.3999999999999995
6-car / 1.75 min,"NORMAL
(Moderate, Typical)",21.67469022159919,22.837531521015574,600,1400,0.03125,1.0,0.0,0,0,4,6.8,3023.546902215992
6-car / 1.75 min,"NORMAL
(Moderate, Typical)",0.0,0.0,0,0,0.0,0.0,0.0,0,0,0,5.3999999999999995,5.3999999999999995
6-car / 1.75 min,"NORMAL
(Moderate, Typical)",0.101384600222765,0.2525257671696025,24,0,0.0011764705882352942,0.04,0.0,0,0,1,5.75,5.790553840089106
6-car / 1.75 min,"NORMAL
(Moderate, Typical)",21.27568647503343,22.483061889312488,600,1400,0.029411764705882353,1.0,0.0,0,0,1,5.75,3018.5068647503344
6-car / 1.75 min,"NORMAL
(Moderate, Typical)",24.08723027561747,25.227485897870253,600,1400,0.02857142857142857,1.0,0.0,0,0,1,5.75,3046.6223027561746
6-car / 1.75 min,"NORMAL
(Moderate, Typical)",17.752621766861104,18.93319637714183,600,1400,0.029411764705882353,1.0,0.0,0,0,1,5.75,2983.276217668611
6-car / 1.75 min,"NORMAL
(Moderate, Typical)",0.0,0.0,0,0,0.0,0.0,0.0,0,0,0,5.3999999999999995,5.3999999999999995
6-car / 1.75 min,"NORMAL
(Moderate, Typical)",0.0,0.0,0,0,0.0,0.0,0.0,0,0,1,5.75,5.75
6-car / 1.75 min,"NORMAL
(Moderate, Typical)",5.078227109795294,6.242392205236308,600,1400,0.029411764705882353,1.0,0.0,0,0,1,5.75,2856.532271097953
6-car / 1.75 min,"NORMAL
(Moderate, Typical)",0.0,0.0,0,0,0.0,0.0,0.0,0,0,0,5.3999999999999995,5.3999999999999995
6-car / 1.75 min,"NORMAL
(Moderate, Typical)",0.0,0.0,0,0,0.0,0.0,0.0,0,0,0,5.3999999999999995,5.3999999999999995
6-car / 1.75 min,"NORMAL
(Moderate, Typical)",52.50139771560226,53.66360649040943,600,1400,0.03125,1.0,0.0,0,0,3,6.45,3331.463977156023
6-car / 1.75 min,"NORMAL
(Moderate, Typical)",0.0,0.0,0,0,0.0,0.0,0.0,0,0,0,5.3999999999999995,5.3999999999999995
6-car / 1.75 min,"NORMAL
(Moderate, Typical)",0.0,0.0,0,0,0.0,0.0,0.0,0,0,0,5.3999999999999995,5.3999999999999995
6-car / 1.75 min,"NORMAL
(Moderate, Typical)",0.32966626668423404,0.7993276877103216,164,0,0.008282828282828282,0.2733333333333333,0.0,0,0,2,6.1,7.001087795603572
6-car / 1.75 min,"NORMAL
(Moderate, Typical)",10.729536274590679,11.829893696733604,600,1400,0.030303030303030304,1.0,0.0,0,0,1,5.75,2913.045362745907
6-car / 1.75 min,"NORMAL
(Moderate, Typical)",0.0,0.0,0,0,0.0,0.0,0.0,0,0,0,5.3999999999999995,5.3999999999999995
6-car / 1.75 min,"NORMAL
(Moderate, Typical)",0.0,0.0,0,0,0.0,0.0,0.0,0,0,3,6.45,6.45
6-car / 1.75 min,"NORMAL
(Moderate, Typical)",53.902980188418255,54.98626034057928,600,1400,0.02857142857142857,1.0,0.0,0,0,0,5.3999999999999995,3344.429801884183
6-car / 1.75 min,"NORMAL
(Moderate, Typical)",46.34199940672813,47.51754673187957,600,1400,0.029411764705882353,1.0,0.0,0,0,1,5.75,3269.169994067281
6-car / 1.75 min,"NORMAL
(Moderate, Typical)",25.65064349988795,26.757110996248322,600,1400,0.029411764705882353,1.0,0.0,0,0,0,5.3999999999999995,3061.9064349988794
6-car / 1.75 min,"NORMAL
(Moderate, Typical)",0.0,0.0,0,0,0.0,0.0,0.0,0,0,0,5.3999999999999995,5.3999999999999995
6-car / 1.75 min,"NORMAL
(Moderate, Typical)",172.0739887715883,172.0739887715883,1,0,4.901960784313726e-05,0.0016666666666666668,0.0,0,0,1,5.75,8.617899812859804
6-car / 1.75 min,"NORMAL
(Moderate, Typical)",0.0,0.0,0,0,0.0,0.0,0.0,0,0,0,5.3999999999999995,5.3999999999999995
6-car / 1.75 min,"NORMAL
(Moderate, Typical)",22.309111792028098,23.51927651804739,600,1400,0.029411764705882353,1.0,0.0,0,0,1,5.75,3028.841117920281
6-car / 1.75 min,"NORMAL
(Moderate, Typical)",4.098238528236391,5.185574827285153,600,1400,0.029411764705882353,1.0,0.0,0,0,0,5.3999999999999995,2846.382385282364
6-car / 1.75 min,"NORMAL
(Moderate, Typical)",0.0,0.0,0,0,0.0,0.0,0.0,0,0,0,5.3999999999999995,5.3999999999999995
6-car / 1.75 min,"NORMAL
(Moderate, Typical)",0.0,0.0,0,0,0.0,0.0,0.0,0,0,1,5.75,5.75
6-car / 1.75 min,"NORMAL
(Moderate, Typical)",19.206618610386403,20.333458395707734,600,1400,0.02857142857142857,1.0,0.0,0,0,0,5.3999999999999995,2997.466186103864
6-car / 1.75 min,"NORMAL
(Moderate, Typical)",26.229870099519356,27.355889623089222,600,1400,0.02857142857142857,1.0,0.0,0,0,0,5.3999999999999995,3067.6987009951936
6-car / 1.75 min,"NORMAL
(Moderate, Typical)",0.0,0.0,0,0,0.0,0.0,0.0,0,0,3,6.45,6.45
6-car / 1.75 min,"NORMAL
(Moderate, Typical)",0.0,0.0,0,0,0.0,0.0,0.0,0,0,1,5.75,5.75
6-car / 1.75 min,"NORMAL
(Moderate, Typical)",0.0,0.0,0,0,0.0,0.0,0.0,0,0,0,5.3999999999999995,5.3999999999999995
6-car / 1.75 min,"NORMAL
(Moderate, Typical)",0.0,0.0,0,0,0.0,0.0,0.0,0,0,1,5.75,5.75
6-car / 1.75 min,"NORMAL
(Moderate, Typical)",0.0,0.0,0,0,0.0,0.0,0.0,0,0,0,5.3999999999999995,5.3999999999999995
6-car / 1.75 min,"NORMAL
(Moderate, Typical)",0.0,0.0,0,0,0.0,0.0,0.0,0,0,0,5.3999999999999995,5.3999999999999995
6-car / 1.75 min,"NORMAL
(Moderate, Typical)",0.5607840287179812,1.3546759956106595,401,0,0.01965686274509804,0.6683333333333333,0.0,0,0,1,5.75,9.49790659193184
6-car / 1.75 min,"NORMAL
(Moderate, Typical)",21.22959960077994,22.36308812599109,600,1400,0.02857142857142857,1.0,0.0,0,0,0,5.3999999999999995,3017.6959960077993
6-car / 1.75 min,"NORMAL
(Moderate, Typical)",0.0,0.0,0,0,0.0,0.0,0.0,0,0,0,5.3999999999999995,5.3999999999999995
6-car / 1.75 min,"NORMAL
(Moderate, Typical)",0.0,0.0,0,0,0.0,0.0,0.0,0,0,2,6.1,6.1
6-car / 1.75 min,"NORMAL
(Moderate, Typical)",0.0,0.0,0,0,0.0,0.0,0.0,0,0,0,5.3999999999999995,5.3999999999999995
6-car / 1.75 min,"NORMAL
(Moderate, Typical)",0.0,0.0,0,0,0.0,0.0,0.0,0,0,0,5.3999999999999995,5.3999999999999995
6-car / 1.75 min,"NORMAL
(Moderate, Typical)",0.0,0.0,0,0,0.0,0.0,0.0,0,0,0,5.3999999999999995,5.3999999999999995
6-car / 1.75 min,"NORMAL
(Moderate, Typical)",0.0,0.0,0,0,0.0,0.0,0.0,0,0,1,5.75,5.75
6-car / 1.75 min,"NORMAL
(Moderate, Typical)",0.0,0.0,0,0,0.0,0.0,0.0,0,0,0,5.3999999999999995,5.3999999999999995
6-car / 1.75 min,"NORMAL
(Moderate, Typical)",0.0,0.0,0,0,0.0,0.0,0.0,0,0,0,5.3999999999999995,5.3999999999999995
6-car / 1.75 min,"NORMAL
(Moderate, Typical)",0.0,0.0,0,0,0.0,0.0,0.0,0,0,0,5.3999999999999995,5.3999999999999995
6-car / 1.75 min,"NORMAL
(Moderate, Typical)",1.1942667429860319,2.3136187828542405,600,1400,0.029411764705882353,1.0,0.0,0,0,1,5.75,2817.69266742986
6-car / 1.75 min,"NORMAL
(Moderate, Typical)",0.0,0.0,0,0,0.0,0.0,0.0,0,0,0,5.3999999999999995,5.3999999999999995
6-car / 1.75 min,"PEAK
(High, Busy)",15.8908948345995,16.28736402092671,600,3400,0.029411764705882353,1.0,0.0,0,0,1,5.75,6964.658948345995
6-car / 1.75 min,"PEAK
(High, Busy)",0.8436891734808358,1.215383325725404,600,3400,0.03125,1.0,0.0,0,0,3,6.45,6814.886891734808
6-car / 1.75 min,"PEAK
(High, Busy)",0.0,0.0,0,0,0.0,0.0,0.0,0,0,0,5.3999999999999995,5.3999999999999995
6-car / 1.75 min,"PEAK
(High, Busy)",49.17437696078909,49.55972289004662,600,3400,0.029411764705882353,1.0,0.0,0,0,1,5.75,7297.4937696078905
6-car / 1.75 min,"PEAK
(High, Busy)",0.0,0.0,0,0,0.0,0.0,0.0,0,0,2,6.1,6.1
6-car / 1.75 min,"PEAK
(High, Busy)",0.0,0.0,0,0,0.0,0.0,0.0,0,0,1,5.75,5.75
6-car / 1.75 min,"PEAK
(High, Busy)",0.0,0.0,0,0,0.0,0.0,0.0,0,0,1,5.75,5.75
6-car / 1.75 min,"PEAK
(High, Busy)",17.12719944100782,17.47320372182042,600,3400,0.02857142857142857,1.0,0.0,0,0,0,5.3999999999999995,6976.671994410078
6-car / 1.75 min,"PEAK
(High, Busy)",0.0,0.0,0,0,0.0,0.0,0.0,0,0,2,6.1,6.1
6-car / 1.75 min,"PEAK
(High, Busy)",0.0,0.0,0,0,0.0,0.0,0.0,0,0,0,5.3999999999999995,5.3999999999999995
6-car / 1.75 min,"PEAK
(High, Busy)",11.287824437943437,11.633502114269968,600,3400,0.02857142857142857,1.0,0.0,0,0,0,5.3999999999999995,6918.278244379434
6-car / 1.75 min,"PEAK
(High, Busy)",10.925999976304583,11.295679819383246,600,3400,0.03225806451612903,1.0,0.0,0,0,4,6.8,6916.059999763046
6-car / 1.75 min,"PEAK
(High, Busy)",24.57844470376024,24.945930960145702,600,3400,0.02857142857142857,1.0,0.0,0,0,0,5.3999999999999995,7051.184447037603
6-car / 1.75 min,"PEAK
(High, Busy)",7.735747047523026,8.104470391853022,600,3400,0.02857142857142857,1.0,0.0,0,0,0,5.3999999999999995,6882.757470475231
6-car / 1.75 min,"PEAK
(High, Busy)",31.00596260152716,31.359342880205308,600,3400,0.030303030303030304,1.0,0.0,0,0,3,6.45,7116.509626015271
6-car / 1.75 min,"PEAK
(High, Busy)",0.0,0.0,0,0,0.0,0.0,0.0,0,0,0,5.3999999999999995,5.3999999999999995
6-car / 1.75 min,"PEAK
(High, Busy)",0.0,0.0,0,0,0.0,0.0,0.0,0,0,1,5.75,5.75
6-car / 1.75 min,"PEAK
(High, Busy)",12.997328707919088,13.389061926160398,600,3400,0.030303030303030304,1.0,0.0,0,0,2,6.1,6936.073287079191
6-car / 1.75 min,"PEAK
(High, Busy)",5.545119933389281,5.9132185849195515,600,3400,0.030303030303030304,1.0,0.0,0,0,2,6.1,6861.551199333893
6-car / 1.75 min,"PEAK
(High, Busy)",26.787048580770755,27.164724819649763,600,3400,0.029411764705882353,1.0,0.0,0,0,1,5.75,7073.620485807707
6-car / 1.75 min,"PEAK
(High, Busy)",56.36079950601508,56.73014306623227,600,3400,0.02857142857142857,1.0,0.0,0,0,0,5.3999999999999995,7369.00799506015
6-car / 1.75 min,"PEAK
(High, Busy)",0.0,0.0,0,0,0.0,0.0,0.0,0,0,0,5.3999999999999995,5.3999999999999995
6-car / 1.75 min,"PEAK
(High, Busy)",67.32432269521634,67.7009123046692,600,3400,0.02857142857142857,1.0,0.0,0,0,0,5.3999999999999995,7478.643226952163
6-car / 1.75 min,"PEAK
(High, Busy)",0.0,0.0,0,0,0.0,0.0,0.0,0,0,3,6.45,6.45
6-car / 1.75 min,"PEAK
(High, Busy)",0.0,0.0,0,0,0.0,0.0,0.0,0,0,2,6.1,6.1
6-car / 1.75 min,"PEAK
(High, Busy)",0.0,0.0,0,0,0.0,0.0,0.0,0,0,1,5.75,5.75
6-car / 1.75 min,"PEAK
(High, Busy)",80.68230076712706,81.05690536705224,600,3400,0.029411764705882353,1.0,0.0,0,0,1,5.75,7612.573007671271
6-car / 1.75 min,"PEAK
(High, Busy)",2.141978280234302,2.5146502566545537,600,3400,0.030303030303030304,1.0,0.0,0,0,2,6.1,6827.519782802343
6-car / 1.75 min,"PEAK
(High, Busy)",3.4086084648306447,3.7689161844662262,600,3400,0.02857142857142857,1.0,0.0,0,0,0,5.3999999999999995,6839.486084648306
6-car / 1.75 min,"PEAK
(High, Busy)",10.611632729465027,10.9823154702869,600,3400,0.02857142857142857,1.0,0.0,0,0,0,5.3999999999999995,6911.51632729465
6-car / 1.75 min,"PEAK
(High, Busy)",20.73365792438018,21.108096633036553,600,3400,0.029411764705882353,1.0,0.0,0,0,0,5.3999999999999995,7012.736579243802
6-car / 1.75 min,"PEAK
(High, Busy)",0.0,0.0,0,0,0.0,0.0,0.0,0,0,0,5.3999999999999995,5.3999999999999995
6-car / 1.75 min,"PEAK
(High, Busy)",0.0,0.0,0,0,0.0,0.0,0.0,0,0,0,5.3999999999999995,5.3999999999999995
6-car / 1.75 min,"PEAK
(High, Busy)",0.0,0.0,0,0,0.0,0.0,0.0,0,0,2,6.1,6.1
6-car / 1.75 min,"PEAK
(High, Busy)",12.241808373793296,12.61180854041377,600,3400,0.03125,1.0,0.0,0,0,3,6.45,6928.868083737933
6-car / 1.75 min,"PEAK
(High, Busy)",21.664681987662,22.029039265120698,600,3400,0.03125,1.0,0.0,0,0,3,6.45,7023.09681987662
6-car / 1.75 min,"PEAK
(High, Busy)",51.837801371819275,52.217004443705235,600,3400,0.02857142857142857,1.0,0.0,0,0,0,5.3999999999999995,7323.778013718193
6-car / 1.75 min,"PEAK
(High, Busy)",72.3212867560038,72.66966949502103,600,3400,0.02857142857142857,1.0,0.0,0,0,0,5.3999999999999995,7528.612867560038
6-car / 1.75 min,"PEAK
(High, Busy)",0.0,0.0,0,0,0.0,0.0,0.0,0,0,1,5.75,5.75
6-car / 1.75 min,"PEAK
(High, Busy)",0.3737086003298694,0.7401699652584421,600,3400,0.030303030303030304,1.0,0.0,0,0,2,6.1,6809.837086003298
6-car / 1.75 min,"PEAK
(High, Busy)",0.0,0.0,0,0,0.0,0.0,0.0,0,0,0,5.3999999999999995,5.3999999999999995
6-car / 1.75 min,"PEAK
(High, Busy)",0.0,0.0,0,0,0.0,0.0,0.0,0,0,1,5.75,5.75
6-car / 1.75 min,"PEAK
(High, Busy)",50.857484407978035,51.21468579325448,600,3400,0.029411764705882353,1.0,0.0,0,0,1,5.75,7314.324844079781
6-car / 1.75 min,"PEAK
(High, Busy)",0.0,0.0,0,0,0.0,0.0,0.0,0,0,1,5.75,5.75
6-car / 1.75 min,"PEAK
(High, Busy)",0.0,0.0,0,0,0.0,0.0,0.0,0,0,1,5.75,5.75
6-car / 1.75 min,"PEAK
(High, Busy)",0.0,0.0,0,0,0.0,0.0,0.0,0,0,0,5.3999999999999995,5.3999999999999995
6-car / 1.75 min,"PEAK
(High, Busy)",22.711176457246506,23.069683357849897,600,3400,0.030303030303030304,1.0,0.0,0,0,2,6.1,7033.211764572465
6-car / 1.75 min,"PEAK
(High, Busy)",0.0,0.0,0,0,0.0,0.0,0.0,0,0,0,5.3999999999999995,5.3999999999999995
6-car / 1.75 min,"PEAK
(High, Busy)",32.00147517857671,32.339589534491516,600,3400,0.029411764705882353,1.0,0.0,0,0,1,5.75,7125.764751785767
6-car / 1.75 min,"PEAK
(High, Busy)",46.69369692513583,47.06931981803733,600,3400,0.030303030303030304,1.0,0.0,0,0,2,6.1,7273.036969251359
6-car / 1.75 min,"PEAK
(High, Busy)",0.0,0.0,0,0,0.0,0.0,0.0,0,0,2,6.1,6.1
6-car / 1.75 min,"PEAK
(High, Busy)",0.0,0.0,0,0,0.0,0.0,0.0,0,0,1,5.75,5.75
6-car / 1.75 min,"PEAK
(High, Busy)",31.19339336518567,31.56269651511327,600,3400,0.029411764705882353,1.0,0.0,0,0,1,5.75,7117.683933651857
6-car / 1.75 min,"PEAK
(High, Busy)",0.0,0.0,0,0,0.0,0.0,0.0,0,0,1,5.75,5.75
6-car / 1.75 min,"PEAK
(High, Busy)",19.05139451007694,19.423806605272418,600,3400,0.029411764705882353,1.0,0.0,0,0,1,5.75,6996.263945100769
6-car / 1.75 min,"PEAK
(High, Busy)",41.52519803043995,41.87615447201228,600,3400,0.02857142857142857,1.0,0.0,0,0,0,5.3999999999999995,7220.651980304399
6-car / 1.75 min,"PEAK
(High, Busy)",28.484778191274565,28.858375611724785,600,3400,0.029411764705882353,1.0,0.0,0,0,1,5.75,7090.597781912746
6-car / 1.75 min,"PEAK
(High, Busy)",13.686763234334709,14.05540697168421,600,3400,0.029411764705882353,1.0,0.0,0,0,1,5.75,6942.617632343347
6-car / 1.75 min,"PEAK
(High, Busy)",0.0,0.0,0,0,0.0,0.0,0.0,0,0,1,5.75,5.75
6-car / 1.75 min,"PEAK
(High, Busy)",0.0,0.0,0,0,0.0,0.0,0.0,0,0,1,5.75,5.75
6-car / 1.75 min,"PEAK
(High, Busy)",2.390542617424263,2.7324787952557443,600,3400,0.029411764705882353,1.0,0.0,0,0,1,5.75,6829.655426174243
6-car / 1.75 min,"PEAK
(High, Busy)",95.13873640712934,95.52019812624991,600,3400,0.029411764705882353,1.0,0.0,0,0,1,5.75,7757.137364071294
6-car / 1.75 min,"PEAK
(High, Busy)",171.8697332040088,172.24702846026454,600,3400,0.03225806451612903,1.0,0.0,0,0,4,6.8,8525.497332040088
6-car / 1.75 min,"PEAK
(High, Busy)",9.264721500142088,9.633790454725792,600,3400,0.030303030303030304,1.0,0.0,0,0,2,6.1,6898.747215001421
6-car / 1.75 min,"PEAK
(High, Busy)",39.83295144470783,40.20133886865413,600,3400,0.029411764705882353,1.0,0.0,0,0,1,5.75,7204.0795144470785
6-car / 1.75 min,"PEAK
(High, Busy)",9.65095475329301,9.996183699652978,600,3400,0.029411764705882353,1.0,0.0,0,0,1,5.75,6902.25954753293
6-car / 1.75 min,"PEAK
(High, Busy)",41.21487275684004,41.605335991990174,600,3400,0.02857142857142857,1.0,0.0,0,0,0,5.3999999999999995,7217.5487275684
6-car / 1.75 min,"PEAK
(High, Busy)",37.066558997575925,37.40405577080434,600,3400,0.030303030303030304,1.0,0.0,0,0,2,6.1,7176.765589975759
6-car / 1.75 min,"PEAK
(High, Busy)",14.984876023334309,15.338480766878092,600,3400,0.02857142857142857,1.0,0.0,0,0,0,5.3999999999999995,6955.248760233343
6-car / 1.75 min,"PEAK
(High, Busy)",221.4761078282188,221.82704037407854,600,3400,0.030303030303030304,1.0,0.0,0,0,2,6.1,9020.861078282189
6-car / 1.75 min,"PEAK
(High, Busy)",0.0,0.0,0,0,0.0,0.0,0.0,0,0,2,6.1,6.1
6-car / 1.75 min,"PEAK
(High, Busy)",19.07381935532805,19.439671464863693,600,3400,0.029411764705882353,1.0,0.0,0,0,1,5.75,6996.48819355328
6-car / 1.75 min,"PEAK
(High, Busy)",30.475074312421846,30.84814284083506,600,3400,0.029411764705882353,1.0,0.0,0,0,1,5.75,7110.500743124218
6-car / 1.75 min,"PEAK
(High, Busy)",21.279721227170715,21.62661359098535,600,3400,0.029411764705882353,1.0,0.0,0,0,1,5.75,7018.547212271707
6-car / 1.75 min,"PEAK
(High, Busy)",0.0,0.0,0,0,0.0,0.0,0.0,0,0,0,5.3999999999999995,5.3999999999999995
6-car / 1.75 min,"PEAK
(High, Busy)",0.0,0.0,0,0,0.0,0.0,0.0,0,0,0,5.3999999999999995,5.3999999999999995
6-car / 1.75 min,"PEAK
(High, Busy)",0.0,0.0,0,0,0.0,0.0,0.0,0,0,3,6.45,6.45
6-car / 1.75 min,"PEAK
(High, Busy)",1.945110057632461,2.320155035272236,600,3400,0.029411764705882353,1.0,0.0,0,0,1,5.75,6825.201100576324
6-car / 1.75 min,"PEAK
(High, Busy)",0.0,0.0,0,0,0.0,0.0,0.0,0,0,0,5.3999999999999995,5.3999999999999995
6-car / 1.75 min,"PEAK
(High, Busy)",0.0,0.0,0,0,0.0,0.0,0.0,0,0,1,5.75,5.75
6-car / 1.75 min,"PEAK
(High, Busy)",33.53991589970657,33.92965912060276,600,3400,0.029411764705882353,1.0,0.0,0,0,1,5.75,7141.149158997066
6-car / 1.75 min,"PEAK
(High, Busy)",0.0,0.0,0,0,0.0,0.0,0.0,0,0,1,5.75,5.75
6-car / 1.75 min,"PEAK
(High, Busy)",24.039173712639787,24.393916606003348,600,3400,0.030303030303030304,1.0,0.0,0,0,2,6.1,7046.491737126398
6-car / 1.75 min,"PEAK
(High, Busy)",0.0,0.0,0,0,0.0,0.0,0.0,0,0,1,5.75,5.75
6-car / 1.75 min,"PEAK
(High, Busy)",0.0,0.0,0,0,0.0,0.0,0.0,0,0,2,6.1,6.1
6-car / 1.75 min,"PEAK
(High, Busy)",4.38538617100211,4.761187423982999,600,3400,0.029411764705882353,1.0,0.0,0,0,0,5.3999999999999995,6849.253861710021
6-car / 1.75 min,"PEAK
(High, Busy)",22.65211090782662,22.989674985559997,600,3400,0.029411764705882353,1.0,0.0,0,0,1,5.75,7032.271109078266
6-car / 1.75 min,"PEAK
(High, Busy)",9.695565560063402,10.056324926923333,600,3400,0.02857142857142857,1.0,0.0,0,0,0,5.3999999999999995,6902.355655600634
6-car / 1.75 min,"PEAK
(High, Busy)",0.0,0.0,0,0,0.0,0.0,0.0,0,0,2,6.1,6.1
6-car / 1.75 min,"PEAK
(High, Busy)",0.0,0.0,0,0,0.0,0.0,0.0,0,0,2,6.1,6.1
6-car / 1.75 min,"PEAK
(High, Busy)",28.258078863907528,28.61909158571783,600,3400,0.029411764705882353,1.0,0.0,0,0,1,5.75,7088.330788639075
6-car / 1.75 min,"PEAK
(High, Busy)",0.0,0.0,0,0,0.0,0.0,0.0,0,0,0,5.3999999999999995,5.3999999999999995
6-car / 1.75 min,"PEAK
(High, Busy)",0.0,0.0,0,0,0.0,0.0,0.0,0,0,0,5.3999999999999995,5.3999999999999995
6-car / 1.75 min,"PEAK
(High, Busy)",22.05145359447227,22.4058755517785,600,3400,0.030303030303030304,1.0,0.0,0,0,2,6.1,7026.614535944723
6-car / 1.75 min,"PEAK
(High, Busy)",0.0,0.0,0,0,0.0,0.0,0.0,0,0,1,5.75,5.75
6-car / 1.75 min,"PEAK
(High, Busy)",0.0,0.0,0,0,0.0,0.0,0.0,0,0,1,5.75,5.75
6-car / 1.75 min,"PEAK
(High, Busy)",0.0,0.0,0,0,0.0,0.0,0.0,0,0,0,5.3999999999999995,5.3999999999999995
6-car / 1.75 min,"PEAK
(High, Busy)",0.0,0.0,0,0,0.0,0.0,0.0,0,0,1,5.75,5.75
6-car / 1.75 min,"PEAK
(High, Busy)",0.0,0.0,0,0,0.0,0.0,0.0,0,0,0,5.3999999999999995,5.3999999999999995
6-car / 1.75 min,"PEAK
(High, Busy)",2.836091004791429,3.185800253730715,600,3400,0.02857142857142857,1.0,0.0,0,0,0,5.3999999999999995,6833.760910047914
6-car / 1.75 min,"SURGE
(Very High)",0.0,0.0,0,0,0.0,0.0,0.0,0,0,1,5.75,5.75
6-car / 1.75 min,"SURGE
(Very High)",0.0,0.0,0,0,0.0,0.0,0.0,0,0,2,6.1,6.1
6-car / 1.75 min,"SURGE
(Very High)",21.223490537248672,21.409982386593402,600,5400,0.029411764705882353,1.0,0.0,0,0,1,5.75,11017.984905372487
6-car / 1.75 min,"SURGE
(Very High)",0.0,0.0,0,0,0.0,0.0,0.0,0,0,1,5.75,5.75
6-car / 1.75 min,"SURGE
(Very High)",66.90505147104079,67.10299719627831,600,5400,0.030303030303030304,1.0,0.0,0,0,2,6.1,11475.150514710407
6-car / 1.75 min,"SURGE
(Very High)",0.0,0.0,0,0,0.0,0.0,0.0,0,0,2,6.1,6.1
6-car / 1.75 min,"SURGE
(Very High)",0.0,0.0,0,0,0.0,0.0,0.0,0,0,1,5.75,5.75
6-car / 1.75 min,"SURGE
(Very High)",26.423940479364997,26.615124853035706,600,5400,0.030303030303030304,1.0,0.0,0,0,2,6.1,11070.33940479365
6-car / 1.75 min,"SURGE
(Very High)",68.0029683027224,68.19964726224032,600,5400,0.02857142857142857,1.0,0.0,0,0,0,5.3999999999999995,11485.429683027223
6-car / 1.75 min,"SURGE
(Very High)",0.0,0.0,0,0,0.0,0.0,0.0,0,0,2,6.1,6.1
6-car / 1.75 min,"SURGE
(Very High)",0.0,0.0,0,0,0.0,0.0,0.0,0,0,1,5.75,5.75
6-car / 1.75 min,"SURGE
(Very High)",117.11815813877753,117.31223309504632,600,5400,0.030303030303030304,1.0,0.0,0,0,2,6.1,11977.281581387775
6-car / 1.75 min,"SURGE
(Very High)",0.0,0.0,0,0,0.0,0.0,0.0,0,0,1,5.75,5.75
6-car / 1.75 min,"SURGE
(Very High)",0.0,0.0,0,0,0.0,0.0,0.0,0,0,1,5.75,5.75
6-car / 1.75 min,"SURGE
(Very High)",0.0,0.0,0,0,0.0,0.0,0.0,0,0,0,5.3999999999999995,5.3999999999999995
6-car / 1.75 min,"SURGE
(Very High)",29.599536395974972,29.80412423492134,600,5400,0.029411764705882353,1.0,0.0,0,0,1,5.75,11101.74536395975
6-car / 1.75 min,"SURGE
(Very High)",43.158942615213114,43.356693714856284,600,5400,0.029411764705882353,1.0,0.0,0,0,1,5.75,11237.339426152132
6-car / 1.75 min,"SURGE
(Very High)",66.9542683359577,67.14090203576114,600,5400,0.029411764705882353,1.0,0.0,0,0,1,5.75,11475.292683359577
6-car / 1.75 min,"SURGE
(Very High)",86.57642959617,86.77445492008648,600,5400,0.03225806451612903,1.0,0.0,0,0,4,6.8,11672.5642959617
6-car / 1.75 min,"SURGE
(Very High)",10.142847887406596,10.34471950626192,600,5400,0.03125,1.0,0.0,0,0,3,6.45,10907.878478874067
6-car / 1.75 min,"SURGE
(Very High)",0.0,0.0,0,0,0.0,0.0,0.0,0,0,1,5.75,5.75
6-car / 1.75 min,"SURGE
(Very High)",5.309413963892113,5.498750607574496,600,5400,0.02857142857142857,1.0,0.0,0,0,0,5.3999999999999995,10858.49413963892
6-car / 1.75 min,"SURGE
(Very High)",0.0,0.0,0,0,0.0,0.0,0.0,0,0,0,5.3999999999999995,5.3999999999999995
6-car / 1.75 min,"SURGE
(Very High)",4.8193820797419935,5.013122141740239,600,5400,0.029411764705882353,1.0,0.0,0,0,1,5.75,10853.94382079742
6-car / 1.75 min,"SURGE
(Very High)",3.2825584976740734,3.473819793555417,600,5400,0.030303030303030304,1.0,0.0,0,0,2,6.1,10838.925584976741
6-car / 1.75 min,"SURGE
(Very High)",9.95214325345924,10.154799726684534,600,5400,0.030303030303030304,1.0,0.0,0,0,2,6.1,10905.621432534592
6-car / 1.75 min,"SURGE
(Very High)",1.184426303837433,1.3863863836089036,600,5400,0.030303030303030304,1.0,0.0,0,0,3,6.45,10818.294263038375
6-car / 1.75 min,"SURGE
(Very High)",0.0,0.0,0,0,0.0,0.0,0.0,0,0,1,5.75,5.75
6-car / 1.75 min,"SURGE
(Very High)",0.0,0.0,0,0,0.0,0.0,0.0,0,0,1,5.75,5.75
6-car / 1.75 min,"SURGE
(Very High)",14.954469459828184,15.151019397133743,600,5400,0.029411764705882353,1.0,0.0,0,0,1,5.75,10955.294694598282
6-car / 1.75 min,"SURGE
(Very High)",0.0,0.0,0,0,0.0,0.0,0.0,0,0,0,5.3999999999999995,5.3999999999999995
6-car / 1.75 min,"SURGE
(Very High)",7.63423350181167,7.8175116793321004,600,5400,0.030303030303030304,1.0,0.0,0,0,2,6.1,10882.442335018117
6-car / 1.75 min,"SURGE
(Very High)",0.0,0.0,0,0,0.0,0.0,0.0,0,0,0,5.3999999999999995,5.3999999999999995
6-car / 1.75 min,"SURGE
(Very High)",9.067399895623494,9.25912139820476,600,5400,0.02857142857142857,1.0,0.0,0,0,0,5.3999999999999995,10896.073998956235
6-car / 1.75 min,"SURGE
(Very High)",37.47404156341172,37.66452225073305,600,5400,0.030303030303030304,1.0,0.0,0,0,2,6.1,11180.840415634117
6-car / 1.75 min,"SURGE
(Very High)",0.0,0.0,0,0,0.0,0.0,0.0,0,0,1,5.75,5.75
6-car / 1.75 min,"SURGE
(Very High)",12.87768492760974,13.072376706723476,600,5400,0.02857142857142857,1.0,0.0,0,0,0,5.3999999999999995,10934.176849276097
6-car / 1.75 min,"SURGE
(Very High)",0.0,0.0,0,0,0.0,0.0,0.0,0,0,3,6.45,6.45
6-car / 1.75 min,"SURGE
(Very High)",0.0,0.0,0,0,0.0,0.0,0.0,0,0,2,6.1,6.1
6-car / 1.75 min,"SURGE
(Very High)",12.818701762932035,13.017986868017859,600,5400,0.02857142857142857,1.0,0.0,0,0,0,5.3999999999999995,10933.587017629321
6-car / 1.75 min,"SURGE
(Very High)",89.35582207180697,89.55687301583121,600,5400,0.03125,1.0,0.0,0,0,4,6.8,11700.35822071807
6-car / 1.75 min,"SURGE
(Very High)",10.325129926074597,10.514739058883611,600,5400,0.029411764705882353,1.0,0.0,0,0,1,5.75,10909.001299260746
6-car / 1.75 min,"SURGE
(Very High)",0.0,0.0,0,0,0.0,0.0,0.0,0,0,1,5.75,5.75
6-car / 1.75 min,"SURGE
(Very High)",22.616645418273304,22.816322062285227,600,5400,0.02857142857142857,1.0,0.0,0,0,0,5.3999999999999995,11031.566454182734
6-car / 1.75 min,"SURGE
(Very High)",1.211783373760493,1.4063387591858494,600,5400,0.029411764705882353,1.0,0.0,0,0,1,5.75,10817.867833737604
6-car / 1.75 min,"SURGE
(Very High)",0.0,0.0,0,0,0.0,0.0,0.0,0,0,0,5.3999999999999995,5.3999999999999995
6-car / 1.75 min,"SURGE
(Very High)",10.103366812586518,10.300639637272894,600,5400,0.029411764705882353,1.0,0.0,0,0,1,5.75,10906.783668125865
6-car / 1.75 min,"SURGE
(Very High)",0.0,0.0,0,0,0.0,0.0,0.0,0,0,1,5.75,5.75
6-car / 1.75 min,"SURGE
(Very High)",0.0,0.0,0,0,0.0,0.0,0.0,0,0,2,6.1,6.1
6-car / 1.75 min,"SURGE
(Very High)",39.33914323287019,39.53091612298455,600,5400,0.02857142857142857,1.0,0.0,0,0,0,5.3999999999999995,11198.791432328702
6-car / 1.75 min,"SURGE
(Very High)",0.0,0.0,0,0,0.0,0.0,0.0,0,0,0,5.3999999999999995,5.3999999999999995
6-car / 1.75 min,"SURGE
(Very High)",0.0,0.0,0,0,0.0,0.0,0.0,0,0,1,5.75,5.75
6-car / 1.75 min,"SURGE
(Very High)",0.0,0.0,0,0,0.0,0.0,0.0,0,0,2,6.1,6.1
6-car / 1.75 min,"SURGE
(Very High)",0.0,0.0,0,0,0.0,0.0,0.0,0,0,0,5.3999999999999995,5.3999999999999995
6-car / 1.75 min,"SURGE
(Very High)",108.5602850364747,108.76214090729074,600,5400,0.029411764705882353,1.0,0.0,0,0,1,5.75,11891.352850364747
6-car / 1.75 min,"SURGE
(Very High)",32.46464123076102,32.65015065036391,600,5400,0.02857142857142857,1.0,0.0,0,0,0,5.3999999999999995,11130.04641230761
6-car / 1.75 min,"SURGE
(Very High)",0.0,0.0,0,0,0.0,0.0,0.0,0,0,0,5.3999999999999995,5.3999999999999995
6-car / 1.75 min,"SURGE
(Very High)",34.2954741619239,34.48537874443677,600,5400,0.03125,1.0,0.0,0,0,3,6.45,11149.404741619239
6-car / 1.75 min,"SURGE
(Very High)",0.0,0.0,0,0,0.0,0.0,0.0,0,0,3,6.45,6.45
6-car / 1.75 min,"SURGE
(Very High)",9.243659627584632,9.434766062886348,600,5400,0.030303030303030304,1.0,0.0,0,0,1,5.75,10898.186596275846
6-car / 1.75 min,"SURGE
(Very High)",0.0,0.0,0,0,0.0,0.0,0.0,0,0,1,5.75,5.75
6-car / 1.75 min,"SURGE
(Very High)",0.0,0.0,0,0,0.0,0.0,0.0,0,0,3,6.45,6.45
6-car / 1.75 min,"SURGE
(Very High)",7.997969160636354,8.197527596108733,600,5400,0.02857142857142857,1.0,0.0,0,0,0,5.3999999999999995,10885.379691606364
6-car / 1.75 min,"SURGE
(Very High)",20.81343483268772,21.00524589422043,600,5400,0.03125,1.0,0.0,0,0,2,6.1,11014.234348326878
6-car / 1.75 min,"SURGE
(Very High)",8.087348672526948,8.273759969873783,600,5400,0.03225806451612903,1.0,0.0,0,0,4,6.8,10887.673486725269
6-car / 1.75 min,"SURGE
(Very High)",62.57859165503981,62.76814971347647,600,5400,0.029411764705882353,1.0,0.0,0,0,1,5.75,11431.535916550398
6-car / 1.75 min,"SURGE
(Very High)",0.0,0.0,0,0,0.0,0.0,0.0,0,0,0,5.3999999999999995,5.3999999999999995
6-car / 1.75 min,"SURGE
(Very High)",0.0,0.0,0,0,0.0,0.0,0.0,0,0,1,5.75,5.75
6-car / 1.75 min,"SURGE
(Very High)",0.0,0.0,0,0,0.0,0.0,0.0,0,0,0,5.3999999999999995,5.3999999999999995
6-car / 1.75 min,"SURGE
(Very High)",17.460418762534196,17.657513239281307,600,5400,0.030303030303030304,1.0,0.0,0,0,1,5.75,10980.354187625342
6-car / 1.75 min,"SURGE
(Very High)",22.758621049832065,22.955128746369265,600,5400,0.03125,1.0,0.0,0,0,3,6.45,11034.036210498321
6-car / 1.75 min,"SURGE
(Very High)",34.15954346659807,34.36445194093671,600,5400,0.02857142857142857,1.0,0.0,0,0,0,5.3999999999999995,11146.995434665982
6-car / 1.75 min,"SURGE
(Very High)",29.773655655328287,29.972847249158498,600,5400,0.030303030303030304,1.0,0.0,0,0,2,6.1,11103.836556553282
6-car / 1.75 min,"SURGE
(Very High)",38.58191473692213,38.78010852351364,600,5400,0.029411764705882353,1.0,0.0,0,0,1,5.75,11191.56914736922
6-car / 1.75 min,"SURGE
(Very High)",32.71006894416036,32.904056107171726,600,5400,0.029411764705882353,1.0,0.0,0,0,0,5.3999999999999995,11132.500689441604
6-car / 1.75 min,"SURGE
(Very High)",0.0,0.0,0,0,0.0,0.0,0.0,0,0,0,5.3999999999999995,5.3999999999999995
6-car / 1.75 min,"SURGE
(Very High)",27.870238881424417,28.065273920870492,600,5400,0.030303030303030304,1.0,0.0,0,0,2,6.1,11084.802388814243
6-car / 1.75 min,"SURGE
(Very High)",0.0,0.0,0,0,0.0,0.0,0.0,0,0,2,6.1,6.1
6-car / 1.75 min,"SURGE
(Very High)",0.0,0.0,0,0,0.0,0.0,0.0,0,0,1,5.75,5.75
6-car / 1.75 min,"SURGE
(Very High)",0.0,0.0,0,0,0.0,0.0,0.0,0,0,0,5.3999999999999995,5.3999999999999995
6-car / 1.75 min,"SURGE
(Very High)",0.0,0.0,0,0,0.0,0.0,0.0,0,0,3,6.45,6.45
6-car / 1.75 min,"SURGE
(Very High)",4.683511914474203,4.877945467418267,600,5400,0.029411764705882353,1.0,0.0,0,0,0,5.3999999999999995,10852.235119144741
6-car / 1.75 min,"SURGE
(Very High)",0.0,0.0,0,0,0.0,0.0,0.0,0,0,0,5.3999999999999995,5.3999999999999995
6-car / 1.75 min,"SURGE
(Very High)",0.0,0.0,0,0,0.0,0.0,0.0,0,0,0,5.3999999999999995,5.3999999999999995
6-car / 1.75 min,"SURGE
(Very High)",0.0,0.0,0,0,0.0,0.0,0.0,0,0,0,5.3999999999999995,5.3999999999999995
6-car / 1.75 min,"SURGE
(Very High)",13.812089143685608,14.009299268156783,600,5400,0.02857142857142857,1.0,0.0,0,0,0,5.3999999999999995,10943.520891436856
6-car / 1.75 min,"SURGE
(Very High)",0.0,0.0,0,0,0.0,0.0,0.0,0,0,0,5.3999999999999995,5.3999999999999995
6-car / 1.75 min,"SURGE
(Very High)",10.510834886154504,10.702941268441677,600,5400,0.029411764705882353,1.0,0.0,0,0,1,5.75,10910.858348861546
6-car / 1.75 min,"SURGE
(Very High)",0.0,0.0,0,0,0.0,0.0,0.0,0,0,2,6.1,6.1
6-car / 1.75 min,"SURGE
(Very High)",11.98937058085482,12.184651645919557,600,5400,0.029411764705882353,1.0,0.0,0,0,1,5.75,10925.643705808548
6-car / 1.75 min,"SURGE
(Very High)",32.570349121469654,32.7689275844951,600,5400,0.029411764705882353,1.0,0.0,0,0,1,5.75,11131.453491214697
6-car / 1.75 min,"SURGE
(Very High)",0.0,0.0,0,0,0.0,0.0,0.0,0,0,1,5.75,5.75
6-car / 1.75 min,"SURGE
(Very High)",0.0,0.0,0,0,0.0,0.0,0.0,0,0,1,5.75,5.75
6-car / 1.75 min,"SURGE
(Very High)",0.0,0.0,0,0,0.0,0.0,0.0,0,0,5,7.1499999999999995,7.1499999999999995
6-car / 1.75 min,"SURGE
(Very High)",0.0,0.0,0,0,0.0,0.0,0.0,0,0,0,5.3999999999999995,5.3999999999999995
6-car / 1.75 min,"SURGE
(Very High)",46.483031775721976,46.67228018563024,600,5400,0.02857142857142857,1.0,0.0,0,0,0,5.3999999999999995,11270.23031775722
6-car / 1.75 min,"SURGE
(Very High)",0.0,0.0,0,0,0.0,0.0,0.0,0,0,2,6.1,6.1
6-car / 1.75 min,"SURGE
(Very High)",3.839145657525094,4.033991772366916,600,5400,0.03125,1.0,0.0,0,0,2,6.1,10844.491456575252
6-car / 1.75 min,"SURGE
(Very High)",8.99741107575777,9.195515841439336,600,5400,0.029411764705882353,1.0,0.0,0,0,1,5.75,10895.724110757577
6-car / 1.75 min,"SURGE
(Very High)",67.78930713055917,67.97764290198498,600,5400,0.02857142857142857,1.0,0.0,0,0,0,5.3999999999999995,11483.293071305592
6-car / 1.75 min,"DISRUPTION
(Delays + Surge)",42.76466616253594,43.02985317211868,600,4400,0.02857142857142857,1.0,0.0,0,0,0,5.3999999999999995,9233.04666162536
6-car / 1.75 min,"DISRUPTION
(Delays + Surge)",3.2839276267501307,3.5455236871378797,600,4400,0.030303030303030304,1.0,0.0,0,0,2,6.1,8838.939276267502
6-car / 1.75 min,"DISRUPTION
(Delays + Surge)",24.079515214529867,24.312078816198245,600,4400,0.029411764705882353,1.0,0.0,0,0,0,5.3999999999999995,9046.1951521453
6-car / 1.75 min,"DISRUPTION
(Delays + Surge)",0.0,0.0,0,0,0.0,0.0,0.0,0,0,2,6.1,6.1
6-car / 1.75 min,"DISRUPTION
(Delays + Surge)",0.0,0.0,0,0,0.0,0.0,0.0,0,0,2,6.1,6.1
6-car / 1.75 min,"DISRUPTION
(Delays + Surge)",23.605769060134072,23.84881655784988,600,4400,0.029411764705882353,1.0,0.0,0,0,1,5.75,9041.807690601341
6-car / 1.75 min,"DISRUPTION
(Delays + Surge)",10.555121482551797,10.79462021833715,600,4400,0.03125,1.0,0.0,0,0,2,6.1,8911.651214825519
6-car / 1.75 min,"DISRUPTION
(Delays + Surge)",0.0,0.0,0,0,0.0,0.0,0.0,0,0,4,6.8,6.8
6-car / 1.75 min,"DISRUPTION
(Delays + Surge)",15.450328580666621,15.71493901195009,600,4400,0.029411764705882353,1.0,0.0,0,0,1,5.75,8960.253285806666
6-car / 1.75 min,"DISRUPTION
(Delays + Surge)",54.707385467484336,54.95267531551148,600,4400,0.03125,1.0,0.0,0,0,3,6.45,9353.523854674844
6-car / 1.75 min,"DISRUPTION
(Delays + Surge)",0.0,0.0,0,0,0.0,0.0,0.0,0,0,3,6.45,6.45
6-car / 1.75 min,"DISRUPTION
(Delays + Surge)",0.0,0.0,0,0,0.0,0.0,0.0,0,0,2,6.1,6.1
6-car / 1.75 min,"DISRUPTION
(Delays + Surge)",5.333949680081753,5.5711909977365925,600,4400,0.02857142857142857,1.0,0.0,0,0,0,5.3999999999999995,8858.739496800818
6-car / 1.75 min,"DISRUPTION
(Delays + Surge)",35.322321220993615,35.55812716986006,600,4400,0.029411764705882353,1.0,0.0,0,0,1,5.75,9158.973212209936
6-car / 1.75 min,"DISRUPTION
(Delays + Surge)",76.32434935870445,76.57406765887113,600,4400,0.03125,1.0,0.0,0,0,3,6.45,9569.693493587045
6-car / 1.75 min,"DISRUPTION
(Delays + Surge)",0.0,0.0,0,0,0.0,0.0,0.0,0,0,1,5.75,5.75
6-car / 1.75 min,"DISRUPTION
(Delays + Surge)",0.7112159842447409,0.9845126233539133,600,4400,0.029411764705882353,1.0,0.0,0,0,1,5.75,8812.862159842447
6-car / 1.75 min,"DISRUPTION
(Delays + Surge)",11.303941650527051,11.530467480266994,600,4400,0.03125,1.0,0.0,0,0,3,6.45,8919.48941650527
6-car / 1.75 min,"DISRUPTION
(Delays + Surge)",0.0,0.0,0,0,0.0,0.0,0.0,0,0,1,5.75,5.75
6-car / 1.75 min,"DISRUPTION
(Delays + Surge)",0.0,0.0,0,0,0.0,0.0,0.0,0,0,1,5.75,5.75
6-car / 1.75 min,"DISRUPTION
(Delays + Surge)",0.0,0.0,0,0,0.0,0.0,0.0,0,0,1,5.75,5.75
6-car / 1.75 min,"DISRUPTION
(Delays + Surge)",2.692160678712338,2.943808569764439,600,4400,0.030303030303030304,1.0,0.0,0,0,2,6.1,8833.021606787124
6-car / 1.75 min,"DISRUPTION
(Delays + Surge)",0.0,0.0,0,0,0.0,0.0,0.0,0,0,3,6.45,6.45
6-car / 1.75 min,"DISRUPTION
(Delays + Surge)",0.0,0.0,0,0,0.0,0.0,0.0,0,0,0,5.3999999999999995,5.3999999999999995
6-car / 1.75 min,"DISRUPTION
(Delays + Surge)",210.0441224002564,210.3113708922052,600,4400,0.03125,1.0,0.0,0,0,3,6.45,10906.891224002564
6-car / 1.75 min,"DISRUPTION
(Delays + Surge)",8.051149895279542,8.312284286309604,600,4400,0.03571428571428571,1.0,0.0,0,0,6,7.5,8888.011498952796
6-car / 1.75 min,"DISRUPTION
(Delays + Surge)",0.0,0.0,0,0,0.0,0.0,0.0,0,0,5,7.1499999999999995,7.1499999999999995
6-car / 1.75 min,"DISRUPTION
(Delays + Surge)",0.0,0.0,0,0,0.0,0.0,0.0,0,0,2,6.1,6.1
6-car / 1.75 min,"DISRUPTION
(Delays + Surge)",0.0,0.0,0,0,0.0,0.0,0.0,0,0,1,5.75,5.75
6-car / 1.75 min,"DISRUPTION
(Delays + Surge)",0.040903398492070364,0.0955084493302215,40,0,0.00196078431372549,0.06666666666666667,0.0,0,0,0,5.3999999999999995,5.4272689323280465
6-car / 1.75 min,"DISRUPTION
(Delays + Surge)",12.782171231180152,13.04047480629651,600,4400,0.03125,1.0,0.0,0,0,3,6.45,8934.271712311802
6-car / 1.75 min,"DISRUPTION
(Delays + Surge)",0.0,0.0,0,0,0.0,0.0,0.0,0,0,1,5.75,5.75
6-car / 1.75 min,"DISRUPTION
(Delays + Surge)",19.03854747554629,19.28127995702826,600,4400,0.029411764705882353,1.0,0.0,0,0,1,5.75,8996.135474755463
6-car / 1.75 min,"DISRUPTION
(Delays + Surge)",0.0,0.0,0,0,0.0,0.0,0.0,0,0,3,6.45,6.45
6-car / 1.75 min,"DISRUPTION
(Delays + Surge)",14.434222989320139,14.698115351436718,600,4400,0.030303030303030304,1.0,0.0,0,0,2,6.1,8950.442229893202
6-car / 1.75 min,"DISRUPTION
(Delays + Surge)",0.0,0.0,0,0,0.0,0.0,0.0,0,0,0,5.3999999999999995,5.3999999999999995
6-car / 1.75 min,"DISRUPTION
(Delays + Surge)",0.0,0.0,0,0,0.0,0.0,0.0,0,0,1,5.75,5.75
6-car / 1.75 min,"DISRUPTION
(Delays + Surge)",0.0,0.0,0,0,0.0,0.0,0.0,0,0,3,6.45,6.45
6-car / 1.75 min,"DISRUPTION
(Delays + Surge)",92.64456498606245,92.91343638397922,600,4400,0.030303030303030304,1.0,0.0,0,0,2,6.1,9732.545649860625
6-car / 1.75 min,"DISRUPTION
(Delays + Surge)",0.0,0.0,0,0,0.0,0.0,0.0,0,0,2,6.1,6.1
6-car / 1.75 min,"DISRUPTION
(Delays + Surge)",3.9548426783758637,4.228710069443901,600,4400,0.03125,1.0,0.0,0,0,2,6.1,8845.648426783759
6-car / 1.75 min,"DISRUPTION
(Delays + Surge)",2.0524487583285516,2.3083822944961194,600,4400,0.030303030303030304,1.0,0.0,0,0,2,6.1,8826.624487583285
6-car / 1.75 min,"DISRUPTION
(Delays + Surge)",7.672268583186653,7.913684736996859,600,4400,0.02857142857142857,1.0,0.0,0,0,0,5.3999999999999995,8882.122685831866
6-car / 1.75 min,"DISRUPTION
(Delays + Surge)",0.0,0.0,0,0,0.0,0.0,0.0,0,0,2,6.1,6.1
6-car / 1.75 min,"DISRUPTION
(Delays + Surge)",15.791584093179956,16.050328601614297,600,4400,0.03225806451612903,1.0,0.0,0,0,4,6.8,8964.7158409318
6-car / 1.75 min,"DISRUPTION
(Delays + Surge)",0.0,0.0,0,0,0.0,0.0,0.0,0,0,1,5.75,5.75
6-car / 1.75 min,"DISRUPTION
(Delays + Surge)",32.10590872963929,32.34760699957162,600,4400,0.03125,1.0,0.0,0,0,3,6.45,9127.509087296394
6-car / 1.75 min,"DISRUPTION
(Delays + Surge)",5.478336104146265,5.730342595469022,600,4400,0.02857142857142857,1.0,0.0,0,0,0,5.3999999999999995,8860.183361041463
6-car / 1.75 min,"DISRUPTION
(Delays + Surge)",0.0,0.0,0,0,0.0,0.0,0.0,0,0,2,6.1,6.1
6-car / 1.75 min,"DISRUPTION
(Delays + Surge)",7.665530678598455,7.929975144385779,600,4400,0.030303030303030304,1.0,0.0,0,0,2,6.1,8882.755306785984
6-car / 1.75 min,"DISRUPTION
(Delays + Surge)",14.33175219476781,14.59607918167813,600,4400,0.029411764705882353,1.0,0.0,0,0,1,5.75,8949.067521947678
6-car / 1.75 min,"DISRUPTION
(Delays + Surge)",0.0,0.0,0,0,0.0,0.0,0.0,0,0,4,6.8,6.8
6-car / 1.75 min,"DISRUPTION
(Delays + Surge)",24.628988452172297,24.910795938837303,600,4400,0.02857142857142857,1.0,0.0,0,0,0,5.3999999999999995,9051.689884521724
6-car / 1.75 min,"DISRUPTION
(Delays + Surge)",0.0,0.0,0,0,0.0,0.0,0.0,0,0,3,6.45,6.45
6-car / 1.75 min,"DISRUPTION
(Delays + Surge)",42.702980744648265,42.97480026893421,600,4400,0.03125,1.0,0.0,0,0,3,6.45,9233.479807446483
6-car / 1.75 min,"DISRUPTION
(Delays + Surge)",2.0891767414377456,2.3460767329723655,600,4400,0.03571428571428571,1.0,0.0,0,0,6,7.5,8828.391767414378
6-car / 1.75 min,"DISRUPTION
(Delays + Surge)",30.67047763094761,30.924897780018394,600,4400,0.03125,1.0,0.0,0,0,2,6.1,9112.804776309476
6-car / 1.75 min,"DISRUPTION
(Delays + Surge)",0.0,0.0,0,0,0.0,0.0,0.0,0,0,3,6.45,6.45
6-car / 1.75 min,"DISRUPTION
(Delays + Surge)",0.0,0.0,0,0,0.0,0.0,0.0,0,0,3,6.45,6.45
6-car / 1.75 min,"DISRUPTION
(Delays + Surge)",2.89094264426965,3.132606343312811,600,4400,0.02857142857142857,1.0,0.0,0,0,0,5.3999999999999995,8834.309426442696
6-car / 1.75 min,"DISRUPTION
(Delays + Surge)",25.750765434922123,26.011566521033274,600,4400,0.03125,1.0,0.0,0,0,3,6.45,9063.957654349222
6-car / 1.75 min,"DISRUPTION
(Delays + Surge)",18.480037610049017,18.72821577605336,600,4400,0.03125,1.0,0.0,0,0,3,6.45,8991.25037610049
6-car / 1.75 min,"DISRUPTION
(Delays + Surge)",0.0,0.0,0,0,0.0,0.0,0.0,0,0,3,6.45,6.45
6-car / 1.75 min,"DISRUPTION
(Delays + Surge)",0.0,0.0,0,0,0.0,0.0,0.0,0,0,3,6.45,6.45
6-car / 1.75 min,"DISRUPTION
(Delays + Surge)",19.08673465459312,19.348429782415394,600,4400,0.03125,1.0,0.0,0,0,2,6.1,8996.967346545931
6-car / 1.75 min,"DISRUPTION
(Delays + Surge)",0.0,0.0,0,0,0.0,0.0,0.0,0,0,4,6.8,6.8
6-car / 1.75 min,"DISRUPTION
(Delays + Surge)",12.510770973585329,12.781772295858609,600,4400,0.029411764705882353,1.0,0.0,0,0,1,5.75,8930.857709735854
6-car / 1.75 min,"DISRUPTION
(Delays + Surge)",20.93981413416002,21.19357469005269,600,4400,0.030303030303030304,1.0,0.0,0,0,2,6.1,9015.4981413416
6-car / 1.75 min,"DISRUPTION
(Delays + Surge)",29.366299130157046,29.62636347312638,600,4400,0.03125,1.0,0.0,0,0,3,6.45,9100.11299130157
6-car / 1.75 min,"DISRUPTION
(Delays + Surge)",0.8952305058900094,1.1604218611068633,600,4400,0.03125,1.0,0.0,0,0,3,6.45,8815.4023050589
6-car / 1.75 min,"DISRUPTION
(Delays + Surge)",7.474475309667711,7.73489721823426,600,4400,0.030303030303030304,1.0,0.0,0,0,2,6.1,8880.844753096677
6-car / 1.75 min,"DISRUPTION
(Delays + Surge)",0.0,0.0,0,0,0.0,0.0,0.0,0,0,1,5.75,5.75
6-car / 1.75 min,"DISRUPTION
(Delays + Surge)",0.0,0.0,0,0,0.0,0.0,0.0,0,0,3,6.45,6.45
6-car / 1.75 min,"DISRUPTION
(Delays + Surge)",0.0,0.0,0,0,0.0,0.0,0.0,0,0,2,6.1,6.1
6-car / 1.75 min,"DISRUPTION
(Delays + Surge)",0.0,0.0,0,0,0.0,0.0,0.0,0,0,1,5.75,5.75
6-car / 1.75 min,"DISRUPTION
(Delays + Surge)",0.0,0.0,0,0,0.0,0.0,0.0,0,0,1,5.75,5.75
6-car / 1.75 min,"DISRUPTION
(Delays + Surge)",96.20576471414117,96.45455194235879,600,4400,0.029411764705882353,1.0,0.0,0,0,1,5.75,9767.807647141412
6-car / 1.75 min,"DISRUPTION
(Delays + Surge)",0.0,0.0,0,0,0.0,0.0,0.0,0,0,2,6.1,6.1
6-car / 1.75 min,"DISRUPTION
(Delays + Surge)",0.0,0.0,0,0,0.0,0.0,0.0,0,0,0,5.3999999999999995,5.3999999999999995
6-car / 1.75 min,"DISRUPTION
(Delays + Surge)",36.06417348132112,36.32793431998291,600,4400,0.030303030303030304,1.0,0.0,0,0,2,6.1,9166.741734813211
6-car / 1.75 min,"DISRUPTION
(Delays + Surge)",0.0,0.0,0,0,0.0,0.0,0.0,0,0,3,6.45,6.45
6-car / 1.75 min,"DISRUPTION
(Delays + Surge)",28.3886778175947,28.650124291005255,600,4400,0.030303030303030304,1.0,0.0,0,0,2,6.1,9089.986778175948
6-car / 1.75 min,"DISRUPTION
(Delays + Surge)",0.0,0.0,0,0,0.0,0.0,0.0,0,0,2,6.1,6.1
6-car / 1.75 min,"DISRUPTION
(Delays + Surge)",66.25299571878635,66.5192290069387,600,4400,0.03125,1.0,0.0,0,0,3,6.45,9468.979957187863
6-car / 1.75 min,"DISRUPTION
(Delays + Surge)",0.0,0.0,0,0,0.0,0.0,0.0,0,0,0,5.3999999999999995,5.3999999999999995
6-car / 1.75 min,"DISRUPTION
(Delays + Surge)",0.0,0.0,0,0,0.0,0.0,0.0,0,0,6,7.5,7.5
6-car / 1.75 min,"DISRUPTION
(Delays + Surge)",41.49992478465897,41.77816751105215,600,4400,0.03125,1.0,0.0,0,0,2,6.1,9221.09924784659
6-car / 1.75 min,"DISRUPTION
(Delays + Surge)",141.38949581336544,141.64919889746804,600,4400,0.030303030303030304,1.0,0.0,0,0,2,6.1,10219.994958133655
6-car / 1.75 min,"DISRUPTION
(Delays + Surge)",0.0,0.0,0,0,0.0,0.0,0.0,0,0,0,5.3999999999999995,5.3999999999999995
6-car / 1.75 min,"DISRUPTION
(Delays + Surge)",34.85107750932575,35.114863485283806,600,4400,0.029411764705882353,1.0,0.0,0,0,1,5.75,9154.260775093257
6-car / 1.75 min,"DISRUPTION
(Delays + Surge)",0.0,0.0,0,0,0.0,0.0,0.0,0,0,2,6.1,6.1
6-car / 1.75 min,"DISRUPTION
(Delays + Surge)",21.86227248036413,22.106709948911263,600,4400,0.03225806451612903,1.0,0.0,0,0,3,6.45,9025.072724803642
6-car / 1.75 min,"DISRUPTION
(Delays + Surge)",0.0,0.0,0,0,0.0,0.0,0.0,0,0,4,6.8,6.8
6-car / 1.75 min,"DISRUPTION
(Delays + Surge)",38.50643577392011,38.76648762427149,600,4400,0.029411764705882353,1.0,0.0,0,0,2,6.1,9191.1643577392
6-car / 1.75 min,"DISRUPTION
(Delays + Surge)",0.0,0.0,0,0,0.0,0.0,0.0,0,0,4,6.8,6.8
6-car / 1.75 min,"DISRUPTION
(Delays + Surge)",131.41649200797687,131.67263135869064,600,4400,0.034482758620689655,1.0,0.0,0,0,6,7.5,10121.66492007977
6-car / 1.75 min,"DISRUPTION
(Delays + Surge)",0.0,0.0,0,0,0.0,0.0,0.0,0,0,0,5.3999999999999995,5.3999999999999995
6-car / 1.75 min,"DISRUPTION
(Delays + Surge)",14.579052424905324,14.836754975919803,600,4400,0.02857142857142857,1.0,0.0,0,0,0,5.3999999999999995,8951.190524249054
6-car / 1.75 min,"DISRUPTION
(Delays + Surge)",0.0,0.0,0,0,0.0,0.0,0.0,0,0,3,6.45,6.45
6-car / 1.75 min,"DISRUPTION
(Delays + Surge)",0.0,0.0,0,0,0.0,0.0,0.0,0,0,0,5.3999999999999995,5.3999999999999995
6-car / 1.75 min,"CASCADING
(Failures + Delays)",0.0,0.0,0,0,0.0,0.0,0.0,0,0,2,6.1,6.1
6-car / 1.75 min,"CASCADING
(Failures + Delays)",0.0,0.0,0,0,0.0,0.0,0.0,0,0,3,6.45,6.45
6-car / 1.75 min,"CASCADING
(Failures + Delays)",0.0,0.0,0,0,0.0,0.0,0.0,0,0,0,5.3999999999999995,5.3999999999999995
6-car / 1.75 min,"CASCADING
(Failures + Delays)",21.222742946106628,21.353464546583478,600,2400,0.03125,1.0,0.0,0,0,3,6.45,5018.677429461066
6-car / 1.75 min,"CASCADING
(Failures + Delays)",91.91709151526243,92.05237141622769,600,2400,0.029411764705882353,1.0,0.0,0,0,1,5.75,5724.920915152625
6-car / 1.75 min,"CASCADING
(Failures + Delays)",0.0,0.0,0,0,0.0,0.0,0.0,0,0,6,7.5,7.5
6-car / 1.75 min,"CASCADING
(Failures + Delays)",24.37761865885089,24.50710125496724,600,2400,0.030303030303030304,1.0,0.0,0,0,2,6.1,5049.876186588509
6-car / 1.75 min,"CASCADING
(Failures + Delays)",0.0,0.0,0,0,0.0,0.0,0.0,0,0,3,6.45,6.45
6-car / 1.75 min,"CASCADING
(Failures + Delays)",0.8365530092840585,0.9541655675937442,600,2400,0.030303030303030304,1.0,0.0,0,0,2,6.1,4814.465530092841
6-car / 1.75 min,"CASCADING
(Failures + Delays)",61.17105434521175,61.28641738752045,600,2400,0.03571428571428571,1.0,0.0,0,0,7,7.85,5419.560543452118
6-car / 1.75 min,"CASCADING
(Failures + Delays)",0.0,0.0,0,0,0.0,0.0,0.0,0,0,2,6.1,6.1
6-car / 1.75 min,"CASCADING
(Failures + Delays)",0.0,0.0,0,0,0.0,0.0,0.0,0,0,3,6.45,6.45
6-car / 1.75 min,"CASCADING
(Failures + Delays)",23.98057123559837,24.113579749467036,600,2400,0.029411764705882353,1.0,0.0,0,0,1,5.75,5045.555712355984
6-car / 1.75 min,"CASCADING
(Failures + Delays)",37.033936645457395,37.16737088300975,600,2400,0.030303030303030304,1.0,0.0,0,0,2,6.1,5176.439366454574
6-car / 1.75 min,"CASCADING
(Failures + Delays)",0.0,0.0,0,0,0.0,0.0,0.0,0,0,2,6.1,6.1
6-car / 1.75 min,"CASCADING
(Failures + Delays)",0.0,0.0,0,0,0.0,0.0,0.0,0,0,2,6.1,6.1
6-car / 1.75 min,"CASCADING
(Failures + Delays)",0.0,0.0,0,0,0.0,0.0,0.0,0,0,4,6.8,6.8
6-car / 1.75 min,"CASCADING
(Failures + Delays)",0.0,0.0,0,0,0.0,0.0,0.0,0,0,3,6.45,6.45
6-car / 1.75 min,"CASCADING
(Failures + Delays)",0.0,0.0,0,0,0.0,0.0,0.0,0,0,1,5.75,5.75
6-car / 1.75 min,"CASCADING
(Failures + Delays)",24.61670086119659,24.74425573489512,600,2400,0.030303030303030304,1.0,0.0,0,0,1,5.75,5051.917008611966
6-car / 1.75 min,"CASCADING
(Failures + Delays)",22.089800592910652,22.225239834390393,600,2400,0.029411764705882353,1.0,0.0,0,0,1,5.75,5026.648005929106
6-car / 1.75 min,"CASCADING
(Failures + Delays)",0.0,0.0,0,0,0.0,0.0,0.0,0,0,3,6.45,6.45
6-car / 1.75 min,"CASCADING
(Failures + Delays)",86.14012973339567,86.27102510787903,600,2400,0.03125,1.0,0.0,0,0,3,6.45,5667.851297333957
6-car / 1.75 min,"CASCADING
(Failures + Delays)",23.026937291375223,23.148707810458227,600,2400,0.03225806451612903,1.0,0.0,0,0,4,6.8,5037.069372913752
6-car / 1.75 min,"CASCADING
(Failures + Delays)",0.0,0.0,0,0,0.0,0.0,0.0,0,0,2,6.1,6.1
6-car / 1.75 min,"CASCADING
(Failures + Delays)",20.177512258236977,20.308666892692138,600,2400,0.03225806451612903,1.0,0.0,0,0,4,6.8,5008.57512258237
6-car / 1.75 min,"CASCADING
(Failures + Delays)",0.0,0.0,0,0,0.0,0.0,0.0,0,0,0,5.3999999999999995,5.3999999999999995
6-car / 1.75 min,"CASCADING
(Failures + Delays)",0.0,0.0,0,0,0.0,0.0,0.0,0,0,2,6.1,6.1
6-car / 1.75 min,"CASCADING
(Failures + Delays)",11.041154793030385,11.16614460001224,600,2400,0.030303030303030304,1.0,0.0,0,0,2,6.1,4916.511547930304
6-car / 1.75 min,"CASCADING
(Failures + Delays)",0.0,0.0,0,0,0.0,0.0,0.0,0,0,3,6.45,6.45
6-car / 1.75 min,"CASCADING
(Failures + Delays)",0.0,0.0,0,0,0.0,0.0,0.0,0,0,1,5.75,5.75
6-car / 1.75 min,"CASCADING
(Failures + Delays)",0.0,0.0,0,0,0.0,0.0,0.0,0,0,4,6.8,6.8
6-car / 1.75 min,"CASCADING
(Failures + Delays)",10.824142898526572,10.948864041967122,600,2400,0.03125,1.0,0.0,0,0,3,6.45,4914.691428985266
6-car / 1.75 min,"CASCADING
(Failures + Delays)",136.14967362769318,136.27368197179854,600,2400,0.030303030303030304,1.0,0.0,0,0,2,6.1,6167.596736276932
6-car / 1.75 min,"CASCADING
(Failures + Delays)",48.230563309638725,48.36615651428817,600,2400,0.03333333333333333,1.0,0.0,0,0,5,7.1499999999999995,5289.455633096387
6-car / 1.75 min,"CASCADING
(Failures + Delays)",0.0,0.0,0,0,0.0,0.0,0.0,0,0,5,7.1499999999999995,7.1499999999999995
6-car / 1.75 min,"CASCADING
(Failures + Delays)",0.0,0.0,0,0,0.0,0.0,0.0,0,0,2,6.1,6.1
6-car / 1.75 min,"CASCADING
(Failures + Delays)",8.478727232681313,8.59944679689794,600,2400,0.037037037037037035,1.0,0.0,0,0,7,7.85,4892.637272326813
6-car / 1.75 min,"CASCADING
(Failures + Delays)",0.0,0.0,0,0,0.0,0.0,0.0,0,0,1,5.75,5.75
6-car / 1.75 min,"CASCADING
(Failures + Delays)",0.0,0.0,0,0,0.0,0.0,0.0,0,0,2,6.1,6.1
6-car / 1.75 min,"CASCADING
(Failures + Delays)",0.0,0.0,0,0,0.0,0.0,0.0,0,0,5,7.1499999999999995,7.1499999999999995
6-car / 1.75 min,"CASCADING
(Failures + Delays)",204.17720281169642,204.30290920036165,600,2400,0.03225806451612903,1.0,0.0,0,0,4,6.8,6848.572028116964
6-car / 1.75 min,"CASCADING
(Failures + Delays)",0.0,0.0,0,0,0.0,0.0,0.0,0,0,3,6.45,6.45
6-car / 1.75 min,"CASCADING
(Failures + Delays)",0.0,0.0,0,0,0.0,0.0,0.0,0,0,2,6.1,6.1
6-car / 1.75 min,"CASCADING
(Failures + Delays)",0.0,0.0,0,0,0.0,0.0,0.0,0,0,1,5.75,5.75
6-car / 1.75 min,"CASCADING
(Failures + Delays)",0.0,0.0,0,0,0.0,0.0,0.0,0,0,2,6.1,6.1
6-car / 1.75 min,"CASCADING
(Failures + Delays)",0.0,0.0,0,0,0.0,0.0,0.0,0,0,4,6.8,6.8
6-car / 1.75 min,"CASCADING
(Failures + Delays)",36.09979179865586,36.237483393341975,600,2400,0.03125,1.0,0.0,0,0,3,6.45,5167.447917986558
6-car / 1.75 min,"CASCADING
(Failures + Delays)",0.0,0.0,0,0,0.0,0.0,0.0,0,0,1,5.75,5.75
6-car / 1.75 min,"CASCADING
(Failures + Delays)",27.14994974920603,27.278603840709405,600,2400,0.029411764705882353,1.0,0.0,0,0,1,5.75,5077.24949749206
6-car / 1.75 min,"CASCADING
(Failures + Delays)",0.0,0.0,0,0,0.0,0.0,0.0,0,0,2,6.1,6.1
6-car / 1.75 min,"CASCADING
(Failures + Delays)",20.05455946976689,20.182529064211113,600,2400,0.030303030303030304,1.0,0.0,0,0,3,6.45,5006.995594697669
6-car / 1.75 min,"CASCADING
(Failures + Delays)",19.69921085110616,19.821663929685098,600,2400,0.03333333333333333,1.0,0.0,0,0,5,7.1499999999999995,5004.142108511061
6-car / 1.75 min,"CASCADING
(Failures + Delays)",63.87783647915553,63.99997380021635,600,2400,0.029411764705882353,1.0,0.0,0,0,1,5.75,5444.528364791555
6-car / 1.75 min,"CASCADING
(Failures + Delays)",87.91681270918231,88.04234238238345,600,2400,0.03125,1.0,0.0,0,0,3,6.45,5685.618127091823
6-car / 1.75 min,"CASCADING
(Failures + Delays)",40.25435078656577,40.383121102210026,600,2400,0.030303030303030304,1.0,0.0,0,0,2,6.1,5208.643507865658
6-car / 1.75 min,"CASCADING
(Failures + Delays)",9.399876441858586,9.520129654709933,600,2400,0.030303030303030304,1.0,0.0,0,0,2,6.1,4900.098764418586
6-car / 1.75 min,"CASCADING
(Failures + Delays)",4.319608196382192,4.447842994433593,600,2400,0.030303030303030304,1.0,0.0,0,0,2,6.1,4849.296081963822
6-car / 1.75 min,"CASCADING
(Failures + Delays)",16.818837399278447,16.9406682085826,600,2400,0.030303030303030304,1.0,0.0,0,0,1,5.75,4973.938373992784
6-car / 1.75 min,"CASCADING
(Failures + Delays)",16.126824193916452,16.251751615051923,600,2400,0.03125,1.0,0.0,0,0,3,6.45,4967.718241939165
6-car / 1.75 min,"CASCADING
(Failures + Delays)",0.0,0.0,0,0,0.0,0.0,0.0,0,0,7,7.85,7.85
6-car / 1.75 min,"CASCADING
(Failures + Delays)",0.0,0.0,0,0,0.0,0.0,0.0,0,0,3,6.45,6.45
6-car / 1.75 min,"CASCADING
(Failures + Delays)",45.71864436114784,45.84683176993444,600,2400,0.03125,1.0,0.0,0,0,3,6.45,5263.636443611478
6-car / 1.75 min,"CASCADING
(Failures + Delays)",0.0,0.0,0,0,0.0,0.0,0.0,0,0,3,6.45,6.45
6-car / 1.75 min,"CASCADING
(Failures + Delays)",23.11052857792715,23.24801257325222,600,2400,0.03333333333333333,1.0,0.0,0,0,5,7.1499999999999995,5038.255285779272
6-car / 1.75 min,"CASCADING
(Failures + Delays)",0.0,0.0,0,0,0.0,0.0,0.0,0,0,4,6.8,6.8
6-car / 1.75 min,"CASCADING
(Failures + Delays)",19.14233409898539,19.27575048244525,600,2400,0.03225806451612903,1.0,0.0,0,0,5,7.1499999999999995,4998.573340989854
6-car / 1.75 min,"CASCADING
(Failures + Delays)",0.0,0.0,0,0,0.0,0.0,0.0,0,0,6,7.5,7.5
6-car / 1.75 min,"CASCADING
(Failures + Delays)",0.0,0.0,0,0,0.0,0.0,0.0,0,0,8,8.2,8.2
6-car / 1.75 min,"CASCADING
(Failures + Delays)",0.0,0.0,0,0,0.0,0.0,0.0,0,0,2,6.1,6.1
6-car / 1.75 min,"CASCADING
(Failures + Delays)",18.15790226437782,18.282762527727638,600,2400,0.03125,1.0,0.0,0,0,3,6.45,4988.029022643778
6-car / 1.75 min,"CASCADING
(Failures + Delays)",16.653160520620787,16.782722529142593,600,2400,0.034482758620689655,1.0,0.0,0,0,6,7.5,4974.031605206208
6-car / 1.75 min,"CASCADING
(Failures + Delays)",0.73242699596648,0.8500001909301085,600,2400,0.029411764705882353,1.0,0.0,0,0,2,6.1,4813.424269959665
6-car / 1.75 min,"CASCADING
(Failures + Delays)",51.75296766337343,51.87855176760165,600,2400,0.029411764705882353,1.0,0.0,0,0,0,5.3999999999999995,5322.929676633734
6-car / 1.75 min,"CASCADING
(Failures + Delays)",0.0,0.0,0,0,0.0,0.0,0.0,0,0,3,6.45,6.45
6-car / 1.75 min,"CASCADING
(Failures + Delays)",0.0,0.0,0,0,0.0,0.0,0.0,0,0,1,5.75,5.75
6-car / 1.75 min,"CASCADING
(Failures + Delays)",0.0,0.0,0,0,0.0,0.0,0.0,0,0,4,6.8,6.8
6-car / 1.75 min,"CASCADING
(Failures + Delays)",49.77057411078493,49.889393394481516,600,2400,0.030303030303030304,1.0,0.0,0,0,3,6.45,5304.155741107849
6-car / 1.75 min,"CASCADING
(Failures + Delays)",18.88719273647699,19.006228019411278,600,2400,0.029411764705882353,1.0,0.0,0,0,2,6.1,4994.97192736477
6-car / 1.75 min,"CASCADING
(Failures + Delays)",123.0929521788005,123.22190978491804,600,2400,0.030303030303030304,1.0,0.0,0,0,2,6.1,6037.029521788005
6-car / 1.75 min,"CASCADING
(Failures + Delays)",11.595860133927973,11.731733699523947,600,2400,0.03125,1.0,0.0,0,0,3,6.45,4922.40860133928
6-car / 1.75 min,"CASCADING
(Failures + Delays)",39.91010660577911,40.045933553207874,600,2400,0.037037037037037035,1.0,0.0,0,0,8,8.2,5207.301066057791
6-car / 1.75 min,"CASCADING
(Failures + Delays)",23.75660132335853,23.881178314432322,600,2400,0.030303030303030304,1.0,0.0,0,0,2,6.1,5043.6660132335855
6-car / 1.75 min,"CASCADING
(Failures + Delays)",0.0,0.0,0,0,0.0,0.0,0.0,0,0,5,7.1499999999999995,7.1499999999999995
6-car / 1.75 min,"CASCADING
(Failures + Delays)",0.0,0.0,0,0,0.0,0.0,0.0,0,0,2,6.1,6.1
6-car / 1.75 min,"CASCADING
(Failures + Delays)",3.9726361723761374,4.098360852849317,600,2400,0.030303030303030304,1.0,0.0,0,0,1,5.75,4845.476361723761
6-car / 1.75 min,"CASCADING
(Failures + Delays)",0.0,0.0,0,0,0.0,0.0,0.0,0,0,3,6.45,6.45
6-car / 1.75 min,"CASCADING
(Failures + Delays)",50.50770493278189,50.634338503105276,600,2400,0.03333333333333333,1.0,0.0,0,0,5,7.1499999999999995,5312.227049327819
6-car / 1.75 min,"CASCADING
(Failures + Delays)",0.0,0.0,0,0,0.0,0.0,0.0,0,0,1,5.75,5.75
6-car / 1.75 min,"CASCADING
(Failures + Delays)",14.251810437636577,14.370040609028319,600,2400,0.03225806451612903,1.0,0.0,0,0,5,7.1499999999999995,4949.668104376366
6-car / 1.75 min,"CASCADING
(Failures + Delays)",0.0,0.0,0,0,0.0,0.0,0.0,0,0,5,7.1499999999999995,7.1499999999999995
6-car / 1.75 min,"CASCADING
(Failures + Delays)",115.2807822492086,115.41401824701391,600,2400,0.03333333333333333,1.0,0.0,0,0,5,7.1499999999999995,5959.957822492086
6-car / 1.75 min,"CASCADING
(Failures + Delays)",42.13539199648101,42.267887525703564,600,2400,0.03125,1.0,0.0,0,0,2,6.1,5227.45391996481
6-car / 1.75 min,"CASCADING
(Failures + Delays)",0.0,0.0,0,0,0.0,0.0,0.0,0,0,3,6.45,6.45
6-car / 1.75 min,"CASCADING
(Failures + Delays)",0.0,0.0,0,0,0.0,0.0,0.0,0,0,2,6.1,6.1
6-car / 1.75 min,"CASCADING
(Failures + Delays)",50.27195229731273,50.3935876759722,600,2400,0.029411764705882353,1.0,0.0,0,0,1,5.75,5308.469522973127
6-car / 1.75 min,"CASCADING
(Failures + Delays)",0.0,0.0,0,0,0.0,0.0,0.0,0,0,2,6.1,6.1
6-car / 1.75 min,"CASCADING
(Failures + Delays)",0.13242697396231984,0.2582936096470783,567,0,0.028636363636363633,0.945,0.0,0,0,2,6.1,7.351434903943922
6-car / 1.75 min,"CASCADING
(Failures + Delays)",24.386485382742645,24.516485093187754,600,2400,0.03125,1.0,0.0,0,0,2,6.1,5049.964853827427
6-car / 1.75 min,"CASCADING
(Failures + Delays)",11.749030767266076,11.879117398935145,600,2400,0.030303030303030304,1.0,0.0,0,0,2,6.1,4923.590307672661
